feature_0,feature_1,feature_2,feature_3,feature_4,feature_5,feature_6,feature_7,feature_8,feature_9,label
1.6759545347721903,-0.13796092258232334,-0.6584460385217168,-0.937074280147968,1.2493487077663223,-0.7792478244102747,-0.371179100017682,1.0417349079187792,0.6374816048363169,-0.33290932998667877,0
4.385231705463488,-7.079042543639875,-2.8742534286211265,2.3536302617762273,1.8780083908318108,3.5342703592027958,-4.420059845838045,-11.265537058455827,7.426756203065875,-7.220952412208313,3
0.3317848012022826,-1.5626569501149992,1.253550166497368,1.7063306195386507,-0.5101838860318426,-1.9098715729225866,0.7711128068029514,-0.6730924391780935,0.5354487950852501,2.202170466567038,0
12.305766700252455,7.1523422031916795,-5.355011404931958,4.54877596296539,-12.810480570665272,-3.8165818588698945,-6.019994658809684,7.26132812220176,-7.920543068742498,2.724222726873935,1
1.862995915519793,1.2566136026534809,-1.6423579153905978,-0.7962136850857378,0.8709232920677197,0.4572830480432015,0.42593178264631393,0.19085270575958982,0.9511998850679138,0.7809766043974591,0
11.67779901904799,8.779214679511837,-7.685084875009549,5.515486627429703,-10.738361878100097,-3.660746604383054,-6.415612419843996,7.930798566200045,-7.2801923278083756,1.0537942300711463,1
11.509809388232147,10.103289503207192,-5.946433472657635,4.319870034220093,-11.126772152237471,-4.155505010646037,-3.768260300549633,6.586797712741974,-8.18677037438757,4.397267948327313,1
4.451621153289187,-9.50053693238706,-3.1077293371075934,4.69128485330615,0.9719087529780925,4.0902011802978615,-5.697371022683644,-9.4985370500095,5.7204581027407215,-6.159765495528754,3
1.1826800550659773,0.8089526613585721,1.0797170071942606,1.376827361965034,0.20225039552923285,-0.21254991342059257,-1.3681772079254038,-0.2981054052157986,-0.1448884023308962,-0.9496845733242552,0
10.576138425089695,10.645382772500932,-4.253728330719991,3.420654406307653,-9.84702577184524,-2.6212646965103996,-6.084571053550247,5.3224207549894516,-6.692385455742493,2.7840910754597874,1
10.882649495497619,9.590593793465079,-6.807634718536862,4.532551130550675,-9.232648607172926,-3.2800771628433787,-6.46631706202412,8.500801206711678,-7.5187026270112245,1.8032630904256515,1
4.373353967515119,-7.616973534134807,-3.199378403245845,4.352307986473418,1.218931976514372,3.8269180477023665,-4.104315650362351,-8.478387648246864,7.492493800312998,-6.143780070805875,3
12.471451564925681,10.74908428395394,-5.977097463752362,4.396702545137931,-10.411766278168454,-2.5374929407576516,-5.8654828132601695,7.414761805417543,-9.168413289739037,1.8641652426000952,1
4.197221494687903,-6.488726034675382,-3.435274121936086,1.6096275570001926,0.4415409502879347,4.548120217769319,-3.3500519892431395,-9.7070616027836,6.358012178776898,-3.510116946858437,3
-1.2858026340645248,0.873771996048796,-0.29764257302142966,2.57107015662954,-0.3807944311392094,-0.5423083361256184,0.4255357748572663,-0.20890853220863959,-0.7584629622998692,-0.9702767839358374,0
0.021993992804293625,1.9131450564730104,0.5176044609906912,-0.8409683606310597,-1.0279696769286086,-0.9870969204522275,0.4895045009181733,-0.34151367231905744,0.3332937166127775,0.9363962849613726,0
5.424549747011367,-7.392358976829351,-3.4019274080232034,4.2289932785643,-1.065336662816614,4.31680074372288,-3.753820130119035,-11.666190361026555,7.0123637893882025,-4.8770352917304205,3
-0.018882161569169872,0.6730491737307212,10.128294491946054,9.996829646093197,-1.6435588147660698,-1.1740770230651678,-10.227706819096964,1.3314375789548876,9.80315336461412,0.45387096815813743,2
0.7196205675830655,-2.0564627733266874,10.401437548460155,11.551876669561326,-0.25965173903670813,-2.487393538726846,-11.426442149945448,0.18378148282355009,13.298383441992641,0.05164977536158055,2
3.8422696310746742,-7.9909784484537365,-1.99104073519222,1.5686404229450983,0.532440364839956,5.747537588968583,-5.218622605427068,-10.587745101596765,5.2456159070891,-6.429832654331123,3
3.695331347832952,-8.265593727777736,-3.1335243948604754,1.8000751282200995,0.920137468534307,2.8256655833431665,-2.769191154761222,-11.66262909597762,6.419526886537943,-7.886019337833267,3
1.2020025384680104,-0.1327352026461722,-0.2864335185057189,0.48385340296412244,-0.5595062655451949,0.2955004831135006,0.06350146467145669,-0.4904144607484205,0.9807372318674138,0.6459879389507739,0
2.1936428911989267,-9.73666597909151,-1.3857195537835765,3.179428712792147,2.43282587029468,4.91686593679406,-3.6855635143953527,-10.284456677413328,10.3212226666326,-4.5642909988731635,3
-0.7589181720939729,-0.13451180006828356,10.6661403556659,10.072167893462618,-0.469287884199554,-3.2736551084555003,-10.348248193908663,-2.518845438392782,12.645206541818723,-0.8775875072695384,2
10.106417945161956,10.672547044259888,-5.286254180370277,5.013970470525698,-11.707230539216095,-3.8606684495422616,-7.102704966971773,6.847208246585094,-6.72443619022874,3.041369019306977,1
3.520555778007134,-7.445685940159091,-1.4369308668818395,3.795473619311865,0.7591429544438014,6.134498046529389,-4.7588994308835115,-9.926459156026846,7.448991473968227,-5.115654021574355,3
9.851468292965812,9.29841335773089,-4.975208082234005,6.204328972802729,-11.979353570319786,-2.3117023018741323,-5.967258578650677,6.091455960511131,-8.808546997639999,2.3560381650819213,1
1.2780615358825722,-1.630645536554475,11.051394506351325,10.530217095228814,-2.328959137891018,-1.567188097939514,-10.057811050397465,-0.67856862151562,10.827035230527423,-0.39419475615608496,2
3.3528205576059973,-8.589293460835009,-1.6799481064686517,3.7502841971962493,1.8079419997155164,4.846363484021849,-3.942754689070572,-9.761973711770645,7.8994207729293136,-5.53345572553364,3
-1.1346233258409886,-0.27635261046030546,11.348965548421651,10.987982643535965,-1.377529878657035,-2.03362775333308,-8.608795781341506,-0.11510957476986719,10.79853889498274,0.2913265289955478,2
3.920967485313959,-8.41150508975955,-2.7128172868305773,2.8423819415553067,1.7829220850346301,5.483441267917586,-4.025615491326264,-12.248811529937043,5.730230114128642,-4.858439592922601,3
4.264465526970087,-8.175212893419102,-1.2548017416525277,3.5910695349984727,1.7918237241575454,5.211106925863352,-4.049651416787268,-12.924725726362507,8.14786404595373,-8.11702869167075,3
-0.2756387660551266,-0.14159304810369086,-1.001666513620925,0.7881435439709441,-1.0634633671223397,-2.1029017310550335,-0.20733877253321994,0.915019924919956,0.07983079188297652,-1.164797015080235,0
0.7006525500269745,0.5121445264962363,-0.5352485471564018,-0.1816695614667046,-1.1795275861432954,0.46433865463762597,1.6033602671351217,0.4622008990673889,-0.6950007358270536,0.9947918526992257,0
11.583286498066595,9.341840032383113,-4.335692066956094,4.359684556790794,-10.298851613231673,-2.0877190379005226,-4.609070077716703,7.895319441376802,-7.9791683863714695,2.1767933133967476,1
-1.2824002643804635,1.11530499839226,-0.5829942741584911,0.4002894967438871,-0.25156812800309686,0.38883415779245845,0.4434402203646929,-0.14466326021010456,-1.8659645482942695,1.0910151094082408,0
11.733795284326815,10.197437545706006,-6.083241852055318,5.089795253736086,-11.162810515538483,-2.2331256467987295,-6.25557617106657,7.187712392858067,-8.06101944986993,4.249945672302869,1
10.847127015534731,9.821645164179055,-4.387654105081459,2.8795825515126694,-9.139882210685732,-1.3765946472028194,-6.069759739136113,5.72079193844627,-7.862275795227174,1.8599297099337098,1
4.478676796780133,-8.727698284418214,-4.127857454700867,2.869037599002247,0.5653616974753479,2.913437950941051,-4.622673504316232,-11.09756687314302,6.1351141204864925,-5.645112951447414,3
4.582546664119676,-8.765489259764939,-1.2823998798939926,0.827116703707754,-0.36938693972661896,4.14305238716408,-2.6144052979752215,-11.060712112424001,4.959513305294786,-6.309078633621967,3
9.39404531305035,9.445703985399183,-5.001539599551795,5.449713832674752,-11.029467709764967,-3.6615358961294184,-6.931563326383694,6.3929135737563545,-7.593309377457871,3.285062093271862,1
11.57550913958702,11.971807644730571,-5.689789088580705,4.902087478112081,-10.050385934512352,-2.305102281225105,-5.200797612708062,5.183424750359744,-6.892112370234455,5.081786730237313,1
10.647284290045793,11.577005985249656,-5.40914465666256,5.129961219911799,-10.854508908795166,-1.8219627791960509,-3.3738493575123236,6.496627767831037,-7.977819920275337,2.485516269746353,1
10.65834641364645,9.34804742461937,-4.699557188028667,4.408876508057937,-10.659149222126619,-2.7724545783377823,-4.899828534235331,6.709007949672873,-7.525042118282474,4.093970725537113,1
0.31440042072718183,0.8126103038932778,0.31118274110024347,-1.0264942761895863,-0.5354154703402195,-0.6261365312489221,0.539053050405821,0.5635974532399672,0.6946318880808704,0.3010358546723531,0
11.182812949884529,9.950601348153981,-4.9770549729757025,4.606892296806286,-9.461154429450184,-1.0794300582892447,-6.083457269576423,6.251017365724743,-6.776545526954318,4.503629786671908,1
0.6315781585133993,-0.2219162337660332,8.144292853276633,10.077109997149526,-0.654123131136666,-0.960318947211362,-9.094620461241243,1.3398980216894527,12.27119922952893,-0.39163593859807644,2
3.882656695473516,-7.577548153486302,-2.687464495171504,4.018642844426365,1.137729131246727,4.4200830666411175,-2.146992591722021,-11.36898582466972,5.057383325281313,-5.27281773723475,3
10.941277542870246,9.500759699786988,-4.726066240906521,4.542339832920537,-9.788359105780117,-2.3371619626620976,-6.529569122344862,6.717646234948773,-9.282976191663066,2.9775346494792094,1
10.36055914212888,11.692284607048862,-6.658066634504895,4.852394956346336,-10.017831014504718,-1.5775298413252759,-5.557361875315484,5.905362237833948,-8.320841670310356,2.932481405214655,1
-0.22858480832683586,-0.001123160305806167,0.17670735122650694,-0.9442167142768114,-0.06799786041492521,-0.3141213472548699,1.0847442427539598,-0.9950783093212762,-0.017378600008166226,-0.6853851123404602,0
10.017790936718686,11.623370627913895,-6.196120314791559,4.093406457214514,-8.498096411706614,-1.843711615943782,-4.175875473054839,6.2434999843553864,-7.697395310565615,1.9793751170355534,1
-0.37248612150535443,0.6122326867911058,-1.335052095426896,-1.090167849208967,0.6473256114622247,1.0445612757853708,-0.3897168901934041,-1.8486356916305207,-0.1675573394012255,0.18940590077956157,0
11.160224724798784,8.994998673821682,-5.051747143775527,4.527487234601046,-10.743618980527094,-3.4000813905552567,-5.333086128900382,7.912451271490443,-7.75451341534101,2.85784196100112,1
-2.003373748891115,0.8484893276377898,-0.4430533997579966,1.2204495221749012,-0.6448176215288473,0.9824943391405768,1.296083449079435,-0.46694227575382025,0.880450194105647,-1.3285446781163972,0
0.3213763190814564,-0.47853830042295376,0.5190622236049256,-0.9774746369387358,0.5461283531935511,-0.7934964583353113,2.0203595354706008,0.060100193906401,0.6498230520728239,-0.786065099652139,0
3.6758645758260187,-7.68134490160438,-1.9299625559552351,3.7716936863682227,0.3536465105077423,6.945125186470561,-2.5340179379150634,-11.674088507724168,7.544680519161302,-5.597787263191681,3
5.366322465653472,-6.5625391406781866,-2.230926348465718,1.7271493486592742,0.8234164045688342,4.384238189610061,-2.717952146580356,-10.29268401117707,6.6134876094134,-6.625258657373872,3
1.5330039507269395,1.2127375142624297,-0.6252110290491393,-0.7249332014021351,0.6686766253513171,0.2600606381128221,-0.40200461633872037,0.7212265437487376,-1.4424829255929468,0.1150015278524572,0
12.323658534953069,9.065894020684345,-7.042002033272847,3.9982883112696457,-10.25717830998913,-1.6561032165207115,-5.254970472588187,6.262395066067755,-8.776516518716871,3.2814327441010835,1
10.732102024213088,8.472498768088006,-4.662996381123309,5.255513877518288,-8.988452862251087,-2.8914037597825373,-5.607101863957831,4.733663513664318,-8.36834949559998,2.746600067302121,1
-0.13284401269465462,-0.198719437899041,10.293789649781518,10.085017089478958,0.23296970074301704,-2.6833333681218035,-8.89554213075178,-1.265575153050568,10.774018602876898,-0.7533066618755355,2
5.0730032678520764,-8.005462937472087,-0.9476266708894525,3.7808897170471347,0.8120281833894967,3.6761642404621186,-4.196612820224073,-10.726851479188698,8.224566076891351,-4.8161285290025635,3
-1.5184536589670916,-0.08923866654242166,0.5396545952539643,-0.3515118018992803,0.25582964843439365,-0.48755188204447686,0.9091963516995218,-0.7992857138662712,-1.14207823909438,0.028926864061550688,0
-0.7900759535982739,1.6129967172496562,0.17694618489376554,-0.3221813710485574,0.7581783083512642,-1.3399910695748851,1.1068635892603587,-0.1394447064084494,0.6007877156684375,-1.5478734610230862,0
3.046749666000803,-7.708752145876119,-2.5006602319181677,2.205795434970365,-0.48404086128577606,6.407054052484312,-2.839255644654329,-10.664876547151438,6.767364987604389,-5.884724126759072,3
4.9894161339427665,-7.329141032965466,-4.568788522799916,2.2466550579164437,0.5864057680928157,4.928604089903978,-4.495024317271476,-11.83619335835121,6.272401493479868,-4.972777618300716,3
-1.7618339895314747,0.9932141274860892,-1.1368887631303972,0.7041826453334828,0.1320007655425615,-0.05209446412348703,-1.3023663190646029,-1.2890500046726057,0.3899343863125882,0.07921682442001851,0
4.526264114251276,-8.202993617897345,-3.160836134654481,3.38190288331929,-1.2571022950077755,4.400446766596967,-4.437212956620817,-11.601167338965066,4.95187430020901,-5.384379598096126,3
6.027297244981227,-7.614007423917118,-2.1823389350081728,3.4304741102903464,1.7391980057547758,5.259723162586106,-2.9523363489321053,-11.06534690526264,5.756329087965466,-6.122688963828095,3
-1.3958600787637274,0.9422544141820767,-0.8326042490427499,0.5298378960650637,0.2630404513455334,1.2154327701278818,-1.3637914884078566,0.39420584096125216,-0.06541445813544404,-0.7897743406749475,0
0.7852309804224555,-1.607717533220674,-0.6618977161867982,0.004199377329229072,0.042728130505955954,0.6940364054767219,-0.9145885803935441,-0.46801028500299935,0.5073496608803697,-2.198560739357011,0
0.41054311521812575,-1.178266409782513,9.780836747220482,9.939391051110075,-0.7188145042865914,-1.239324877132319,-10.016306277024217,-0.07412691840734141,12.212953605131583,-0.08952092949453083,2
1.8999396666228892,-2.0106939095820673,-2.5890639346884994,2.062212524038256,0.7534336932473364,-0.5713715869529101,0.1715987730679549,0.24321762256106638,-0.5955207903359794,0.141778370691434,0
4.9763986662378095,-7.845270364374915,-2.5913248690485333,2.737188077528702,-0.26940224478904284,5.644827929559496,-3.3061179736055255,-10.980559386002549,5.947528453348932,-6.810320363766925,3
2.378453556755442,-7.761148555980236,-1.8009138058615832,3.923523249799609,0.6441867503763161,5.432607135098594,-5.230069987283075,-10.259805169192644,6.414591931137115,-5.693850504915663,3
-0.4436804805395061,-0.43258705853878066,10.347348622680855,10.262785184352838,-0.17837290000220063,-2.8777216447426794,-7.801403220603872,-0.8019261416757065,10.379171595531679,-2.191150059402707,2
10.950785513849647,10.995814097120924,-3.4983212473925414,5.0144172489868115,-11.527550955981486,-1.2701819934141836,-4.999903947494308,6.793709498793232,-6.161066510671789,1.4384649426684057,1
-0.8656599982492527,-1.8475594443674184,10.30678461081949,10.94718109949028,-1.0902827356347762,-0.5910138807015117,-8.291466887085287,-0.3764918099412466,10.429109241261575,0.2190105750689899,2
4.367674954609898,-8.041587515116023,-2.9547914069990227,0.875336583187825,0.633420733406575,4.199175380762481,-4.450314987781147,-11.43149892271731,4.761287672827142,-6.016567194883777,3
0.5730939272439957,-1.008855032523329,0.2527492242440023,-0.44900257875385663,1.3214587758760035,-1.1146254029796279,-1.002516269564054,-0.35957021803681016,-0.9256437150138387,-0.2243810129869122,0
-0.3472907381533582,-0.9607292638076759,-0.8052987855879996,0.5489445177665526,1.6673852179425974,0.7704561914272967,1.3007918992485574,-1.0476236977701687,-0.07392991673480406,1.0186908504244077,0
4.390653061314322,-7.677191847969025,-3.0005419918979777,2.115038911794139,0.5473083203422756,5.649703840441651,-3.3161914331973392,-10.486990725271598,7.396924441390451,-5.6118460806534225,3
10.89159445078688,9.111476526252451,-7.804388470101877,4.884074566512507,-10.413840197682461,-2.503203551924068,-5.6499616745227685,5.9558158044464555,-8.261577319082527,2.0759253833748725,1
11.477531217601697,10.147254017688237,-7.115751777547942,4.489270176823842,-10.689720199161538,-4.156461095320182,-6.331531533397688,7.289129076588777,-6.883727609250412,0.9469115669091357,1
11.862530074644873,9.351862696098319,-4.266031893354322,4.5637641142795236,-12.063216661993845,-1.8740526521250969,-4.025842129485018,5.988065347838654,-7.065420309078023,2.7055330175836105,1
5.428556331891085,-6.901081795462055,-1.9703326115759348,3.605671795377217,1.914327475192137,4.677955672352378,-4.3339761196111395,-10.137233481760056,8.458992573895156,-5.315706089469327,3
0.6500191061181695,-1.3989750886832097,0.2957256262707503,-0.0006814094431951005,-0.789518839110313,-0.06981039017768698,-1.1653248318627252,-1.510927729873684,0.06684824964102819,0.902077023395576,0
3.8088098328556796,-7.004624819018186,-1.9776203760930242,4.4457086401869255,0.3447682747817229,5.089346335395659,-3.713434694924225,-10.873740981687643,5.703502406241466,-4.89752217456558,3
3.8616421581916107,-7.458923875989021,-1.2478104779215036,3.1765667885856703,0.12020143789939042,5.48400827747568,-1.9351405501201155,-11.83107148321593,7.84069562123904,-6.905812297548785,3
-0.7396875640116412,-0.8907936664659647,2.0204739770927964,-0.6708776207596805,-0.44316772781320113,0.7414564869926152,-0.4465284720744135,-1.1656735104517029,-0.25793970385173065,2.008733422896103,0
4.985379395876548,-6.272734759998832,-3.3205836977263368,2.2715987241246824,0.8094381732095812,4.913895340895277,-2.036164854938602,-10.908262533576078,6.578817802781152,-6.1791118174432595,3
-1.1732178532786932,-0.5897687189282912,10.077015669560565,12.236577968114801,-0.534456410656089,-3.6206579990516095,-8.021972434696474,-0.4661347623042418,11.232086293159535,-0.7432138869676089,2
11.979610081201374,7.580691860107302,-6.7239387091880936,4.8382798032640615,-10.327400808593705,-2.760435785017027,-5.112390840084049,6.909879683364627,-6.879189301642632,3.2450949336389696,1
5.63675712245427,-5.658904768500162,-3.5505505546215455,3.6659315606971337,0.49614851757793665,5.623989180658338,-4.56898070181909,-11.751679227536204,5.609797958424216,-6.181033952971544,3
2.0632470043519078,0.2990550748210432,0.41697207405045755,-0.23643218007958092,-1.0498255335181308,-0.18207224055525215,0.7711177514620537,1.305626761568009,0.9957084205227055,-1.5097742931542115,0
5.402412544741844,-8.799106385975664,-3.921523897219431,3.334088924208352,1.1869014064078205,4.551061816480149,-4.950279352435269,-8.844137780187559,7.158135300379529,-6.8251417823172424,3
12.431737005483804,7.257303773406086,-5.867740093513626,4.9334795636646644,-9.477065295478102,-3.326053551575488,-4.778561302783592,5.888241230906051,-7.650547939826284,3.4980529697898075,1
13.265411190968294,12.459569239656858,-6.0579365605498126,4.906582800787516,-9.737632650888782,-1.0218696330964196,-5.503362939218025,5.432321888399942,-8.497684699497862,3.753532861923714,1
-0.404099348870584,-0.796989331746887,-2.8647098923529533,-1.8883724653546936,-1.305358525584367,-0.11528420085321883,-0.4362021934813096,-0.6315690825285746,0.7965149607928405,0.7961336649237618,0
4.423394831830739,-7.742896894440508,-0.7541642263657722,4.060734553523785,0.36841704990023705,5.351011808845181,-3.3903081697002797,-11.105697850749305,7.746085696086747,-8.130913011506617,3
3.6087633004267285,-8.907749768238858,-2.516904043374427,3.924947357624956,-0.5726499044875291,3.959345020973012,-5.578926319839408,-9.993719786946269,6.395265711723965,-5.1924834218038525,3
-0.24855858593205954,-2.2324905876795342,9.896003624398542,9.588501788059,-1.1482354391628813,-2.9467452777467313,-9.431111045705283,-1.5108798552108966,11.026505768464283,-0.3668989178458187,2
10.229136074698381,10.895206315458157,-5.100569344508822,2.912922558577055,-10.725446747588146,-1.6411155868572136,-5.731526757105619,5.835127473655837,-7.996849240945556,2.687018820528926,1
5.167710523367749,-9.49837030744515,-2.8852503179271562,3.515656751072732,-0.21054972966512597,5.970730851821367,-3.976316814933261,-10.379840124817333,5.7298788604018505,-6.3872574778646936,3
10.611571141136192,9.846314415379018,-5.843187377935588,5.26080674697678,-10.810803158299185,-2.9532046020836513,-6.296210068155268,7.511115323951048,-7.433333904817757,2.894657461000411,1
10.310650111472562,10.46371318994447,-5.776694647550447,5.06918820057127,-11.08599892169587,-2.3265039028573415,-6.1630733585093935,6.002003253299706,-9.261932765278315,1.8039492516830316,1
3.9805994155508753,-8.655232900514868,-1.231369287859183,2.773981610094597,1.8828234793889278,6.353139574526521,-2.6954222140438895,-9.69628461406122,8.429445916452675,-6.462508169677203,3
9.801374003283415,9.545513042524659,-6.164715585727172,4.576895325006517,-8.504157555478294,-3.3180462248049243,-5.511977423229643,5.103520543665407,-6.803931081814684,2.396515888427917,1
0.09849137669996563,-0.6195647509547229,10.55122792166299,11.646513236724772,0.8695239887723508,-1.4784156876650159,-8.514866777699131,-0.24855029493870137,11.376501369854527,-1.4982344667688463,2
10.547597746815892,11.465617945704148,-6.396737499434249,5.426606506804152,-10.164939368091384,-4.7096109613047155,-5.021482633629919,6.869801391604902,-9.510687782675252,4.1014346862343745,1
-0.8892315215122976,-1.1528332888990602,10.882748389046752,9.15694952771285,-0.2418205711471112,-3.2676122493737103,-8.446498472673039,1.1771140371898372,10.982291169339781,-1.6400096958676758,2
1.8006204884482258,0.49582346792214427,10.865015362956596,13.022735874227838,-1.1326588500078196,-2.4377742126876805,-9.02997449922364,1.4034866811792535,12.305845321182616,0.9550607709719607,2
-1.1377028650905645,-1.3306333875308929,10.502502254955186,10.26166689889818,-0.8417213585078789,-3.2284319040124485,-9.598287465311037,2.1066246006587854,11.585852438709995,-0.40948657844462366,2
4.944783243399801,-8.172323393155919,-1.661528680432447,1.5963886977813462,0.9534945766245356,3.510000835007353,-4.092876667969156,-10.15874607445069,6.200777934275073,-3.983641914419847,3
11.598205330658867,10.189423137000317,-7.363518636789269,3.880995852537052,-11.573727602442467,-2.4693672766466714,-4.6930540077713845,5.342241251601915,-6.879029012554141,1.6513019069439157,1
0.11737636321932753,0.515189864193479,-0.9848377280823737,0.5684807718062709,0.8355427570459568,-0.6409475995553304,1.9691572120591474,-0.5326590233505566,-0.9998780742155432,-1.5292225147265408,0
-0.4588560745581672,-0.19543239146525104,11.638630891287134,11.10170874520756,-1.52858250417134,-2.2305082263043254,-8.628952778942582,-0.31702754109163406,12.43165441755316,-1.502457630994038,2
0.4474555421329706,-0.3079023422705998,-0.5175860524662734,-0.2982594873149079,-0.5318893575017567,-0.2657598187128918,-0.8427966022418615,0.3861546881598157,0.3112013139588193,0.34520177722946915,0
-0.7117458799510827,-0.4879456232201693,9.146767587945085,10.938520745452633,-2.072981987615035,-2.0966220537390736,-9.650891738526179,-0.2918486370092028,13.231499538218975,-2.411699774813611,2
-0.742858785067476,-1.4605854707993953,-0.24256618203114458,0.23191318256244728,-0.5341959272189118,-3.0644568687582274,0.38364914491877,0.37898069052202576,0.6871672785409663,-0.38049243555077733,0
10.336520464125798,10.557220732362225,-5.260217583514174,6.442888842602592,-12.279892725613808,-2.1504193385391077,-5.611359671478232,5.338948691000688,-5.862832225729393,2.811451211417922,1
5.295970962143528,-8.173913440984082,-3.4535653270692217,3.4858554059394575,2.5005057637873795,5.15699326535075,-5.237843094323086,-9.055839195201484,6.755185818528486,-4.904347104435298,3
-1.0635617396324069,-1.4941818408450784,11.815254620186444,10.5541937245246,-0.6428377757219556,-2.769138970354509,-9.47119855861389,0.6207379802564422,10.880219247728155,0.8475708270607394,2
0.13229194634031402,-0.5381712707181605,11.580494059878145,10.687616091260756,0.668299617967368,-1.4923516329913484,-8.456159137254872,-0.9147150865963386,12.826279737290427,-1.3788027266402945,2
0.0654738014625288,-0.9020264806818904,12.094172355051144,10.351517577813171,-0.5437028576963966,-0.7873856597432101,-9.089533867859146,-0.7421313013714358,12.118197953863342,-1.4574193518772929,2
4.962000014600207,-7.62681421051002,-1.8846007034788248,3.990453627491816,1.497285245806316,5.097074875708112,-4.023106780729229,-9.623955796310671,4.313440083417996,-4.349503396978258,3
0.12872737999215014,-1.0717089308272518,10.871412572236773,11.290747771873507,-0.8688768453808627,-2.5348960229296083,-9.615607445764864,0.00987422448226849,11.941642119743763,-0.8638727415246283,2
3.447762211868678,-8.033256501079928,-0.8236336888516402,3.1073156577669074,1.1494678393810118,4.104878833910107,-3.2828203311166195,-11.495027750860602,4.82922993624458,-5.56455381733508,3
1.2888985062786533,-0.27486556291038367,-0.5683516406695304,-0.5852471571449845,0.9865091738292784,0.4155830398339642,1.755956723790878,-0.21510711620318848,0.8622794120530326,0.8793760844116465,0
4.197212423898375,-7.472131831938227,-1.7220062187686866,2.287802213108283,0.831280123686973,6.458499937285926,-3.289498105876657,-11.322103517501548,5.610060365209293,-7.088214247918963,3
-1.7040529171977674,-0.893931433572423,0.7000830771983623,0.7614192924041975,-0.6075026414067075,-0.028491527659839595,-1.1162986350878348,-1.023552287406368,0.5798668390115451,1.0476840611083973,0
4.911749996821477,-8.755807160818744,-1.3230096597314533,4.137414394565225,0.46108685141072014,4.07761543881365,-5.4782539772508345,-10.274720807685263,4.59991222408556,-5.7019387475356025,3
-0.9753802351693376,0.9360356544839075,0.8758764619987844,-0.4666273875590929,2.0495749286245397,-0.28587829619347493,-1.6120189006725272,-0.77911797036268,-1.044141022357851,0.3796021017862546,0
9.895596837065877,10.722765069838966,-5.6055984315574054,5.671188310990676,-11.05899235302756,-3.5084932041389663,-6.57722304504461,6.234919167464421,-7.511858831142561,2.0322765453273997,1
10.988516975409544,8.293793389633526,-5.922513391346787,4.547982585869166,-12.838623875093461,-0.7504416901716595,-5.488128451028833,3.978286605260108,-7.497172186521618,2.3727120931833023,1
3.8115955953342446,-7.826922540264686,-2.6222906524890117,2.2084466580189006,1.4842444110575832,3.856706703106946,-3.052955335796873,-8.43775535684569,7.698112997051714,-6.022339646128076,3
3.8502117354694905,-7.462254873642874,-3.5505940734335764,1.9668500997280518,-0.13779110862257504,4.748120946292015,-2.617895271131435,-9.976032521885653,5.859610364290357,-3.80366252843379,3
1.4022612537480246,-0.26746611704111733,0.029062087394311206,-0.29585784040585905,-0.8200912815300638,0.7049028602108764,0.31906832515161476,-2.912134379379116,-1.0346107474091157,-2.053061249564026,0
1.043437854122355,-1.6960973507816273,8.629724309853243,9.449564546827853,-0.9661098190401151,-0.4984162121850775,-9.18094285965993,0.5573162146493157,11.33562056886854,-0.5865570654682444,2
-0.9485164266086855,-0.12332394287775983,10.247221756225658,10.576955677844753,-1.3048879413375754,-1.2770545012316772,-9.198892591902466,-1.9354490917802754,10.005568117598635,-2.041684355778025,2
0.5882204499006984,-0.0016286124580567824,0.8972879431717461,0.8500861214923535,-0.5236676000595035,-1.5204196548582072,0.19043390801078877,-0.7466375660204068,0.1437486008992903,1.345529853551899,0
4.540145362626358,-10.503225631314137,-1.9522962134347224,2.4513285866693506,-1.1195423917493783,4.433496219710008,-3.159349696522061,-11.413039383037775,6.686868914932161,-6.050028844990817,3
11.348123777920849,10.039332627676515,-5.635761309853285,6.295423172011508,-11.108479602106332,-2.7862615372956085,-5.332960417577382,6.366681044268956,-8.963406326241515,1.1035658956747993,1
11.061174367991605,8.953719438663166,-4.566599582050234,4.864693115091633,-11.179817712222645,-1.2950087796085685,-4.638625409619536,8.264509244199509,-8.085219721619838,2.0952856250504914,1
-0.9075172447788356,-1.9939846489143442,9.204719245097527,8.29067420740884,-0.9123618353095764,-3.1281464935893712,-8.790062220514239,-2.4179660178880833,11.662810401000144,-1.028582585796452,2
3.603552279073711,-8.542621715361047,-1.2603399944315672,3.150057595488577,0.5890178393261488,4.672112349416548,-3.5722048025073265,-10.233924230365442,5.607021750616903,-4.408638594953411,3
0.2759447476628632,-0.9391074326136432,10.563739483539026,10.630496994064355,-1.9456467245745457,-2.8702944135537067,-7.701786496923472,0.29338223863574614,12.523035804679884,0.14650435610975154,2
4.597747120081967,-8.70284683577385,-4.606637551119189,1.6914885982371162,-0.1568064701102777,6.618397111571236,-3.1635272521167552,-10.22894187207338,6.245569616893532,-6.129244316048742,3
6.4428337284532065,-7.116101295997626,-3.8314356930721867,1.3073208475133211,-0.4951533107641837,6.116365495754855,-5.325289498261728,-10.042371585428414,6.562539090379979,-6.861688180976122,3
2.3232686636322804,-2.0319886949101504,10.385911748491699,10.95022640523856,0.19182779114097015,-1.5456988703701657,-9.329317457047589,-1.0966261303067193,12.066442426951541,-0.3979913856505159,2
0.5606261183704564,-1.2792412446220305,10.379947515716688,11.180930036483883,0.3350316608343654,-2.6366132937382156,-10.1580600441494,-0.8568656489009142,11.865221049044514,-0.7680209397640139,2
10.422642797105627,9.388023368688511,-4.0088630429757846,4.139116927607553,-9.617337159132381,-3.148818004459528,-5.0926788043054065,6.352695579646808,-7.5672819897366885,2.945716208434848,1
11.070471334695823,10.673999575027983,-5.117773474801186,4.511789156560977,-9.546194883193246,-0.615619425823112,-6.238644571964421,8.091013261368722,-8.327780435330462,3.9864273684853293,1
4.234527101033122,-9.739677811959584,-2.018270962508356,3.227795078268841,2.143429026921815,3.4714196559150023,-2.1788231681319643,-9.980596545440104,5.365628211008967,-3.7898782241929005,3
-1.1134580082152612,1.5221467585480473,1.0305877409842874,1.0030389787624625,0.7821112766509443,-1.234889044125783,-0.4004794928068376,-0.33950364146988704,-1.7097370740989313,-0.5570010948439893,0
-0.3604796784064549,-1.1222013379440752,10.732400390769298,9.532642194381827,-0.4972955285003952,0.2912315001533785,-8.276126045422046,0.7076636101123166,13.063632647937231,0.13137210065672722,2
11.972050720168669,9.43067945712257,-6.251309817942848,5.9438025654848055,-8.600897842325505,-4.625804207909367,-4.965950437400335,6.593010987602941,-7.086422611230114,1.1375871481710476,1
-0.4612534155043621,-1.0958595323263105,9.898814992874197,11.350542724647031,-0.6040592240474633,-3.472674560802495,-9.698021947627879,-0.6535511963793623,9.504902829986221,0.15722463555081656,2
-0.06893979620475318,0.018575945162973527,-0.8669707498280184,0.0867186667559608,-0.8153381098376422,-1.2349434286706997,-0.03872363302623386,1.5898768902429339,-0.2540197390169756,0.9410209153742155,0
4.807075047071341,-9.406229931619158,-3.2568525601713336,2.384626027786071,1.1061773639963401,3.419943801717646,-3.462130329923188,-9.71914672178503,6.780942977633897,-5.541682565695421,3
-0.39705556686520027,1.11376721133617,8.78075475102469,9.938362828908646,-0.5053736596899765,-0.9502268521766091,-8.106404189806106,-1.0654346220876723,13.347464755257505,-0.30835177003022063,2
-0.4524153685145667,-1.4636767543697295,9.203758876676472,11.369191257553554,-1.802601319811559,0.01484584513606979,-9.944148278670069,1.1973506352721697,12.948120198220021,-0.14805818732925002,2
10.666718852057251,9.811290894497036,-7.044816377730383,4.431450982540065,-11.668127524695771,-4.22880748146046,-3.1293934407083523,5.8067019842486305,-8.265338047318293,2.656320511533974,1
3.914416792893572,-8.58950922712329,-1.795028157318551,2.633319368745337,1.5162008030241547,4.9009776779865835,-3.516698385490379,-10.284558489818748,7.106447243372109,-5.057392327955596,3
12.2459740649868,9.464588571535694,-4.5351459823999525,5.6173209213197834,-9.392718981002961,-0.3155730570188102,-5.283388072278794,7.8585318152459305,-8.14915065276018,3.1168128092005016,1
1.0001267237825018,-0.45822064062032025,0.2992519932599849,-0.6783622461477388,0.36427976078165697,-1.1380957377419982,0.7502514459739312,-0.849703297584393,0.8059150285431569,-0.42742290819434203,0
-0.8643306749561399,-2.220260095521369,11.081040215652662,9.208460243962428,-0.8837894049008943,-2.7972262924683804,-8.820249665069952,-0.27860600476711905,12.253801940508101,-3.083575881842769,2
-0.11001332554108911,-1.2789187480246726,11.226646392837022,10.580154371189817,-1.9235970663148017,-2.956260251168983,-9.369677936828642,0.6320843551266104,12.991947049384416,0.029537179624835486,2
0.12974820522680247,1.5526684444211052,-0.524814508895144,-1.097069838794651,-0.28999314694488315,-2.8147146994918133,0.9057617524709435,-1.038898541287495,-0.6176954214462698,0.716278561620927,0
12.361667321305951,11.55596036304385,-6.504411213750546,5.762157894146465,-11.020853566906688,-1.3068948977654744,-3.8359190654454776,5.526081846896931,-7.09084160984544,3.68938794030662,1
-0.3025143876599363,-0.6313090201883675,0.41988372606170565,0.10075763697998424,0.26082560063438975,0.48074582755629175,0.2566014781430484,2.0132954069278512,-0.5279648841781381,0.432293344119706,0
-0.7893954765857517,-1.680154047758961,-0.8140371230174078,-0.32326877439227036,-1.3392633361542141,0.8931365923302197,0.26216196044069456,-0.12041671401989905,-0.016671304395135284,0.30604495358511286,0
10.876024014282986,9.767045175817337,-5.782837373629567,5.029437322817495,-10.299773907179256,-3.142852273488896,-5.9649323748613545,6.362857548455652,-7.239661797844394,2.66119930985,1
1.5781747117913678,-0.5693493464055996,8.706086107016255,10.877977688939025,0.5947609407040012,-1.5330835918217218,-8.780478868213004,-0.32308592945859327,11.622792813485063,-0.7615702928805531,2
12.193258982395228,10.77138322004806,-6.182080734602001,6.569083840372018,-12.850708684309655,-4.66371167415145,-6.245600739447055,5.99231618915989,-7.381680427294987,1.88665687502549,1
3.31690889244404,-6.86771729147522,-2.2771874299660047,2.507389759525519,0.8393694011648771,5.628200560883852,-2.837525322967596,-10.281353897718859,8.115258814622376,-6.587657178556849,3
2.6407270591798246,-7.013350961987184,-3.7138692257941663,3.1274054058575467,1.0773795819149674,3.3291596919873445,-4.0007470239363,-11.909564384030546,7.140140146714269,-5.55437883808941,3
10.7101949708244,10.565298115406623,-5.296927137476922,3.968224246934166,-9.519682455552982,-2.3654381261447326,-5.3903384339059,5.947525521398928,-8.847029158209905,2.157421348729801,1
12.17378015997798,8.254426088469287,-5.760816636594718,6.129315062693552,-11.360148570659534,-1.5634633340608912,-4.496478657889708,5.178652092912704,-7.4064265576206845,2.734915404203256,1
11.335502066485768,10.197466756144284,-6.068503582429557,4.8130062658405866,-9.138079024318795,-2.7369555901406883,-6.197455264315524,5.224728841376864,-6.946825255112041,0.872759009150148,1
10.506474077217735,9.406433761557366,-6.788702532888324,5.461282397735476,-11.249290042495584,-3.720213508326108,-5.964078017203679,7.89459329948223,-7.219025250239689,3.164965246985569,1
10.668701724433205,7.947125682646885,-3.571759853043321,2.5968115218402814,-9.59000287074015,-4.00385472712437,-6.616278349573448,7.479630682657865,-8.486815551024915,3.2278889837619014,1
-0.14474988692281957,-2.317687134638102,8.410586007493867,11.580659281591931,-1.9637496580268143,-2.0450562441718176,-9.915217445087126,-0.1276654905519595,12.067806442274568,-2.137953892638322,2
0.25918254468814633,0.8406155894227294,10.972481658727109,11.042488444218522,-0.43897880620391655,-3.263982822046962,-9.553263041147508,0.18279874872585603,10.348069703934668,-0.3052230934130945,2
-0.7434833019408684,-0.44212870283476047,9.948084957554716,11.41501116360028,-1.3801058842823974,-0.9234604841350222,-8.795209838601256,0.24592366049631703,11.869774422045586,-1.5375681574786744,2
9.533413810806689,10.791848432234154,-4.662403424635594,4.0268816519540485,-11.83922474936051,-2.916222170903935,-5.161582986345488,6.080577733744225,-7.24236293077328,4.513845175804601,1
11.564121310249298,9.538740765881997,-4.754901954668259,4.563227189663115,-10.714732736579712,-3.3869255415058106,-5.908231195283763,5.204088927237834,-7.891771021695259,1.6048445986455997,1
10.470984046527606,11.078817060196352,-4.601492599042305,2.653461330769226,-10.272796660399269,-2.4576255551322235,-4.04659089928201,6.702061706359723,-6.350574079122421,1.7953197271377346,1
0.6086847416689013,1.1084376082140386,-0.031156758588119834,-0.9840177162637418,0.28640037618153363,1.8934750580880277,1.5824806293245608,-1.406078693237423,-1.4431812234682382,-1.6995364397999482,0
4.221353114031564,-9.724076697847817,-1.740575019753564,3.091268659660449,0.9321870014347455,5.137023473428443,-2.6083209027586594,-10.21199502536247,6.257620550917773,-7.232156412691017,3
10.751158040634174,10.193650725706114,-5.434803614938467,2.74078548450201,-11.000316467040381,-2.453739061471848,-7.822779099385731,6.319832374729462,-6.735834828890855,3.8763478957605373,1
-2.586723555087152,-3.0946912831079154,9.274090164005916,10.25428526807584,-0.6667877841133157,-1.9506906869878726,-8.865612200136736,-1.5885925375027736,10.925012471058816,-1.0948327240704903,2
-1.1442150961608277,-1.1325513412662949,-0.8114661317872924,0.27473797898557123,-0.7691995394213514,0.24416255458686814,0.26484515119495233,-0.4701243938743788,-0.06263710456930516,-0.5279123926863128,0
9.562371367577308,9.39196496311223,-4.141992770007535,4.0046352624682005,-10.80040967698767,-1.6907655512546786,-4.945683587511778,5.105777110773891,-7.852921888299213,3.983071094467912,1
-0.5900880033941794,-3.8171713139512984,8.95263666252502,9.419846817445977,-2.297323341652523,-2.1114742812765734,-8.72915935249289,1.789101418838203,11.78631019587664,-2.805965825012531,2
2.0032069492693436,0.22282263385850226,-0.08051151750257445,-0.8534409200680431,-1.1759135156696274,0.7705010183921014,0.7106959978348593,1.571578738949,0.4789115933028156,-0.3931028374395457,0
0.8962714362977329,-0.9587546319333303,9.53018895734641,9.478574858901,-2.035568243515518,-3.446694565900673,-8.310130768598093,-0.4354852813600217,10.99627767073464,-2.7995748081226717,2
-1.2791614153543305,-0.6058684461632928,0.2026641644634616,0.2402024285639563,-0.7040876355923733,-0.6257906937796218,-0.9815679945563983,1.1411711838537955,-0.8347751792933896,-0.46479420391828385,0
-0.32942191751153177,-0.32196329629497444,10.854270911939722,9.71999401857968,0.41331704427444815,-0.06644041379971677,-9.332589966820183,-0.34087465658187116,10.821593204227279,-1.4410000197992376,2
10.795924202427447,8.867703107640788,-5.699738587216619,6.221271152454702,-12.265267640283213,-3.483107438317938,-4.974945974891332,6.632162379921888,-7.139285824906962,2.146446387905045,1
9.655373268277144,9.330287627638983,-5.07848245720079,6.138684908122514,-11.101167236250921,-1.5763584136866302,-4.942915200986006,6.828910826219315,-9.037857264473683,1.3260059359616252,1
10.685345813860827,10.360854778044992,-6.890058539305972,4.877379801188484,-7.754362155747689,-3.8327852450031,-6.312649095079724,6.3218142923358505,-10.686559530853293,1.1492739554150577,1
1.1941644498503143,-2.4619527249727033,11.345291117185988,9.656752953232873,0.4683168734178488,-3.690920886499075,-10.155194084916944,1.6954615509897875,13.4958571717361,-0.6720766963394277,2
4.118797238283878,-8.322749608050449,-3.271870436118343,1.682779243896841,0.6740131614087295,4.550259510631463,-4.894992682813928,-9.885658692622604,6.716197621305162,-6.703575944877917,3
0.327732491136899,1.2642609182024964,10.757837422903842,10.226044624013367,-1.2910841171018823,-2.73935473889198,-7.981342254284608,-0.2687874418416184,12.174088741143711,-1.0091590099714973,2
-0.2166516954147601,0.8272151227246681,2.2213555816894286,0.17707504176604816,0.23422012606269238,0.03968538174774926,1.0572344046841624,0.4317035652378986,-0.5750877867928851,1.115511691428727,0
6.085854666597235,-8.362670565690465,-1.8179984290413387,2.221071627857664,0.3378582815792244,5.728673482058212,-4.351434524508511,-10.15166145001095,6.032217476166044,-5.106713577860151,3
0.8915427658912362,0.05780600885871712,9.240940886783157,11.690639450683028,-1.765424908897711,-1.303957302517063,-8.094030004893368,-0.20020571819002453,11.666556281262032,-1.0714404920543994,2
11.974187519479491,9.98196406297324,-5.415725616236034,5.832586933082091,-10.415351974510632,-3.5100824092293785,-6.174337622330876,5.828302630736422,-8.787643820274074,3.360312715977188,1
10.370444778698428,9.673172371011297,-7.182399953591188,5.553273337411729,-9.637628012634716,-4.188088131554949,-6.8778382599800105,4.334012216610981,-6.173925544147163,1.7373848297188463,1
-0.4952670209411876,1.2144208034686759,-1.235374907126886,1.5232267071788392,0.779834114078683,1.154230224722774,-0.9295330772449988,0.07230236269013023,0.29894278613131625,0.25496700202269357,0
12.022451105989775,9.819056832729359,-5.5909576472095734,3.9411843361664642,-9.732605727004307,-3.0173694610594515,-6.205137498988509,7.717642732829545,-9.07654617251655,4.295177188201945,1
10.191691227791042,9.212742813762754,-3.9751999437104564,5.159451610899337,-9.402506830951461,-1.1104617330092434,-5.354736630810814,6.194431238883227,-9.178159576368769,2.1932079657601853,1
0.8140507973333223,-2.203778503759745,-1.0733378580790447,-0.09219702212713034,-0.5972386560582158,0.20914350114554867,1.4704820276836883,-0.8527976275132332,0.05027289131537464,-0.34479612299418294,0
0.04793601374061995,-1.2057817610041115,9.153365942647241,11.585213537469933,-0.6192787758619165,-2.0872203527335773,-10.903214676820651,0.9289444719564052,10.58557166562384,-0.3204930761479751,2
1.0858983828772915,-1.1278048707372206,-0.4153215223103118,0.7515196736861627,-0.20446101830611546,-0.1635477470976265,-1.012077442729771,2.0956482174704503,0.53148238220659,-1.0827849482691667,0
13.188689323246104,10.917853425899773,-5.2218642946597065,5.347049794265528,-10.991654481176507,-3.384924215226801,-5.423977964169717,6.582450850592936,-8.594069987763318,3.2793980764822717,1
12.1184669053369,9.895934979236632,-5.272941864109499,5.616174748256196,-10.48210306973505,-3.0296496564146436,-5.183333081415213,8.680290776192479,-8.591988760981907,2.1453612537809783,1
3.972827753951838,-9.028030645664852,-1.9324269896133397,2.7058804165517594,1.5812279584197708,6.155962182418189,-3.9030754796119322,-11.197039601566939,6.313588624937341,-2.9550720204566003,3
11.872676094789059,10.025038141005648,-3.8099932957036944,4.143958355678042,-10.69751812522478,-1.0428961645888697,-5.483322701667347,6.28974331195513,-7.997312253529248,3.2554040254785908,1
-1.0178580222854456,-1.0846906871229556,9.037547424269562,10.521071816184243,-0.5132561347278061,-1.425471105622381,-8.595769947976232,-0.3237656094489948,12.163925501124709,-0.6372963643998149,2
3.7588703319862047,-9.416366108574973,-2.4515492135114965,2.432641205632728,-0.2822107899865608,4.176266072955377,-2.8903136772898144,-10.881365968977114,5.504486869561374,-5.552216404688052,3
-0.2649786635224417,-1.277049634596047,-0.6127045293578621,0.9124665694033126,0.6801629467912917,-1.3952195094364415,-0.7049851476380655,0.05709198477574067,0.22652431854787222,-0.662895756545944,0
4.02258856475812,-8.694812427202018,-2.9284997437642457,4.134492257993774,0.6511374113203324,5.2677794815214165,-2.7367140158632197,-11.13951302706124,6.577811419728971,-3.9408278091555498,3
0.405719196379236,-0.19221760030265714,0.345151149806441,-0.8497413321599213,-0.07715264860810528,-0.6410762654407186,-1.8039666406946775,0.4819577872476852,-1.2337728415555556,-0.16474093010410207,0
-0.4514408795780072,-1.7262832658163123,9.064128238176522,10.182517034810195,-1.490157202782236,-1.2025098176916638,-9.757017006633156,0.4252693550314176,12.135646517590756,-2.273519028797552,2
12.810672723929596,10.275891896544836,-3.8334365319575836,7.097735273953509,-11.792744813000843,-1.6988263934711538,-6.923349794205187,6.593094233899096,-7.429575648870943,1.2889352634272748,1
0.6674895113682818,-0.8466728382327144,8.996269688270516,11.150297412027482,-1.327623987736524,-2.723029280242672,-10.143952926976343,-0.37688228430554477,11.16260949599404,0.3883292988414031,2
-0.989800512800599,-2.262892823969808,11.007130671267817,10.403937380981652,-0.0006772586717691542,-0.8685873137390672,-9.130651541181228,-0.030712144667445047,12.778092742455538,-1.3111898111060973,2
0.21362371758665685,-1.3004246658052474,-0.6332441596041881,-0.6012942830351659,0.7818212109654562,0.6600954605303792,0.07048609225891711,0.45106488163755687,0.4707904439669705,-0.36361955713297156,0
4.458120257875484,-8.602315773100537,-3.749257476421378,3.9961958612030886,0.3015167002665683,5.497893509205388,-2.1142678533410364,-11.176349157910591,7.348151514166634,-5.201731795173886,3
10.618961389660884,8.720747805097574,-6.515171911166715,4.593326805039009,-10.91706054337333,-2.2877684556018774,-5.485694157189232,7.430237194792575,-7.8287674726900685,2.7567884710672104,1
-0.5732826225769339,-1.506125477688831,-1.096757167029321,0.7131281076945163,1.600163638865061,0.8264808703602766,-0.005391499726866356,-0.8936145016560537,0.8984186716271502,-0.9486019051858376,0
11.276585496276647,10.554010970188525,-6.9706643509654915,6.64570557468346,-10.889243791429353,-2.7724659034970514,-3.7055593553821424,5.706236705277847,-6.72126261620779,2.3617794843371835,1
11.845150361572454,10.876125488678003,-7.026810939394161,5.057059960285408,-10.300248221684031,-2.5763493150410675,-5.009540184429271,6.562999246391227,-8.933764192229894,3.1893554615202286,1
1.60323119662256,-0.9051849071491059,1.80956075738669,-1.016188330770298,0.8866598686324269,-1.5910074834736458,-0.44195570159066433,0.022081529446324355,-0.5974910157034872,-0.1693266018339602,0
3.5298854555525927,-7.9842971166744405,-3.5447227940372583,2.3204489156324923,1.0002909568515241,5.071562517223278,-2.994327135120268,-9.802710507921622,8.064869655775027,-5.617640550681967,3
4.841591164534647,-8.538137769294266,-2.3074017916589766,4.403435719489046,-0.037187017723870675,3.56016745274113,-4.040511240009794,-11.49443070646779,7.11756575577941,-6.072404281864456,3
4.4823477796325415,-8.138658345705965,-2.3930784228748396,2.6649843676435783,1.2812243011898221,5.72715985320537,-5.288202595099981,-9.145091056858288,5.256089450686251,-6.022794823246417,3
-0.4323571812002669,-1.4229128395753547,8.682270047152453,9.342165125034622,-1.2018405954975608,-0.5203611255491507,-8.326776712808075,0.7784508703865787,12.917047637265712,-0.4912964561708243,2
-0.10867602164915699,-0.494609216630988,10.15555162589349,9.316663941337655,-1.795549360071452,-2.773474344844721,-8.256770395294945,0.14497122396088674,11.332276019960275,-0.36350138131474313,2
10.04063451313748,6.704469806424568,-5.965868837735338,5.903700883503853,-11.372901006810292,-0.12456687689146673,-4.179008309894145,6.397452910963925,-8.855386940441754,0.9790035312552079,1
-0.10014939044932804,-0.4702131785317291,0.10819550851496382,1.425651999048196,-0.906106530576663,0.11255326425186621,0.3910645002158086,-0.8123321349693472,-0.059015856110719835,1.8513401194910784,0
4.84144357348318,-7.492795296755635,-3.060660296581494,3.5421758149145197,1.9365476177458598,4.792326071126442,-4.949029043532685,-9.131336489739475,6.906181973484022,-5.6126971152964344,3
11.905466865428107,9.530566827977669,-6.625004919106896,3.6874468591186496,-9.647634236712127,-3.667589812290314,-3.9347251300325947,8.76666336116925,-8.644341930724043,3.2459265579610665,1
0.22004016665403928,0.18085260932256295,-0.591040671314955,0.394228392518798,-0.17864719767805468,-0.5926633006550066,-0.4954788309389938,0.9493506893519429,-0.4654279932595579,0.26112533650614317,0
4.860044859746566,-8.615963623941251,-3.6167238847825462,3.7952996464228543,2.7136304582163273,5.151946497334285,-4.225000534260886,-11.235634728760967,7.538966687153592,-5.603375283082266,3
0.4935316518878652,-1.1203832328101326,11.84462032701585,8.8575091492739,-0.486650498347878,-3.9162325331578973,-9.145045943555584,0.22449151702837744,11.543302047756214,-2.724551204926943,2
5.960125224635844,-7.644056251359115,-0.640096341111825,3.0405033684332796,1.1354744753675057,4.762743307947529,-3.540239858858935,-11.224665235372498,6.615120748428588,-6.463404443952907,3
0.08512205729781484,1.5949534514053203,0.12214071407404775,1.5167422881217778,1.202056601065949,0.5920402367006328,-0.3541527899385204,1.0405079773491042,-0.2499749186380738,-0.002009655026961095,0
3.5567057784705414,-6.425079789510971,-2.5440604181855515,2.9125601288713527,-0.9030816708125782,2.8360147466109416,-3.858605896934639,-9.202668834555395,4.870714640749878,-5.471541937567062,3
4.337823436601164,-8.659664765671439,-2.499297336292467,2.3156023550604767,1.47683555994249,5.176719260768093,-4.100053159899082,-11.66646534195702,6.650961943170528,-4.475747103397499,3
-0.7682072972236914,0.07428400897273613,9.434375683459182,11.657411799699629,-1.6926584278072516,-2.801587961759138,-8.399390978862035,-0.8378552721177926,11.445415188890825,-0.37763341147805657,2
11.003971454835924,10.088874927345643,-4.575693283625229,4.047236612650781,-9.202722750451032,-2.9492577719845006,-5.936378417779376,7.11523610679572,-8.0854643018387,2.8952706630997485,1
-2.8618108784931406,-2.016721310706597,9.352729401862245,12.103310021030577,-0.4210260948629226,-2.1072244560515396,-9.144441862742397,0.09791461470303037,11.965421996802846,-0.64687649917699,2
4.952490030514745,-7.093450529717657,-0.5376109108266167,3.8472124918082966,0.837990601967584,5.5089613129477195,-2.367024033227602,-9.790029886370663,6.3332909960870065,-5.002107286810409,3
11.886523738075546,10.52341852349575,-6.118740107524984,4.659417081223802,-10.21561846743943,-2.866816094328823,-4.693068701287881,7.642999183572745,-7.40023180420231,1.6679097712415945,1
4.75079862964076,-9.479960943914001,-3.4650082294899422,3.6667247028434886,-0.49429976404564546,4.4750139159340785,-3.4127291106096806,-10.486309786339286,8.215758975036549,-8.067513141319553,3
1.7850349197340658,-1.9177314237257317,8.452332415230387,11.225536464155532,0.14177698544973538,-0.6238635242691488,-9.393578171297973,-0.36743433504688494,13.732100539220058,-0.17691230908444444,2
10.081921114977112,10.403540205451488,-4.665751674798194,4.5471168994527495,-9.190838545808054,-1.8082545062439837,-6.82997705968772,8.607412931842518,-8.459952682880429,3.533521360360355,1
10.919335984863919,9.464363894817323,-7.078561425670088,4.4588030001758305,-10.695426397331458,-3.3012024019636375,-6.187179260597486,4.71797855525581,-9.086217714452868,2.620645000113578,1
11.70288475475007,8.914758634143816,-6.693277860895544,5.089183356458718,-9.894788575935303,-2.3191867663549095,-5.405633371218617,6.847639509217015,-9.929927712255008,2.3099969986293205,1
3.5286028770925157,-8.151265539637205,-3.4672992074083404,2.1848751764751118,1.6186257785766636,5.0844838302515125,-2.1914653666816664,-9.323213764679426,6.948285237564135,-5.263184692041549,3
0.5250175027772427,-2.3867276071955716,9.460607294843111,11.280667397571936,-1.5108326809332104,-2.8925347345827626,-8.844996062583606,0.061591079281334705,11.255832249744774,0.9949742954919449,2
-1.3797824115994501,0.08777943480896865,0.9150499826693897,-0.08618733581810893,0.7215808951176532,-0.28727249211546224,0.1708280794236369,0.44078493234217647,-0.5720024382631347,1.9906760171899993,0
11.447845981350515,9.48427535193893,-5.743590362868707,3.6559603061231827,-10.426343281067457,-2.550030700163346,-3.950381749620054,6.147047304552145,-8.39456888948598,3.289045471986285,1
10.843909836828358,8.763876983527801,-4.787511057465954,5.0322836281492895,-10.977834769943644,-3.0439201801239584,-6.839316144305286,6.647356928222799,-9.205726154702736,3.258129470165628,1
-0.8678885101434607,-0.9494146923361162,9.57865230611417,10.41024655440209,0.03921348488398291,-2.125414214622221,-8.388767367379636,0.6568735790261078,11.108848743576424,0.4565217888494686,2
-0.9153191555121177,-0.4910029609027708,-1.6162844040880695,-2.172576981150961,-0.08253538932085887,-0.06729787834355973,0.25646178453666635,-0.08747418472557265,2.3292531241058225,0.16840934327269727,0
11.479592672530233,9.9402150800553,-6.434063220971792,4.5425718076708685,-11.332164863311924,-1.3012887628015466,-5.307792256550898,5.367033666629049,-7.617987035696802,2.747695574599743,1
0.5648262405249467,-1.9863140056402404,8.346218378453298,10.93733289904307,-2.272877884384093,-3.076954377248766,-8.737938394404042,1.0143685641367344,11.434124599355123,-1.978548177700239,2
-0.03396322587427318,1.049214853366791,-0.68101765485266,0.21158079207675504,-1.2157072288143198,-0.04212827617531806,-1.4611316385400315,-1.1158435469763004,1.7094518374899201,-1.8245375678555704,0
10.17244234443198,9.139124641562523,-6.0713140886720725,5.2952066369420425,-10.26014986842236,-2.50765098427207,-3.786032991413774,7.276506085749565,-6.971500455093171,0.7629394664369948,1
2.0287135304322885,-0.31847323368835706,-1.4085506073332303,1.7924020653307267,-1.4571008223190713,-1.496428707455792,1.766450259966898,1.0662315277374794,0.48484034122618197,-0.049920997453473885,0
-0.0894934073538681,-1.4769339339366343,0.534386305535943,-2.0413893251399187,1.0969469577703703,1.441529981722884,2.3525850789570026,-1.574329254232913,-1.3708973585001358,0.692672034252731,0
0.3755549220325589,-0.5560420669153782,-0.20035500169973294,0.4868223125111016,0.2276126265450017,0.5782859192115981,0.3770447735379349,-0.2526442651900007,-0.5357932910729996,-0.5895622039599662,0
-1.179474072473977,-2.037495778945144,10.398566400851962,10.0162948486041,-0.747024136267544,-2.406030663687639,-9.06911525952964,0.848862224547472,12.341339397368827,0.14458951210734283,2
-0.44578983385246024,0.4957254384229642,1.8687447625416218,-0.4671326496058291,1.3801980158980318,0.876472955541702,-0.2663234323428476,-0.18287550117761017,0.11840235966721942,0.8201649940316005,0
0.5722927419841819,0.044182607387409645,10.650670336744994,9.65495487269827,-1.0871149745114799,-2.590743525307184,-7.778963468209744,-0.980159691466781,10.784641771360924,-0.6024824711467013,2
0.7177104605479809,1.2681354929902422,0.7776674467161618,-0.8916381788329305,-0.7319918925357974,-0.547876014847448,0.8610848062038113,0.47895985916800976,2.7902916215481857,-1.6408850617178827,0
5.3532680509835755,-9.869081352926703,-2.7741255321840486,2.9835141423263676,-0.2870888460789993,5.8777208637447735,-3.016530521368835,-9.501809952247518,8.892235564288269,-5.2867573366064295,3
11.666173383427996,12.045060200117627,-5.835622624616288,5.937463112040804,-9.849463001852707,-0.762615239790905,-6.535366874610357,5.9203627406345225,-8.680012570199722,2.498183807294972,1
10.72009603749058,9.284136764959014,-6.781777318360941,3.3209957500051948,-12.887586033231203,-3.7387277663434504,-2.9347628369541012,6.893937634162176,-5.880082509938063,2.257900821448438,1
1.1555295892823547,0.2033953100502551,0.8133160726017432,-0.10945459883731741,1.731924682322397,-2.1170080522063484,0.3761775512837346,1.3417494837515977,0.10533904482939617,0.3023586930169115,0
-0.8247581260965573,-2.4486662406819346,8.723534424513975,12.371420603967533,1.0573422245789876,-2.0459473622058706,-10.412813292980339,-0.1709049713478539,9.519146642128995,-0.4577334909840689,2
3.2232961169383563,-6.8866719525092694,-2.516688897042311,2.606930372997594,0.8100041230609201,3.9780798105525217,-4.177934894934025,-9.063029463608856,8.591674042605023,-6.730065847630578,3
4.120576030998316,-7.273759929114478,-0.8935734509479087,2.5043719577584787,-0.009793523476589683,6.277435711557754,-3.1826038447050697,-10.470871176806064,5.6267594781490855,-4.185194069908533,3
0.7884409397749487,-0.1924423918590581,10.354495429792934,10.872591949192973,0.5797777264722453,-1.7326494115199682,-8.403130347316695,-0.03630126012029323,11.258764520481185,-1.0526469674180414,2
0.7588431263020684,-0.884214361816585,10.926280135025324,10.861431881133171,-2.6126408369986454,-1.1839187905042186,-9.902371809045508,0.041679062874213794,12.459016302215023,-1.5215867853070848,2
11.049008778625364,8.757242117407257,-6.05736012166991,4.664511994645287,-9.4049999994354,-2.577391663019072,-6.713575475193992,7.221134609005539,-7.09917727993663,2.683203864299446,1
4.137227300747717,-8.67103636266876,-3.6268069286090556,2.8366286039002384,0.6434277595008477,5.48644890217563,-4.684877714710797,-10.874192542075233,5.037595794510246,-6.332934465760829,3
-1.149122669709197,0.6924102929648634,9.057077378535404,12.18562610717082,-1.8211950075213528,-2.1317182024541266,-9.23414483884185,-1.392358318547744,12.418013234355902,-0.022877654903148414,2
0.1499186534818738,0.12012028271865843,-0.8566605509334115,-0.736992330656528,-1.707649383125218,-0.250751431778331,0.7857412897111967,1.35432989677456,-0.2447798579054633,0.49166883200969064,0
1.0589397076975777,-1.7125018547062079,10.30455577278269,10.123472624100422,-0.11242130573437192,-4.13434005085263,-8.644567386278233,-0.3915021706603001,13.551888404468984,-0.46042234997129355,2
12.25220172906589,10.89736626240385,-4.2030007985397635,5.434951070057724,-9.242322078140443,-2.943307958942484,-4.539586697226445,7.158199351368514,-7.213844849787812,1.018976651767802,1
-1.4499755984017062,-0.315661249001483,0.4756960322125993,-0.8015739380786786,-0.19761047802168252,-1.6134594081376321,0.9324838522703204,0.22008232956098164,0.30854590263921694,0.48825061798489505,0
-0.7328558562042362,-2.4881950729146087,9.502783311423066,10.384032646880309,-0.6820476012445763,-2.08792628201965,-7.988901203936504,-0.9215563784285083,9.776162806759723,-0.24096143844293672,2
5.8773462824309375,-8.061245278788137,-1.6374041407907844,3.6524048386664467,0.2769838877412803,4.762442677328364,-2.145328342010978,-9.76739225762036,7.693412035581991,-5.450292387986904,3
4.043470207835511,-9.19430370621075,-1.8540698469156058,0.9544577250888022,1.0335307559074787,6.44479322779592,-3.9971890255689915,-10.25773279662086,6.833571204178568,-4.5735767211456535,3
-1.9022866327422336,-1.036246048195426,9.231978675463845,10.075576090460677,-0.9190534503913198,-3.2627753095428416,-9.12143018316904,-1.1297028476838755,12.732291875953168,-0.8727496409517075,2
-1.1408970731506984,-0.8488622443242961,10.903903893956777,9.234577121573137,-0.6609829142002581,-1.535713836696286,-9.234118795500239,-0.10803768472112377,10.31092399938835,-0.3349560861251968,2
1.5209852402541009,0.10158535817304085,-0.7110367704551509,-0.5049148422942278,0.6564471869104684,-1.9583409157869407,-1.0426822762960921,0.21264607619734027,-1.7066695773747482,-0.31251787913486384,0
-0.6790431825585895,-1.532506273930319,0.02696115618635197,0.3569598962178099,-1.7024818017065875,0.018486070656429827,0.12223975184849553,-0.5542295431476606,0.37983820239517424,-0.13266241627731973,0
12.105698609724735,8.200269068083658,-7.177872871907559,3.190355595959298,-11.249753404068196,-2.60133952728448,-6.184174048429658,7.919025809760408,-7.288995366681955,2.5572833606426575,1
5.0212323077785985,-8.419029772286892,-3.50261376380485,2.960788610941573,1.1796647211130027,5.295392180679442,-5.453670609782913,-12.090020792451725,7.449325663207999,-5.989206569473358,3
12.8933594165624,9.492169816136135,-4.02441003367198,3.9130093942223323,-9.394499628873298,-2.667255130534253,-7.371779991122919,5.784665789349935,-7.918807808756013,3.355107724234019,1
-0.2929269400601429,-0.46208826064125613,0.9378270139020575,-0.9691364877878681,0.14058191718395388,-0.4197676934168404,-1.0065785663268685,-0.727711453968096,-2.051259705080245,0.7483468268936336,0
-0.37230575620430595,-2.033540024997457,11.166260792371116,11.407305756406595,-1.3822418084539265,-1.5409141747012263,-10.279526847804375,-0.48690590602175327,13.183397553991599,-0.1265378263322885,2
10.928967687996504,10.565576786138648,-4.904170744757128,1.0415731013311968,-10.581172677836786,-2.084778971122933,-6.741468189607066,6.043722070528319,-6.536588362820965,2.091937995957088,1
4.976435355105933,-6.830739097087132,-1.5110819707744427,3.6790065197234325,0.8643945099135449,5.067239828039989,-4.405193528563344,-11.402175682508465,6.923051972057442,-6.451889099135344,3
11.527392516458915,9.346092563492244,-7.00900262357607,4.149096264956794,-9.068189291936923,-4.021035662392768,-3.920918683824807,6.73153573199319,-8.341110024583568,0.5740484280574734,1
-1.4335259722884957,-2.10511118806279,1.0837352980540136,-0.9842244815608188,-1.3336515825838127,-0.8117587769496082,-0.8566506314107953,-0.14211146116354398,-1.0934867336859668,0.49818614225615515,0
-1.1771122438872184,1.6526150609705634,-0.20383461382920437,-0.6809698594164493,1.1027587086656538,1.217371623557272,-0.43328080809922265,0.2784634529421369,0.13690742540714348,-2.8271014407300004,0
0.35074769704765607,-1.2446284671582257,1.6320424999622984,0.4097975130732815,-0.26278296195061757,0.22117597872945746,0.9303688911586006,-1.4666864125858925,-0.10506072648024585,-1.1858557748623328,0
4.524117921377108,-8.594838393826278,-5.312846225277703,3.448545383262061,1.4023557900871815,4.453934164467446,-2.9736711416547257,-11.371684278623931,5.881180108592321,-5.377284010979179,3
12.55895081855737,9.955638850590883,-6.468560555479013,3.635500205976054,-10.01104291193448,-1.219542195287362,-5.712538782951942,5.556594901693425,-6.919381233554477,2.750613908718757,1
11.24758245515619,9.147259896516864,-5.855790433154484,3.6153632414163814,-10.583185509784165,-3.793408419515238,-5.803556523790259,6.0845248076608875,-7.414382311946199,2.641910725951377,1
5.865026076427353,-7.32085975204531,-2.487051926643342,1.0628528274468643,1.7456984880341486,4.464582901905275,-3.773902426890802,-10.80265828234686,5.436929862943307,-5.164389575032548,3
0.2982005776820124,0.4721740660327618,11.826849577083093,9.395585866057994,-0.9762741799207796,-0.9107104787737978,-10.352839558538912,1.178050471346643,12.939865093259307,-2.7185250561509307,2
11.190579652833463,10.168417112242334,-7.537963379324669,3.552746002587063,-10.721209730254547,-2.367653085549906,-4.290751747129843,5.530755516235593,-8.857596438395166,3.0775277792883378,1
4.592674894362107,-9.819524412496005,-2.127931048974619,3.4338099532156012,-0.3229926027122463,5.93336818172199,-3.427337419141095,-10.56014847882822,7.300403607957655,-3.9954381427714263,3
-0.49872630007382324,-0.6699206444384841,-1.0017474327097162,-0.47751534224355074,0.3730212137312065,0.06406067018617992,-0.4382169363821591,1.495507468797224,-2.010633473879639,0.30613591515571065,0
-1.3695163301757336,-1.6478321802696518,10.211406303276409,10.72951750997684,-2.329174468582941,-3.0473434145486653,-8.61782386884182,0.2804653773017626,12.375301808387015,-0.5822103323889194,2
11.944028631632873,11.472055518802016,-5.464328722273827,3.589065129196059,-10.864594501881124,0.4494818931991329,-6.8240073745426955,6.465955867062227,-5.430771678478019,1.7763581707503788,1
-1.029879858544512,-0.5384415296230124,-0.38844582960233465,0.15785353101045632,-1.4126801259740627,0.311484670336292,-0.14586842129664834,0.39810780101283255,0.5473066422443585,-0.22593544385578487,0
1.096434561876077,0.6939675152043746,2.009545909525292,0.781460895857772,-0.9608896355660385,0.5303690609091914,0.9880216735158562,1.0394788141253464,-0.7768421478907362,-0.8963377023554752,0
9.890946270284495,8.500881438557682,-3.7586384817212086,4.792730133843693,-10.774703282762086,-2.016711338618821,-4.419316694524367,8.656292409889733,-6.038932100700363,3.010910242159836,1
5.26519025999757,-9.486408878668282,-0.8646714098804527,3.783694315203015,1.1364155401112803,6.28154013657334,-3.737065073810967,-11.237455773994924,6.636599058003182,-7.33574098286435,3
0.5178428064347476,-0.5041390157843992,9.059773102457903,10.430704416802223,-3.325345264727301,-1.6986169852290123,-11.79281963680707,0.8235419376721056,13.373131103614883,-0.2736852608857528,2
11.243813281842394,10.420052929904454,-6.689900671181181,4.144492800788591,-9.888028901485946,-4.382233595719449,-5.599552748065004,5.617947074944658,-8.752534293185349,0.9376375642700017,1
5.275756119327857,-8.68922271494639,-2.4792412096358833,2.1055189286773905,0.703844414213573,5.577160685671947,-4.711070863089498,-10.634219024052179,6.255342629992658,-4.444028415298294,3
14.318903287262255,8.790463104847744,-6.283318850625648,5.800562735912416,-10.186237175072273,-3.9570906611916445,-5.538093740515941,7.095361391855264,-7.232285514432579,3.237285638800614,1
12.541961099254527,8.985614272211343,-6.550816247413987,7.022222634980979,-10.997504502979297,-3.6332043171700614,-6.736632260212071,8.331427310131195,-8.019002158395079,2.979493492635389,1
-2.270654559724372,-0.20590963018198583,10.414866615635683,9.347164802303665,-0.511004029478307,-0.9056195519538348,-8.78006236638567,2.412996549640666,10.868805280606813,-3.0080696518241226,2
5.600647059254625,-9.426386619171476,-1.4709453109102082,2.8954174190877664,0.0792880499547971,4.179575612823925,-3.702276625490779,-9.820082879365,6.6924514570613605,-4.1373872109828405,3
12.85897925444331,11.131239789462757,-4.221119263599964,4.980548415696202,-10.108124086444423,-3.336668823729158,-6.412457223403475,6.437402327188852,-7.091949093583787,3.771869564394229,1
-2.351821650902054,-1.452942115030009,10.967572541439452,9.03845602288512,-2.9046623205852984,-2.011130956458674,-8.40848060375259,-0.7057371453461474,11.121365483330438,-0.14572381183288452,2
0.6356767516922871,-1.3421268248981666,10.307649264827218,9.014031862093026,-1.8956031580215855,-1.1399682896885617,-8.861404384746812,0.45026617453365525,11.121467793380118,-1.4978648038566313,2
11.392917441799636,7.726125906799282,-5.241506835101309,4.404968513452424,-11.484011425622047,-3.4843278177693557,-6.323175964996634,5.0048291426568,-7.807373895836839,4.404248211844657,1
2.0518128957043857,-1.409360469528985,10.149857248579842,10.900325046397036,0.26278801555695785,-1.8087860387725316,-10.109344258401938,0.3962508820714476,12.846864131272284,-1.6671078908197052,2
4.087092351971395,-6.973225808372718,-2.2822946185866333,2.7883219232312526,0.5553098335411226,5.3868330107698865,-4.744341118347832,-9.600916473110168,7.173954889591596,-6.188070460913889,3
11.044886605705395,10.323466232892637,-6.7576974985897005,5.870961440464644,-11.06463017748668,-2.22476766865683,-7.051954343434684,6.440491076751155,-7.556181926868994,1.8947755915924693,1
0.6392014028808448,0.20158626458181295,11.350531730184867,11.23160389943159,-0.17927731407888647,-3.236711616381809,-9.712575784059316,-0.19389922191484693,12.312393688549015,-1.3727533580536986,2
2.7366228622210733,-2.6184588284982455,8.24830012624192,10.941085438130719,-1.2232699050444231,-4.552578599409662,-9.182024997170187,0.05332303182561219,11.55156727269701,-0.47018904667675226,2
0.13747634514114523,2.0893426498517984,-0.6283361487962332,-0.10030964099255302,-0.03044033150276641,-0.1024217660169797,-1.0692106569611604,-1.5836498251604982,0.41720157437919353,-0.6334737855506571,0
-0.8196640161872062,-0.4394682699902088,0.6410602694118086,1.4972961671819256,-1.2423102778762012,-1.7008040248478322,-0.0006063508722915782,-0.10387689697180454,0.7001692961660986,0.5475603466210137,0
3.820857026418217,-9.042702082934005,-3.0305883029105605,4.876926529080411,2.1789971836728235,4.708824019195908,-5.6825447269015825,-11.090222631354997,7.612562379758992,-7.182431832772835,3
-0.3578708275585516,-2.6126711812906667,9.517460351624711,10.43441727883377,-1.9428886084829418,-2.0448654963762443,-8.869192692212394,1.1770326274140777,11.554895955561694,-0.660688306844572,2
0.6942279000338891,-1.4430766657426757,11.616749783041756,9.306366728609364,-1.690510304217444,-2.648283599419956,-8.218749595613389,0.18682738914079045,10.83376524511956,-2.6446833841903707,2
4.18649480016066,-8.719114353053037,-1.4851028344495403,3.6109642137071476,0.9227197301928138,4.55561642656263,-2.1514206228685695,-11.556780547161116,7.804924542850819,-4.990442652820512,3
1.0579559317068692,-1.9987108548966628,9.858076790755481,11.366026101734251,-0.8396708601432789,-1.3728276118681655,-6.586381892776057,0.5259619455448173,10.991183962914869,-2.219625498063799,2
-1.5761816009701923,-1.2861078013010403,10.65015231605378,10.485601036839785,-1.434250085192638,-2.5872200194330413,-8.725843472309494,-1.5960420543460188,11.844447109329346,-0.0465583853734618,2
-0.9131267383846094,-0.6460417194492947,9.170378984334446,10.335732842965013,-1.336784363515992,-2.324487475137677,-9.124267910243812,0.3467599751647599,11.623647267290366,0.10210563737383027,2
10.647359568215316,9.345945715714288,-5.4023533306644165,4.296682771603695,-12.162057973060074,-1.3736032113007524,-4.6772910528514675,5.998539444464876,-7.5259879256601465,3.582931955447901,1
10.066442347618182,9.422531280831464,-5.333199753869872,4.006780649635241,-10.561535248228921,-2.5695035781140145,-5.430117708072077,4.02054052643539,-7.522663746927407,0.8432417695944825,1
6.526861446238998,-9.543443436537434,-1.8110242932231408,3.3227897167522253,-0.21377533302003848,4.147305194913611,-1.7710874451505387,-8.67497866966519,7.162457022356726,-7.003100061467087,3
-0.4303158446454495,-1.0056459863919494,-1.8386127764956959,-1.3543789299543936,-1.1166740667101471,0.6509221580409689,0.7246231467643945,-0.8817991044667711,-2.663654140437395,0.009120719501876304,0
6.0561738790742785,-6.567564652915276,-3.241684635563305,0.9621270184191992,2.338421996177397,5.877181174782685,-2.7672546726833063,-11.539952441602699,6.829592367756402,-5.4576287130596475,3
-0.46789383617322516,1.985637686225776,-0.11554146896516052,1.2692329069202273,1.1914349777194386,0.18954785608087055,-1.451640843729505,-0.0939186386509157,0.14696627621295233,1.277921289902985,0
10.377983831542291,9.221067936574228,-5.48111524981532,6.02664233385782,-9.216836636910486,-2.2708610293762193,-6.652505536236873,5.858288624134887,-7.10712179332326,1.749984910994484,1
-1.426675895220339,0.13441252790227645,-0.25997598866823424,-0.8693045412075403,0.11189670448859902,0.10327915300694296,1.5186240394564274,0.6864175004467297,0.21697279003687273,-0.9475144736513923,0
-1.5605616026082936,1.380714375892219,0.846407127836525,0.5091407622706997,0.13169568857100736,1.9701379824624783,2.1179236007049025,-0.6152297500176546,0.6122047872316672,1.8743764971778318,0
5.505362482449476,-8.742093543710094,-4.190732615341616,2.261115210466476,2.81844068715417,6.592237263451222,-3.1879415981043424,-10.931539500662018,6.6412622677772335,-3.902196359476868,3
0.2813890006174067,-1.5883035894097466,9.318711086315858,9.561885080531592,-1.8522450319344939,-1.5450562819552185,-9.31050933717163,-0.7069431428588473,10.357906005983612,-0.10135037872377106,2
10.471741638612992,9.506507897149243,-5.899116143373442,7.150074430254591,-10.595565354940032,-4.452408055614797,-4.900815760396872,7.022174985703971,-8.20323482317035,4.703771870287449,1
5.3366817351090985,-7.279548265623004,-2.8506936083954777,1.3604230239285076,2.3416734674522535,5.472212795969364,-3.071098084274379,-9.824062210147268,9.496039927873948,-5.71733626339855,3
-0.6778556065415727,-0.8331072210357215,9.749305737028092,9.680990206756974,-0.15910743338881883,-1.5576603606149069,-8.20906252210059,-0.17885612420651192,9.958932203400876,-0.7616573785442655,2
0.4618193820468438,-0.014492730657749742,-0.09254985208954168,0.02998959547752066,2.9608696904630456,0.802406985981937,2.5860579168995224,-0.008102414008182882,-0.3090579693645207,-1.0741970583754759,0
12.687060104596595,10.833421655001366,-6.960129816185164,5.683320093676645,-9.825737507286883,-4.645775720607151,-6.927364446403288,8.85334723386267,-8.67194535666421,2.987622528867933,1
2.6570038209756204,0.13818604776861484,-1.1777456475995065,3.5994667806973926,-0.536018578780389,-0.2090799180762074,-0.13679823998536259,-0.8479530565690355,0.24735201749614288,-2.2107401663600257,0
-0.6738243809748471,1.1115873132202774,0.6137462931064309,-1.8868375081077238,-0.374224625042534,0.4896967745931596,0.13886561718833837,0.6182042451839522,0.1159816597822965,-0.13259767347933296,0
3.310229210179978,-10.078173631712021,-2.2274352333446714,1.5094590950610354,0.2326075232240361,6.576717359435398,-4.4471700692821985,-9.446248737143168,5.711338041700909,-4.742207561424434,3
5.6825101626464125,-7.348640290547117,-3.8987592324967766,1.6417851622099975,1.3343840361395924,5.525583678186888,-2.7302293316748534,-10.453285909271866,5.415254418281206,-5.727023415006699,3
5.374590613769941,-8.610412557220636,-1.9867150633561113,0.9658159596249887,0.5407935375831701,4.186085108069712,-2.1704607875618134,-8.987142584691973,7.622993043296184,-4.66953261067888,3
2.8611892888284505,-9.018231811568281,-1.464205438854678,5.240997917485604,-0.43854695131278776,4.322631643103275,-4.924666900947216,-12.536475236366574,7.007023787170487,-5.022652208831249,3
5.442448579713809,-9.985637879210966,-2.1638280314256915,2.676359063816795,2.112619071829121,5.320329172556278,-6.076335713663088,-10.060045088177507,4.670689828255083,-4.3427873192658595,3
5.253904034105678,-7.918045890952461,-1.3274660219064351,2.6549497515414107,1.3066051515144732,6.050718496742673,-5.307617563547746,-10.906710630552015,7.111609278438069,-4.696298161449369,3
0.2844917858945168,0.3203685642927417,-0.6116996611329786,-2.9361620300991564,-0.8854908865878482,0.16188818624025636,0.6886080536900302,-0.07929665752844665,-0.47898604707561543,2.293211005699324,0
-0.2790723353428101,-1.7396270386845216,-0.11433467903320715,0.988135143242747,-2.1196394750468155,1.2342088246207903,-0.3302231266561985,-0.027164867126605836,-0.5024197801385417,-1.7132368825486595,0
-0.8961226258739732,-1.364097895870223,8.458882369734548,9.395282016305753,0.20606832620433801,-1.7986390965294325,-7.58476843501355,-0.8909901993630576,11.171129726836524,-0.1788333784929128,2
2.6012939908683377,-9.373616094119576,-3.332812596328409,2.7850356111034364,0.20611642391382473,4.419022337693994,-3.0350610662714654,-9.713014888004471,6.113989462647028,-6.466630569680376,3
0.07589103852077479,0.6226631939451467,0.2889697555099871,-0.09946710500348493,-0.7214493431974422,0.0784888908654562,1.0943997970831405,1.782004586998721,0.29227664156891014,0.7551611350959729,0
11.778607741794636,7.384125552616344,-6.984678193070984,5.781576281653355,-11.057023506816778,-4.079412284176598,-4.9240937856933815,6.417011070713076,-8.151244290044056,4.085212381275923,1
4.695306752589939,-10.67633430980164,-2.575410459980381,2.55630886569849,0.42373220064690464,5.242538479336891,-3.2619589621117124,-10.161348382436586,5.655496612652777,-5.867288573203905,3
-1.0555823121207522,0.9668198344788589,-1.3445857570134712,0.3584973808143647,0.03561434108602459,-1.7630545763714252,0.06894205809604963,0.2819867517062984,-0.654875973957791,-1.012421998842608,0
-0.23920401739525404,-0.6508260249943387,-0.2830431742754161,-0.04741538103072218,-1.3744498919394217,-0.820228515972456,-2.1119182488641957,0.07792745210031338,0.07810120108432671,1.7785154362651796,0
4.5075400533830186,-7.626337777526772,-1.2242978423602309,4.10911956214345,-0.46101248799045136,5.310142227357954,-3.8300762164301707,-10.518879854424087,7.866471381124188,-3.7169662171419526,3
12.975529568701377,8.21160225061367,-6.228476767820413,4.92498649502845,-10.025015174154332,-1.6681735821284531,-4.836761152808531,7.554106861996285,-7.682944912379802,1.9475976656173235,1
11.090930995870389,8.907132876989357,-4.264383702840529,5.9036465908286,-9.403046399307229,-2.8002574066029693,-6.598417967828949,7.743678259651747,-7.408943834056089,3.3491837848891066,1
4.281973728728164,-10.882749045571266,-2.1415106259819043,1.7400474427754604,-0.7926049043212595,5.670462032197604,-2.652956452295782,-10.584400571699351,6.015423937149409,-4.898615089427774,3
-1.3112458388977202,-1.1992975363868092,9.69778679907434,11.344420657140304,0.9871405632330482,-0.5849470718084946,-10.264077378175068,0.027805941090415343,12.494200012385544,-0.10395902746867325,2
0.8333495818102377,-1.453376979016899,9.382930924555254,11.133564419189723,-1.2885456231069563,-3.038273835211278,-8.345837592968758,-0.16692311347104125,12.466224587459633,-1.1752346357110068,2
3.3960637166883885,-8.235083419994895,-1.8115846069310955,1.0445163109953888,1.2909730584513166,4.539341537720778,-4.476939888673735,-11.901159564612366,7.711164882290767,-5.330208055770801,3
-0.998468326721944,-1.6664191897478233,1.887685776866593,-1.147057175402172,-1.4985789972269905,1.6190315693901793,-1.1864699217971546,1.6449142097286245,0.2740908281706544,1.2839570766734367,0
1.3027999305197584,2.5975171258444507,0.6713973713412849,1.1787963277855196,2.54346265965724,-1.0062258478164758,0.13062740877500842,-0.47799653208665854,0.8426577102610722,0.27161891947662087,0
1.8672885765795568,-0.47401453232682367,9.629475607231276,9.990181595595864,-1.4466150850794182,-2.711474580201865,-8.82550389421161,0.39499632127450474,12.544364349862732,-0.10741731053230197,2
0.21096628758662087,-0.7306436648021343,-0.19848235146757265,-0.20584299723508792,-0.4232152998682912,0.39105690774524765,-0.44699593201448135,1.6111149824119573,0.6289641080405277,-1.3493100547414034,0
10.602954946824068,9.771911986892771,-6.5350676047768825,5.338971831527679,-10.439541700155823,-3.172585468043876,-4.47778155256034,4.566088234993258,-7.202191941891554,2.0249689446651318,1
10.707439617139027,8.461677037878104,-5.075624125645631,2.983208476478879,-10.4277991423722,-2.5947501405308144,-5.944173918408669,4.870431636925084,-8.109916127751688,4.21864386353645,1
-0.38089974296809204,-1.469973707946739,8.244792329389389,8.595649671292911,-1.5197501717711954,-2.4759945416260156,-10.380535454434405,-1.049781649071437,11.466690164270927,0.25864650924234156,2
11.139745085016934,9.782531533497282,-6.013996226338346,5.870675148300732,-8.891506477143373,-2.211380874790668,-5.0389201439202,6.100121483242351,-7.749223193797096,2.9877348659421816,1
0.7542335760662479,-1.6826466200710253,8.206531777806763,10.96799259941029,-2.381819176283298,-2.134292643155224,-8.723631041072839,-0.3033940880579358,11.446452339700013,0.7785116186396166,2
0.28317100533636375,0.5342469328750559,0.5348069061505235,1.016820493446502,0.33832518878458007,-0.47704074077682074,-0.647790044753197,-1.0633087528686225,0.15117964311290605,1.3213117146525233,0
0.9019870412049007,-1.6135317156275004,10.07363215333126,9.895664471876513,1.3415510572683003,-1.4462788380432006,-8.451645583580211,0.6722734669671002,11.32519934080871,0.7488560667062154,2
5.687845813610414,-8.048908337524994,-1.3444783043089696,2.723822875597854,0.48026571368853005,4.960182071621372,-4.885508073807947,-13.190939895634324,5.951805489070872,-4.589662295705447,3
-0.14218970921046792,-1.324781133086537,10.147191239031072,9.35568632145446,-1.7035061910286802,-1.0519399402252614,-8.27998941313958,1.1385332989362598,9.869325682405847,-1.6585426201633449,2
0.4921774034283972,0.36231500116080956,0.22681908925404357,0.008841772354883677,-0.5665630169755967,2.2721814526647686,-0.2983308402480882,-0.8651133634687833,0.05442727521013373,-0.18094104631111765,0
12.616792110279597,9.13316432306771,-5.458448645164788,5.47733235225205,-11.191825443799688,-4.588054848041038,-5.7848502145195155,6.1798489821889175,-7.804808597327849,2.521118420240466,1
10.144249300319077,9.44855996316413,-4.661351269627363,5.432589547997457,-8.474836962694615,-2.157697536642194,-5.390868047677944,6.968572352947032,-8.520103288145778,0.4900730637740871,1
2.3186786885499338,-1.272515210357991,10.10759003184363,12.79902242831232,-0.44644002915194086,-2.6725940574933515,-10.016032239868567,0.18352069414163935,12.786424223445906,0.2813506129222778,2
10.731028044851746,8.320380084940483,-4.712360325520685,7.057746415788065,-9.95126806454501,-2.9694756026216607,-6.5254544619918216,6.677511357539766,-7.107572355330647,2.582994564030471,1
12.36386522927572,9.12029288608601,-5.450759222268138,5.825493210660152,-9.18850738444625,-4.219904281004911,-3.776783614050206,7.833604973123688,-6.692370998363851,2.9375793761305715,1
12.953215491227278,10.355397497833717,-6.668795410072355,4.074339159571178,-11.087620334313009,-2.3765358850935825,-6.045208168799206,3.3710145803615275,-8.92259413265891,2.131852291015703,1
0.9512921636025845,-1.744947686667833,1.6401472260255747,-0.30493856611388925,0.6149121541573556,0.5287079213637309,0.1512317882065191,-0.6006860614775598,1.2423725629278541,-0.5148512657211043,0
-0.367158519953864,-0.183334343500785,1.2538668888237479,-0.7954379476369655,1.2941853496622873,-0.25203873658628795,0.7559960527769166,0.08676420557898726,2.2331938466511856,-0.8873923901075258,0
11.393420145198917,8.806182186357379,-4.191638533423658,4.135548958682131,-13.095107031198456,-3.1547290026033283,-4.5344485491384265,6.209144708884708,-9.37908489681475,1.5480099686849726,1
2.365646694778936,0.24314977161361484,0.5544728438546679,0.6777010940660436,-1.6044572658517375,-0.41112217268528495,-0.5138664215304726,0.8348666488959479,0.7183693078940818,-0.12073674273294784,0
-1.529370745114339,-1.4145755345482212,11.244064843619487,10.728028051610252,-1.9308003916282783,-2.2692499829485713,-8.553434477026533,-0.15104118367265565,11.567146428127826,-1.4860913746278772,2
0.725329831984233,0.8619738352694734,1.2523993796287587,0.28980574199839365,0.5047811182391668,0.06812044071361423,0.7074548355529011,-0.93424235709999,-1.4084648309152514,-0.828738009441283,0
11.404825979696078,8.991001338325745,-6.1059121097160105,5.6470358987029154,-11.614446291841723,-2.0098865257527745,-4.131348452653168,6.708052085422647,-6.4109048843977465,1.2046880503139,1
10.044591014574854,9.176640736473045,-6.325440202624572,5.0669604221067255,-9.915254074082743,-2.7731547765345153,-7.247225552741431,5.184666051807293,-8.627853849709302,3.1359981127875844,1
-0.8090585294811227,-1.8384529907092921,0.15703135692648132,1.0708487475682444,0.6891804756468861,0.1754841955303034,1.2506453433487779,1.082017239164916,-0.3309145277290606,0.2475217283370697,0
-0.4071890042220247,0.9885384109739317,-0.18745313594950994,-0.9280186580189433,-0.5400662529872428,0.31232958205838107,-0.44959580241088093,-0.3749752474279137,-1.027315814645204,1.435366516202812,0
-0.38938362970700374,1.28387924418012,10.120242156667723,8.706157980872284,-0.4224821098245925,-3.131420584803477,-8.701246363953818,-0.5912821176406479,11.220395388744011,0.2627456451953132,2
12.093323494491877,9.84716462472355,-5.738394904879785,5.014960286328413,-10.345038195951595,-2.3862738031735438,-3.7378228651008465,4.382373679829608,-7.982760813149355,1.6437472857105093,1
4.185791544915231,-7.632484877656928,-2.8462474240041957,2.45277266989872,0.165571497018892,3.8841277539482166,-3.785082138777689,-9.473906889492998,5.46071032889778,-5.3501980557415365,3
-0.2632495273707556,-0.5205314131322448,8.226759350745667,11.302615095437615,-0.22497341111505564,-3.531225695272046,-9.913082445257244,-0.6885481339201013,11.51712442765702,-1.4773210883099632,2
11.21686952141482,11.618146110848164,-5.235577236330769,4.714078951115261,-11.034029597049955,-3.692660084053425,-6.672450131764896,5.407183322617275,-7.463353005471709,2.558031752003956,1
3.577778107813664,-8.739067309763817,-0.9513805018871457,1.060169214283788,0.9056581643982295,4.044365036432408,-1.9797604027667393,-11.438509545433742,7.401458554461674,-7.425072437777312,3
4.7467299834449355,-7.881550317544833,-0.6843133911822177,3.720049950736426,1.6351543877792012,4.421100431297809,-5.1334171759944525,-10.687622425459477,6.246160907007922,-5.017284838759583,3
-2.2213174669095896,-0.5774072038147338,9.172429774719953,12.231935652007138,-0.49881451197854754,-1.944491031584785,-9.861944798732493,-0.8400045126503117,12.312373073117548,-1.6024799648486554,2
-1.105833744592858,-0.7732062043621571,-0.9563491359304823,0.13895858928171978,-0.19553451362456556,0.5089094376306915,-0.018634838673107914,-1.5178734535870388,0.275812468097975,-1.7621656504328693,0
-0.46917419946200767,1.2342478154274732,-0.5470242510096601,-0.09861764364055987,-0.4119698691130282,-1.7832214812837974,-0.12330765200479676,-1.010621763578548,0.2545804326435609,1.105638510041112,0
0.8164960238933582,-0.012580063502112084,-1.4118517083219448,-0.23876271988824793,1.9311110688625377,0.858977026043308,-0.3789750689064935,-1.869165761000935,-0.8324911782306316,-1.4064740040344614,0
0.506604027501984,0.45085686648841533,-1.663753195031992,1.0491254172400255,-0.5665671945289692,0.05505462198696162,-0.3581825639655565,1.622591502232909,1.3434902081840627,-1.812334583770722,0
13.0868654555861,10.13867507180453,-5.621326044495211,5.296498369004728,-9.90303255615368,-4.3005683668728905,-3.6765127296206455,4.484737763472711,-6.595542722351925,2.6324883908665324,1
10.051693111057402,10.597250286627876,-4.180796497797681,4.10494151310221,-9.617589811879263,-2.661236452514079,-5.123545572238918,8.042488312135736,-7.4170018455548865,3.3405435335318487,1
0.36864275995177204,-0.009058362192817526,9.515960951849891,9.98848176649047,-0.21883072976616802,-2.0962035259023413,-9.607334382091805,0.2797308829949539,11.72618542353425,-2.021705247634201,2
0.4830652719169629,-2.8102453673248675,10.433396228338891,10.645922487493202,-1.2310408736440486,-1.6357356621685648,-9.316616098759864,-0.3650213735614046,10.448529664873364,-0.3676872286342784,2
3.6764122486004167,-8.514162327985352,-3.547662478226658,1.4902117538767432,0.8428847510238922,5.165048857249725,-3.596825888198619,-10.79054934830692,6.0289494701928295,-6.698079255516312,3
1.5926163890956317,0.3285862079306091,-0.9219547275193818,-0.7147321845109091,-1.2141587550346613,0.0772726276736602,1.0311599848356707,1.6309012756323256,-1.4862817309347771,0.8691172369833301,0
-0.18846903675062704,-2.1709829351567693,-1.5726375147662541,-0.5615806151826976,-1.0728422931626356,-0.9159617536999785,2.3446698953034306,0.707523013666104,-2.577345022994343,-0.31432191122050235,0
4.7469320508588195,-9.22353122789409,-3.598881309777328,2.271418265664779,-2.4304047019350197,4.971218066380434,-3.7311541673749486,-10.4240457852205,6.492327496905864,-5.440202052198952,3
12.635512995203618,9.774205492938641,-4.632909018552526,4.983447623902938,-7.932692136388748,-2.245322483148847,-4.2956071767398525,6.16959030894434,-7.533575510312133,3.2179721899638567,1
-0.16861234598394376,-1.3249354958331,9.703807121644065,11.31394120096371,-0.2546858497399641,-2.950062801300492,-10.182402878626188,-1.2646268963053895,10.840761442477655,0.0734776030654889,2
10.110864523150294,11.186781604175852,-5.6883609450204355,5.063670165490482,-11.19794980563426,-1.8853041551094205,-5.931310930089885,5.267891598087246,-6.2886447155875835,2.190252519805927,1
10.77634634962252,9.441265667238115,-5.268625290009936,5.289448029711927,-10.480314159047369,-2.986900193504403,-4.626079653546731,6.107210095104029,-8.933691142195846,2.181700963136158,1
4.412629676110935,-7.573889295827067,-3.681427904496774,4.233907879723538,0.47896783311774194,5.125185835897533,-3.9295823479939203,-9.893820454994032,7.786664980416103,-6.608965268989121,3
0.26973070716281194,-0.08732936440360271,0.5142570786126844,1.1893328343124843,-0.8863618360191453,-1.4513967023129088,-0.5330082496364661,0.2116619432997037,0.8698716176212316,-0.9895078248554882,0
0.13668577206851812,-1.5933723211550388,10.932107862401574,10.859512557179368,-2.1524780726794,-1.465905347393542,-7.668276898895824,-0.16545067845271214,11.652770341641547,-0.6646518630548878,2
-0.03422059841756954,-1.3945013039516583,9.755545483076101,11.131927114527098,-0.5009868562838258,-1.3855040808692356,-7.514555335293152,-0.497039756215699,12.833712119003971,0.6211898921268519,2
-0.10698805162588194,-1.3034604030642767,11.995601945050321,11.704576829545006,-0.6610358431638238,-2.6135469530949504,-7.751242675789715,0.0849464693112919,11.071490893128518,-1.3629977778547997,2
11.356245547460233,9.914657312587691,-6.271009187235598,4.5972982408849115,-9.310523009990987,-2.684320137921497,-6.37267761078874,6.039624930036872,-7.834633703979298,1.8335901439067224,1
5.891404502937067,-8.648416788847197,-2.187181157036818,3.23930681670063,-0.819259468277546,5.750782453769391,-3.0027502851756545,-9.847421559544586,6.053865195252651,-5.32994470324105,3
3.9218319757363984,-6.9509781140832745,-1.9510543247747862,2.0981035230720586,1.4313654498018777,5.308809132535449,-4.023390703156263,-10.024143201652368,6.354368087375213,-5.229975653862655,3
2.8111425275661315,-9.04793203296334,-3.671539785304672,1.5506569703105986,-1.579966382561386,5.047513861943084,-4.569866165430084,-8.623311648359145,7.725116845630115,-3.9854184005006514,3
0.1944102082826167,1.0238746621300039,-0.995288666754795,-2.322181343938629,0.6708084920959161,2.502962575602973,-0.007354653648815482,0.20193220106595625,-0.2958084330939906,1.588060841510259,0
4.231766810008501,-8.87898180067201,-0.5280089659353298,2.6018800463178913,1.0018275910204057,4.774662681216071,-5.223088793493687,-10.807455079364205,7.84371768430739,-6.426711374230143,3
4.901230033826989,-9.687023357999951,-4.121753046696813,1.5712939192236137,1.7105079049905505,3.745177879319039,-2.4741086389018654,-10.297279616653633,6.214166418730813,-6.669163612296143,3
10.896740106918312,8.991664280356199,-6.828132375035127,4.650328013037805,-10.030182781627698,-3.287062566417922,-4.375574150307878,8.874127088436063,-7.331179997746528,2.534865887988147,1
4.593206308619526,-6.900743769461994,-4.381581341493838,2.803789999329815,0.6036005256314827,4.160160805875201,-3.779893885762534,-10.187751421061597,5.986299373148183,-5.5614880562964135,3
12.852070429111343,8.973225170198468,-4.399728940593873,4.834915582879306,-11.266915860583858,-1.270840683424886,-6.7718610707563025,5.619704501375318,-7.254385711440992,2.6569188070374476,1
5.896178740783177,-7.897787570238683,-1.0377637062231826,5.689855269678488,-0.1276402024020442,6.026197902560729,-3.8727689970795387,-11.187572987161506,5.26625856760945,-3.488529293678371,3
4.567287951664289,-9.46440164542657,-3.7912902823732617,0.3864161621784148,0.9949643505727042,4.979996082477916,-3.075441208530254,-9.278072042459929,6.491229927420031,-5.686439540050442,3
-1.3018184883519743,-1.7367924319168262,10.485288379838885,10.390698139638388,0.8427216008174626,-1.4826404927660692,-8.289903259894388,0.8283848747227146,11.478511340031144,-1.3042478792591452,2
11.707816030631816,9.944378000270612,-5.176240302936941,3.39476534063568,-10.506160037059658,-2.708045276060584,-5.934130428031316,5.626180950703291,-6.746259897094494,2.746159604078748,1
4.19953707686527,-9.170868878098837,-2.1467613105621868,3.2476189897453063,0.5964298753716115,3.809276806461596,-5.638559421695195,-10.731323785401177,6.969156653116701,-4.972218559180391,3
12.125335770167752,9.410749217126908,-5.843682070681182,3.7922361435924623,-10.029228410361824,-2.988250946725387,-4.841217828815725,5.07767758785422,-8.073977914369511,1.4165802665201672,1
-0.11299362968768209,0.8016932382559767,-0.8609683672634555,0.23517043697858056,-1.5686751884285906,-0.2748556772125236,0.46367783499565546,0.548021227119131,0.5548337959686425,0.8043757972503324,0
1.203600951686152,-0.537973729321567,9.168436368691273,9.311005193767155,-0.7100082108173464,-1.819999459794919,-10.285989727247054,0.7601901245243047,12.385070097778486,-0.43084922319225233,2
5.232711108921719,-9.974100361799218,-2.7635777820489653,2.4732417927809194,-0.12265956148455959,3.6456860941607605,-5.510382502773366,-11.793257851761416,6.649437294961174,-5.019238397074934,3
3.573581101585501,-8.399819968045238,-3.66935646440023,3.289147585729518,0.1696321719607327,5.667776135112642,-3.8564604933789632,-9.355925267311022,8.065601164814243,-5.172694395442022,3
6.000922619142337,-8.959786384414349,-1.9588015253462312,1.377037626166794,1.2282066903168998,5.270103514294021,-2.749557135496965,-10.903909302659146,6.89156592332262,-5.1406210632475196,3
0.20952923970220724,0.06038314729492472,0.6667853446724203,-0.19391854192387575,2.122026046300686,0.039842322188179596,-2.8841544357623343,0.08420100833937201,1.261463984866183,-0.923306101850534,0
-1.4808263244285942,-0.4904745929797767,9.687583998928057,9.422725263019139,-0.8125640328704292,-2.915545197782058,-9.684014060845918,-0.2950833440804239,13.40531130618535,0.9083499654262934,2
2.9820776547219543,-9.18447988756693,-1.6876647495109491,0.2887457906030657,1.6804337289257327,5.3268002326200214,-3.696150285714409,-9.622038827772691,9.435344212217583,-6.946124641895407,3
3.87488850809223,-8.235691572221501,-2.0662917470091156,3.0960047318239363,0.1365655928310031,3.9160816911872085,-1.7534655590874888,-9.865683334386416,7.088044068054608,-5.1105080562383955,3
5.1707839685170445,-7.41443873642884,-2.847301510021918,2.62691576887181,0.1544960646302847,5.603756713116958,-4.000543378897581,-11.466752570376503,5.070037768234367,-6.56440162761684,3
-0.1138807667229712,0.5452424248342077,-0.2592238817854791,-1.1392051716173321,0.019081331079100712,-0.7666717991916299,1.543838306914531,-0.25994450247258905,-0.6679693380711357,1.9748007996533428,0
3.496144512584114,-7.772966376968611,-3.6215119217195157,4.71909392285995,0.9975345946327312,4.80107748398936,-4.763360285906471,-11.821059797207063,6.41162414020236,-6.195736055707529,3
-0.1507997471042539,-1.290434785812328,10.75509645585259,9.724403619353325,-0.3306760871806731,-0.24698956058585297,-7.386101779019254,-1.8314309191828988,11.230038207858662,-0.4818402510753935,2
13.46152505573487,8.985570927894374,-5.27953377461252,3.2426351623152856,-10.71167330357775,-4.246838162996916,-6.72727155317039,5.490961245927498,-7.2673005917154265,2.4800112365374285,1
-0.49325291652395237,-1.6059572475153914,-0.8634153048178157,1.2281375992865382,-1.209287841790728,-0.9636423018263676,-1.3325457737792592,-0.09061156023126084,1.8854767212662902,-0.1326942215270716,0
6.937854814526828,-6.9646577676072825,-2.4371781683358216,1.8095186159940693,-0.18144859056563512,4.774829014174915,-1.756108919831666,-11.030301000396072,6.912138612759992,-4.676131958612577,3
3.642225945921988,-6.632418722907783,-2.6728917568462887,3.549283058599089,0.6145134840492671,4.4466336614358095,-3.041727277030761,-9.346129806880194,5.2841877894877936,-5.485860331313647,3
6.160942285100592,-10.228322349680106,-3.1149193629885352,3.734207215270747,0.5909628745720937,5.540775553766417,-3.8058323661965017,-8.9397626967764,7.893816539071491,-5.318202094084105,3
10.5413242360884,9.85163301517524,-7.461360279720358,4.835709494450361,-8.826813088861908,-3.388018036557172,-5.7422412772497005,7.440238494737093,-6.9896317776553225,2.6379404942596825,1
-0.02780551715389908,0.6799384634946456,1.2445802553962517,0.2722673844059976,-0.35170715638029,-0.18609097828243942,-0.15242848164633793,1.8643705569154128,-1.4841257771603906,-1.7707269577927929,0
4.101413135941009,-6.993897035728774,-0.35160970305917383,3.654402784021038,0.060607560143061345,5.1730064096149615,-3.465981701469897,-9.829210583565091,6.920698376603538,-5.001848869482654,3
-0.8651216357940964,0.3543918551453733,10.317047760930505,9.461994326690325,-0.31461035584852703,-2.3545579498171745,-10.807062449136396,-0.5245624285309926,10.671238222334093,-0.5166344728822676,2
0.7192074161781252,0.5083250172334146,10.402416260607229,10.564575857092528,-1.2052525856302472,-1.5476976871490975,-10.257177163328208,-0.7038319146563663,10.538031269650691,-1.2965918621317476,2
12.553037284814842,9.802096279711062,-4.792044660514841,5.009278373004757,-9.518753574209255,-1.338545014597716,-3.884456284909053,6.906623433054918,-8.610852204371543,2.403519145006387,1
0.7942566781620701,1.4668244164047686,0.6890031440414071,-0.5185516072110946,-1.0760056501389106,-3.0062444281096803,0.18251599658135578,0.5790161077944365,-0.10186351009803027,0.9337462088379921,0
-0.34262671968747116,-0.7115109706152397,-0.6051228066056134,0.8025259749621445,0.5731985785031625,-0.5018547041428726,0.03231303797541985,0.2767044238524849,-0.7040806925056056,-1.540622787389993,0
0.005231130221100867,-2.6566322148677948,9.97537239861612,11.983209558691062,-1.1858824616097579,-0.7504576753497572,-9.344827981639916,-1.1102750238514894,12.385214032491694,-0.30847799517995217,2
9.879154204651309,6.915219039752508,-4.513892823738609,5.0488228388312475,-9.31594415622635,-1.421842793451284,-6.4818523309670795,6.476341743331378,-7.238916639634918,2.467809340338359,1
-0.8804514705383893,-2.4772995657929764,10.680680677074285,10.65257170371775,-1.333891395036447,-1.9583752882768641,-9.8721790586258,0.29630678136084293,11.642096135022175,1.5084820978582376,2
0.14621040871541796,1.1298028516395635,-1.8913934531926484,0.8379178537723022,-0.7611632412653166,0.10981592884204117,-0.7803593809454268,0.9591516765490222,-0.28836188122356626,0.8457968563572118,0
9.382743176087946,9.358526986788583,-6.286653177969476,4.919100602471135,-8.669444239044907,-2.1464607500739508,-5.694074899919324,7.632521102174668,-7.593651191991366,4.17581040629501,1
-0.11178531751888027,-0.12408746031149442,9.439048838690628,11.047160896719205,-0.7786067078357408,-3.2920802719948448,-7.332630619402147,1.2182682929414954,10.863676228402753,0.2532558445484143,2
11.909556356368796,8.72997555287431,-6.65574675684213,3.8221207078516564,-11.396690376763548,-2.2464419221430174,-5.470861567362671,7.16389796460389,-10.5639909954267,2.1845620147018523,1
0.9778634179441036,-0.5125272822605818,10.19213666422655,11.012996642887815,-2.8504819860489707,-2.3358670257438634,-10.43900916551851,-1.205501994082828,12.913442319901122,-1.8489540257424453,2
4.916621961740892,-9.868859060792266,-4.085492367985987,3.083366594234879,1.9209928652511126,5.394049462519707,-3.0277156097803744,-11.559020689522102,6.799884401778011,-4.474789138326692,3
1.9586547683670905,0.1437694823160094,-0.48422688148195236,0.9231222677708861,-0.5435929237236573,-0.7620952849456515,-0.30526605236510046,-0.43067330017710687,0.4126306230658756,-0.6024016221343611,0
1.3230580729412051,-9.159034373539392,-2.4573817132985667,4.477868621442352,0.053354139451296634,4.755600867887695,-2.890573009258074,-11.70949551103692,6.754986955522027,-5.722030523141122,3
12.018161046375171,9.178278173636386,-6.635222069693648,5.016800566916368,-12.849336771320203,-3.983531812029731,-5.2044770299144885,7.4302828416096744,-7.293367803030114,2.7155343761643977,1
4.021889825036021,-7.214721168644468,-1.6522922748839919,3.145620709399489,0.09225762518611458,5.735571454953631,-4.525192868415956,-9.317915723233122,8.254264281442188,-6.193014150016787,3
0.310667499235279,-2.238213491235853,9.847354112900755,10.868742437870564,-2.1454425565191055,-1.8662660756942215,-9.938866454596264,0.2868835388809554,13.878331501389315,-0.8932755060414697,2
0.3214412914456327,-2.0723741565381744,10.652804659291833,9.3205403747852,-1.4907753867334783,-2.5856843015159714,-7.000065046781062,1.403155233947403,12.941446081024775,0.04835997970266004,2
1.2186626591435397,0.12205887957272939,-0.662201367124373,0.12599615430350974,0.6694763375097366,1.1247678912376766,-1.1124351753597888,-1.024838162912178,0.6083432986787269,0.6404125685001011,0
10.795469617049807,8.714616591617432,-6.2322139138024495,5.967561178982938,-10.340199178151302,-0.22273537270313337,-6.329251510165579,6.901171240773477,-7.522099295149087,3.226540924768855,1
3.5526348986881655,-8.918032844011885,-2.725228423681347,1.8270590049300668,0.2827467562865489,4.43011220398895,-3.270617017536731,-9.740805751712145,6.946748987711464,-4.986584893167418,3
4.34347501762137,-9.296706979655319,-2.597915688521302,1.1249350258650432,0.15281639372895622,3.983570738897682,-3.7984210717992597,-12.23071208876393,4.94156584379118,-6.465989536718614,3
10.501623162715395,8.117386890873608,-6.5786619200575185,5.596218740696199,-10.78141712730122,-1.6116131711842676,-4.872250915111924,6.466129518806678,-6.648258709310157,3.940517422304649,1
12.037410302433535,9.504552858035439,-6.458311080004069,4.228511548408334,-9.082196065246714,-2.137418417990112,-7.051443803984448,6.782865525551599,-7.636690038984171,2.155693680944088,1
4.8593109875394305,-8.288625512218262,-2.1114234335371385,0.7712825742614404,0.1652880779064187,6.107545250668282,-1.672963483964388,-10.86444633438939,6.483282812211855,-4.550480222728305,3
3.8167718946073768,-6.860678193095989,-2.098226963805268,2.8092906338831853,1.9529135341449044,4.891891811530021,-2.9131506911908254,-9.335719494387432,6.460274809885128,-5.181954518483449,3
2.751274951806094,-7.855367758742215,-3.1485829290441485,1.9089007275210104,0.3103467281513426,3.356394047531153,-3.261756789555728,-8.885446988457234,6.088263473345307,-3.266031017529104,3
3.5722720239011077,-8.056531121022614,-3.136864798483565,3.4615797827951624,3.1037647174013703,5.569578765605082,-2.20437332401135,-11.68448385358004,6.647571248605612,-5.400040293687604,3
3.0268252559375863,-8.595831715676166,-3.917257931224648,3.140277425494361,0.021685711820175757,5.9103382673418015,-2.837353161141429,-10.88953114242378,7.708833568644014,-5.467660002445039,3
-0.21640442095986473,0.2702062912383115,-1.3251873041569993,0.5440378567737789,1.9116624062810332,0.4745373464655318,0.09287240182351211,-1.3774574070253736,-0.7742461135570251,-0.05584490082277285,0
12.53641835435161,9.836491763682025,-6.485977435223201,4.686370624759852,-11.642331112279784,-2.4673214032999207,-5.534836037811041,6.943124206551747,-6.865152725645733,2.6917171893880374,1
-0.7304143960548299,-1.3486135816584752,9.510041160874563,9.493140036222139,-1.3515575527999673,-1.6197991390001985,-9.00070443465393,-1.0182411063402745,10.859387875138912,-0.6491572330763041,2
0.1292883080872495,1.0440367048066412,10.613065742831182,8.777968828839763,-0.5150616333868633,-2.5903994652709237,-9.982312651359258,0.6782992405136745,11.797001429198051,1.7139596617112847,2
-1.5650003590421617,-0.3597715809000199,9.295362568760666,10.76056023156977,-0.7712687723856898,-3.087217431595859,-10.807430625270715,0.06357838217685163,11.28406969857111,-0.31692098896300736,2
0.831803881545203,-1.157593232970934,9.283759997532586,11.713464943031438,-3.2850216730301125,-2.011467848561472,-9.404664100919005,-0.9485596205541635,12.018400285676801,-0.3126994046285414,2
-0.1209618921899113,1.2163576184010862,0.2748080464638976,-0.5401916442214952,-1.3855322473838472,-0.048014163898390194,-0.0444373539462197,-0.26246074870366565,0.7753237514035657,-1.3827784910375778,0
4.985667651142383,-8.093799495043944,-3.293857140093353,1.852196721195508,-0.7578812239064905,5.999403650718353,-3.091578831350603,-10.910735361959537,7.33879772250147,-6.721260514983227,3
0.296784859932829,-0.6999517487901307,11.006774728736902,10.97244894066934,0.1690685236952839,-4.218890315994262,-9.124919463789803,0.030133554646300714,11.601935269940752,-0.6492115439211117,2
-0.7459260966863943,-0.31431420286080125,10.480055611845279,10.333684014129528,-1.0286234498050215,-2.4173212320960036,-8.045297890075155,0.19053792268069544,11.503332685758972,-1.7427229402301014,2
10.5289810821611,7.721319694695554,-5.68324134144957,3.5843523952133274,-11.182336906428203,-2.2149495964451127,-6.153285012828364,6.274564958635414,-6.291254020093211,2.2240640771795896,1
11.06306569688798,9.590764759414569,-5.225245623165726,3.840036636240472,-10.442473324670978,-3.426896957871831,-4.39240403859929,7.1327340723474,-5.606850673154894,1.81840015529479,1
0.14467058445107442,-0.8098910491734083,8.425078924849227,9.479315330809554,0.2252039312690376,-2.005764101436086,-9.991182643528889,-0.6949637397206941,10.518706387291031,-0.6969925063321278,2
10.556339501027992,8.379358566706955,-5.375936531629608,5.8443329904796,-11.193884386039889,-3.0169050313459853,-5.831572349485117,5.754591616280891,-8.171689154387535,1.914375572672719,1
5.378685058017726,-7.973115345724522,-4.415108408567775,1.7330233778420354,-1.4307087356026515,6.644780202729936,-4.607673787545936,-9.589734503183584,7.6784246908888445,-5.737566580140035,3
0.738889702442473,-0.8967741138042163,-0.7909140599966039,0.4741829810906816,0.04347630103489869,0.8901755427204745,-0.6626763009915833,0.701109124798477,-2.238288341108044,-0.15444186925877187,0
11.445015866600007,10.045310071703566,-6.98855648297795,3.386319897478611,-12.647825586944991,-2.578493670954281,-6.929576344322312,8.55240238114974,-7.090189064264209,1.3942344734235768,1
-1.3193960026742055,-0.6631133892488844,9.960818517272514,11.004447605970464,0.8895484433915403,-1.5027391079829138,-10.591849821970353,0.9073432298104378,11.499895484807684,-0.6044668107875734,2
13.13173115381099,9.204476131233482,-5.942237754982943,7.98565859661754,-10.612140503180271,-1.7308333974269152,-4.988836255722088,8.750456265725875,-9.174950836368106,1.031520695749308,1
3.383687125526423,-8.791467210430072,-2.458964418524864,4.164740128851611,0.22042217755255894,5.365658962310745,-2.4472648424753594,-8.645250516386195,6.959369224145457,-7.736561358765815,3
2.436105943672483,-8.2783020383373,-1.5571143127125506,2.8058808151135683,1.4379817868558629,5.376491287653603,-2.405896818845541,-11.479669160058636,7.615423597342421,-3.730119793237031,3
0.7290359855727196,1.5392824943448236,0.4172957309125057,-0.4973368733758023,-0.8505158585732895,-0.31531516359480805,1.2136369917167649,-0.3425270382873943,1.047761241387419,0.6525731254545449,0
3.497698149418828,-9.359741223021514,-2.33204570772569,2.1701505195003805,-0.8188963623187604,5.039330073291201,-3.0430054215733953,-10.63587556007249,7.872290356048834,-4.814103111099599,3
11.673445902154407,9.898435031415847,-4.622560190943748,4.333120525237727,-10.507776339349011,-2.263060148065622,-5.492971079446248,6.483590186235535,-6.844525915404159,0.8800465730152716,1
0.809768308345471,0.8166121536347003,0.9899467121786301,0.0452107675574809,0.7790764273936542,0.16440174615631162,0.3913201719352258,3.0517113199186254,0.2416005235856662,-1.4977599328033662,0
0.602609815034575,-0.15141071091099462,1.5661040450186607,-2.0872374104187394,1.3379923714871487,-0.34390337976618857,-0.4884213359563802,-1.551193836648253,0.46508184914275924,-1.826761993993574,0
0.6649290199058278,-0.7649717533785967,0.4520537580842248,-0.28218776081452973,-1.8790961832657413,0.9309592858879975,-0.025287221863957748,1.2759772957656916,-1.6653090786776372,-0.29152131091749595,0
12.562884986002151,10.811049829609319,-5.247810947884106,5.063984395116255,-12.656340882834485,-2.658388311290479,-5.387245854643015,6.255767071183554,-7.037205231241106,2.4001036097621364,1
4.101400740905739,-6.993992568115157,-2.9297240205610477,3.228555957565324,-0.44794738572108317,5.2034369620440515,-3.718582428839384,-10.407378754455207,5.5076940597945825,-6.746634331111987,3
4.440481342182124,-10.884943254119403,-2.0357355301098883,1.802586627587941,-0.2054721844396067,4.780508133050995,-5.005728613555062,-9.168725026760903,5.908694450785291,-2.9842042561631628,3
4.0893859909864725,-7.446408577106374,-3.1966128749724403,3.2389130484419386,1.6720026459324404,5.780195318233903,-2.208686051303583,-10.773146148392335,7.441597170723047,-5.524088382383179,3
0.5637442086987781,-0.39422926036814676,9.231845124419124,10.818867390493415,-1.1572603696214554,-3.7582246485000916,-9.502319887175391,-1.6598423034302587,11.060360591260999,-1.9740101489991708,2
4.803385469377274,-9.065827232540524,-2.093452581985095,3.1803671167822225,0.738368824374664,3.0302404066880766,-4.377033971244927,-10.314206886689153,6.637419707244243,-4.867911985336007,3
-1.7855472988818477,0.013573659384204923,1.3162675514999682,0.883114551658483,-0.07627041102206733,1.1257706161287506,0.19222268054730474,0.9811888278224382,-1.6616023349688018,-1.2496728152602647,0
4.354249965143923,-7.3338229009841776,-2.309458362493226,3.3679991907783475,0.9683946889204615,6.595128173099514,-4.668431441994764,-7.999313904977697,7.728883252917869,-4.438756490239776,3
11.855483317840617,10.194406738787505,-6.382605303478952,4.224119721241378,-10.906815077490757,-1.5412271879277297,-7.427202288638247,6.253762691529596,-6.171758213869417,3.2798049634429725,1
0.05446554483018867,-0.7429073327812283,0.6191040766157678,0.3555415133323936,-0.5862766765322488,0.1890516260443727,0.7590255206309258,-0.608458786498512,0.5169958096408876,-0.8670432275213472,0
-1.2045936479113302,-0.9296339521774971,-0.010677864266643562,-1.3567380672561922,0.9530015927659814,-0.9242924588558654,0.22435555774312935,-0.579073100919403,-0.06549708083972602,-1.6033459096587435,0
3.8812058481517533,-9.072481318919642,-3.0087976847925324,2.778187870708376,2.4276189625523092,4.184218732697826,-1.1169383580440964,-10.047631940474304,5.732215246368504,-6.1641508439641735,3
4.93331829974101,-9.351898103487327,-2.2766917222730925,2.852043028571777,0.6879139465898158,4.865706575731762,-2.614126148520352,-9.881890180419626,7.427109442522601,-6.080544032855916,3
11.761829881038114,10.09810994085931,-6.801651137529401,5.183951987336816,-10.932779092029605,-1.937960951266909,-5.065115595374752,6.63866328427037,-7.705758384841302,0.44272933919849233,1
4.263535407205612,-10.397801526421219,-2.07723039416977,2.4552438640675662,2.0134365933801925,6.915136186604918,-5.120301965301104,-8.027347379554408,5.174287344704544,-6.155259826067464,3
0.756564530203183,0.12397972732712104,9.361514428733273,10.20439941461821,-0.3651977321094819,-1.1228899784951551,-8.670460055312848,1.241979143491572,13.536725219329776,-2.4024262392274327,2
5.854090695991071,-9.202940686065457,-3.630393757522138,3.241534735661582,0.9591976366999311,2.9715441883145424,-3.2783990413612147,-8.45261882995213,8.629594725203422,-6.316593541940314,3
10.537246815371379,10.308676231658033,-6.548087539237724,4.485342652520695,-9.113820878105491,-2.2511012008156057,-6.74421370633981,6.8237125630105675,-6.505231911098505,2.7476394750512605,1
1.4579210241187814,0.9021075187431092,0.24828825155085418,0.08002895760211147,-0.15555329713710625,1.1034435879634088,-0.039864473999883895,-0.7278847395230872,0.9019828853216819,1.5847662340598578,0
-1.3403478236776871,-0.5774940356115659,9.761605262768082,10.63418257465782,0.3599346601307466,-2.8623422004771437,-9.649400636966,0.7324984765960487,13.508637841512867,1.7017619261362384,2
-0.9867551891712364,-0.8403897063395901,-1.0764768099771291,-0.47940171370599405,0.9092972263492204,1.5263327284126937,-2.4242503239372004,-0.37845465357745733,0.30269799437673267,0.20267836338519074,0
4.0461983095470595,-8.75214903450811,-1.462007050877216,0.05902809373336604,0.4214421397667537,5.691284503262997,-2.9092681774539986,-11.318864018606655,8.471259198895686,-7.000648506830873,3
11.58497170981485,10.631454333407989,-6.291065604341093,5.4939941609264356,-10.155243260542614,-3.4937886131011346,-7.4724181385358355,4.7225166169613395,-9.952666621639072,3.002230690103236,1
6.1142523508815705,-7.851273885238799,-3.5139141178694535,3.902916965545134,-0.4226748800587421,3.834230953010895,-2.3272644403939733,-10.16447904244338,6.804933445438258,-6.120843096886806,3
-0.6392561176021365,-1.0595063959501991,0.8632126225052527,0.30888848288924303,1.5988488259017537,0.20295393428196556,0.732244186889558,1.1720107413805076,0.5544267265077274,-0.38418320295177927,0
2.627940490382185,-6.7777027570752955,-3.533587991012283,3.6648677043360527,0.4100022751758612,4.336552739220392,-2.572327792038274,-11.6936116189211,5.623468309409974,-5.45941955405699,3
-1.9131161643446881,1.4743700719960071,0.7970989969116988,0.33696985024780257,-1.6236847453947503,-0.7001901830734147,0.040558434871852025,-0.26310477102520746,-1.6885649654474726,-1.3164290055361412,0
10.959161372582944,10.262125326841641,-5.20959185156855,6.811002163797864,-12.359590292583505,-2.7399682683990516,-6.815639519095096,6.42947482316808,-8.527163121312563,2.321184193168241,1
-1.216607231663058,0.9820329162398111,1.7173311139555516,1.6092825244883207,0.9649795504861378,0.8625099571202616,-2.0718795244032027,0.17717323222010523,-0.49609262365990814,0.880466361044901,0
-1.3201902358324924,-0.1712389564550487,-0.25030095958789006,-0.11010868425606624,1.1679316629539074,-0.10484222409876263,-0.29479245077252947,-0.9366934798105313,1.3285794714214596,-1.4311962225786272,0
12.524039550941579,10.802979100642625,-4.456278596356578,4.346638001778474,-11.413224324888404,-1.8686984047406523,-6.082279458162988,6.4219390256948685,-6.997438107895091,4.597199182922017,1
5.113919493658791,-8.63815529194114,-2.613406211962448,2.804844954878933,0.11316704030024116,4.134094869084661,-1.5076558335199497,-8.941331248908535,7.802683718620971,-5.201864640755133,3
3.2610606491857297,-9.356467166224395,-2.0576417465680024,2.3449068342484933,0.8527739696842963,5.40858666804714,-2.011331155812753,-10.301357621148588,6.182926728426819,-5.69197397902871,3
11.341291733549266,9.447402885434027,-4.669468552159597,5.8241547779696194,-9.949531176254835,-2.992423580293437,-4.420958657530628,6.5366067468466,-6.830544716572577,1.756803972718291,1
4.307031768730617,-8.190071570848003,-2.5920289039955504,1.7121447743198388,0.6137134638813081,3.8796610099069815,-3.684519518468959,-12.259866669727447,6.663078431628384,-5.46884786641534,3
10.365963028225826,9.03186977996085,-5.045579579411665,5.74030293920891,-12.263966973301818,-2.044852683389025,-5.055458132354379,6.994063421905222,-7.591559154432818,3.5265412576642308,1
1.2981615229330286,-2.812623788784231,11.827184234929256,9.921784172950396,-2.707029214534279,-0.3023877128139574,-8.527835544645047,0.5291510090687672,11.38774717856396,-0.590314124670562,2
11.04629875670383,10.256793000148306,-5.9370898997310215,4.097280306261011,-10.259636525438044,-2.7120607299260433,-7.339574068693116,5.786110150658704,-9.008700119931545,0.9246991373791327,1
-0.7516315081572679,-1.9566771482807426,10.01081847014637,12.74954944981747,-0.09826647824559864,-3.129190627537585,-8.845789899380556,-1.8849652511790933,9.465102749240835,-0.6032852140821985,2
-0.3275108200805445,1.1103973838574517,-2.468524680125007,0.5547507544352444,0.9454507782664937,-0.6219941411776553,0.9377653543631507,-0.9590239668408239,-0.6599835456636276,-0.7751670435910348,0
11.64860471943085,7.988914665455104,-5.378075633620321,4.5880410735596335,-9.297128726970941,-3.3585278557150997,-4.784546106701038,5.248283520475823,-7.638417251137399,0.5381004429824432,1
-1.283879168843993,-0.35127047545598955,10.349726021115238,10.481577806528842,-0.9038731231726823,-1.9385825836824928,-7.950256114896366,0.9768981017898272,12.605218910771802,-2.1188142361388853,2
1.1852346998851642,-2.8519078407826752,0.47916821031983947,0.9976197628078978,1.3285927366711168,-1.1766371857794227,0.5903428970142299,0.1950736786657281,0.4314089669663246,0.9989364865930185,0
4.434567996287712,-7.928815316663003,-1.9429665264953488,3.581741194698065,0.7818362803069174,4.187427438083868,-3.422350956263816,-9.711394057922655,5.9789352387200125,-6.723544253368333,3
-0.33057050777997643,-1.3747121282401205,10.788456599058922,9.107709744550656,-1.0437620950851791,-2.716812178837161,-6.843192062566224,-1.1105322786619807,9.137755446379721,0.9221833498664187,2
10.166857150155531,9.147505870361654,-6.195969239203778,5.484353492542636,-11.317958372642954,-3.34739160373363,-3.8687288139315323,3.4847455051986658,-7.26404452594294,1.2856847997594338,1
12.574658852963958,9.764331901789603,-4.78960525757574,6.758841450693817,-10.093464737080753,-2.2255741425428077,-4.822441054294632,5.511305247534943,-9.225871840604325,2.734553804131116,1
4.802149858847008,-7.948259261333227,-1.6673479441451482,3.8902732798369333,-1.4041191636012973,5.578935285875566,-3.4335385434211436,-10.328573108120747,6.608678113899321,-6.167289371771978,3
0.2618555642786702,-0.48126842837938083,-0.3138026268128607,-1.019886801013034,-1.1445651875274974,-0.2966521950968329,1.154214892291474,-1.0341632121613418,0.8363700292574102,-0.7989348536567993,0
-1.2272808179844292,-1.4490306955009755,10.12612950563061,9.208406887245262,-1.411344672487728,-1.8532833749665247,-10.561214478092282,0.4435055908609075,12.740213883691734,-0.20238194341313231,2
-0.33886298345951155,-0.5213384356722736,10.051406295388833,10.073484862617608,-2.784393670173337,-2.36242815464795,-8.678815388205432,0.5179609178623075,11.551745321190383,-0.5944353253130867,2
0.9951700059142856,-0.4603610847836461,10.43680331990854,10.195795005165243,-1.4865281862695015,-2.0432668377029732,-9.489752157760005,0.5025575983947849,11.756949947725577,-1.74356756814307,2
1.0005108677584325,-0.47573581221467065,0.9470139641596077,-0.9147195053294115,1.4738123336658802,0.8720637069332758,-0.722685366601347,-1.660390466894641,2.3051638587541414,-0.2102077019931463,0
11.084506488644355,9.58912796873767,-5.104209082237909,4.4584616463961195,-11.508535435210018,-2.6168857701098145,-6.199301963731359,5.416464980841827,-9.475291231844082,3.507233639622536,1
3.863989906159439,-6.900539624265734,-2.4758801667112404,2.0957719051189576,0.8374771706291545,3.903713373388171,-3.801865269391919,-10.91035279632489,5.4092622150965255,-4.523665200761933,3
10.927513997915579,10.45088882175044,-4.000434178039411,3.9780050917200898,-11.06287461660218,-4.901107158057652,-5.591716952644455,6.288056177007893,-6.851514873516078,2.4892886885741814,1
5.216633951343579,-9.679922368065355,-3.7760670142298407,1.3307864780658887,0.9043448494305644,6.411904754085771,-3.7516726391671416,-10.06304596830657,7.271385944751296,-4.875698726353198,3
-2.4122465449718296,-0.6731886435926986,10.462966603390345,13.10552236380454,-0.8706387653324762,-1.8538562240960879,-8.644910176251145,0.3989530998639869,10.486198015788844,0.045984597154091866,2
0.3548133746601196,2.015530261362825,0.9634512222855411,1.739323140242075,-1.3435714836728943,-0.34719725961785775,0.24224698393162536,-1.921100753132963,1.1818593381092803,0.6422097723112623,0
11.580106423579455,9.899546407462738,-5.920535367359821,4.314739038304577,-10.926931100560948,-3.11859717176178,-4.489225921262442,5.467826120772055,-7.653315522026331,1.3181035353832402,1
10.877269841445015,8.024992897168243,-4.612722348295342,4.5317046757665835,-10.59024648608327,-0.37157286082811236,-4.605943408178164,5.747315469262328,-8.354561019094948,2.8359026231296958,1
3.9422793403669685,-7.480713711892484,-2.531796046207797,3.5514262420749865,2.643815429188364,5.367674641299575,-2.3549577095634944,-11.394562714902044,5.801113585304538,-7.249329280119582,3
0.9695600941096828,-0.053873771129009596,9.019173189087812,10.335900706144814,0.3692861700986577,-3.8401892387688967,-9.500688623350838,0.19661341755874517,10.014689887544066,-0.3435515468419061,2
10.963748850235678,9.685073281362124,-5.651426109414975,6.072006905700496,-8.524790373481638,-2.430610117255702,-6.741113178877204,6.561640253852339,-7.155122968360211,3.579737056003718,1
-0.4903517675118684,-1.71510014332287,-0.6057865262052162,-0.20550107974602289,0.975394420665162,0.5195145315819467,0.22154522390106024,-0.5808000934892528,-1.982116749044131,-1.9217560487326542,0
-1.0289034096876895,-0.19662338457323475,-1.9932690506191848,1.3006560862107532,-0.8171128024743091,-0.533345760023203,1.0586190526405768,-1.6146269571095442,-1.1894026240254314,0.26797134382513466,0
-1.6680027064913643,0.2091766507733942,0.47527687122146395,1.9607439533981146,0.4087513488702921,-1.482025572015122,-1.4469012908083565,1.2587094581982672,-0.8028030133491393,-1.5495810641451597,0
1.2503678840401657,-1.7216138222364257,11.665981890099584,9.928527255666104,-0.5184245525425635,-2.2702564825831297,-9.065135700428568,0.646734839781999,10.281399365157172,-1.603136300221363,2
3.6218917560413937,-7.829413259704006,-2.1825138540434326,3.1507181348017554,1.8933688294820936,5.593451187517938,-3.332644479608024,-11.724567017828075,7.890032492258705,-4.350227630689956,3
5.478397995462804,-8.874648816408762,-2.8673667115784034,2.2673207867670655,0.7724739563978593,5.584691135406225,-3.3163776501075324,-10.557606624129205,7.805313637421855,-6.411113309588018,3
-2.157218143988661,-1.460279572965279,9.02421772007997,11.698767279642833,-1.2254183185842147,-2.795325055281433,-10.634238253423131,-0.4534822127367353,13.073268487175424,0.7749069845361016,2
5.512516844811678,-7.143613645291176,-1.0633291139991754,3.5499746223268143,1.0606312248397105,5.567635969404255,-3.5447457378254743,-10.873527341710007,7.502649160981077,-5.167827666838332,3
1.8140091810749837,-1.8007003177768348,1.7912650641707064,0.14735127314324467,0.18413277302254438,-1.2797979861194704,-0.4511632200042967,1.7473763597099061,-0.047683135241226755,-0.44449902821020504,0
10.812980413555023,10.566029855381192,-7.458593670261338,6.272066917974948,-8.862993155828523,-3.3250585688678873,-4.163812306503239,5.410094858349211,-6.617179571890251,1.7564423582351063,1
-1.0909756912044155,-2.316097089497152,9.551986766661372,9.583099080807362,-0.26105281793689006,0.4880020645283052,-7.9131746554297315,-0.8425424707771375,10.72181235344449,0.20505762152763773,2
-1.3808341199753256,1.1446793456301878,-1.9918872652714008,-1.2833323306223123,-0.511802466005173,0.5639174031048168,-0.5216534137056513,-0.36522941371449213,-0.3455278732727001,0.17278262235824599,0
10.393128918014424,9.268934492488965,-5.361227010750644,6.109914558629221,-10.185266979455276,-3.368436587507726,-4.025470971284427,4.347113224430476,-7.0708269659183145,1.549342793506035,1
-0.3536705842866262,-0.014961264940073526,-0.2712755998478369,-0.6386476392429525,-1.6982696724070359,-0.4838277443560723,-0.6240274983156228,0.11489070783535889,0.44069880152824575,-0.802184669802885,0
10.97613087170892,10.841731622361362,-5.8650176240012515,4.657431797972222,-11.325985022889574,-3.511914501462825,-4.247621752097151,6.684640492423626,-7.3550027382078325,4.176748369417954,1
1.0013162452099562,-0.9614979983714009,-1.0662167210437026,2.3790090134020927,0.5543073109576079,0.9624164082830751,0.45889139636189885,-0.4524805599864017,-1.3068498574550105,-0.29882038742565875,0
2.832642441580804,-8.851871851328493,-4.013392424456788,0.518529230863138,1.388846021053487,5.9960523933538035,-3.197021650981032,-9.606448467368782,6.32617767833007,-4.265141278800487,3
0.6787103208119651,-1.6811788378753076,8.927012000696921,11.445713073063812,-1.1894984488504645,-1.2344764993741317,-9.056293783820601,0.10364486201119683,12.282998324155576,-1.4072393975444066,2
10.379281421520513,9.86977833978416,-4.735714942028408,4.42861724057587,-8.957966367655049,-1.640097958335072,-3.5313170982179187,6.827033757492075,-7.80594916036175,0.9908642159912788,1
-0.2830943969135784,-1.2832893985838325,1.3713873238832617,0.4945383594058324,-0.8034641092390311,1.1691548280157134,0.9677065886736894,0.2889583563869195,-0.039586233463954165,-0.2984738082298396,0
2.8622386983629213,-6.831571169400443,-1.0052356633522392,2.8481025186040676,0.3242020022666923,3.4709445442304196,-4.26981340635072,-9.0170358076745,6.740658981769154,-6.130670371194456,3
4.316128270924589,-7.552211893669053,-3.490110621018322,3.387913882422337,0.1342090298715044,5.668234733538639,-1.2514348205465144,-11.304424018986028,6.378453447348668,-5.744638249750493,3
0.8958362923539669,0.4714855520272297,0.4873164832189117,-0.3611091192179459,0.3207598581161397,-0.8398378707803901,0.6741389350077995,-0.5006030046633207,-1.121509560300374,0.03781943583208506,0
-1.376462856116605,-1.1199148557025833,0.00030466934872824456,-0.43542661755847056,-1.2284798971634643,-0.05884808263286309,-0.044224229382341856,1.595693733496715,-0.9160897071220958,-0.41772780590817277,0
-0.2417417725118271,-0.4692383528236297,10.58751283009978,10.595507920392896,-0.7012579751473956,-1.7059039880951823,-10.129823709791827,-0.705286104293389,11.945580795620282,-1.2266912828806618,2
0.0953515158803738,-1.6168582313010398,10.210737482497954,9.455501676416123,-0.37937227641621046,-1.8914310597916333,-9.498726683954832,0.5992998233738698,12.29487933286691,-0.6803363920369415,2
11.033709005338746,8.865625386337463,-5.62811334471121,4.804001922008645,-11.604940955957634,-3.186743465552153,-3.776900349196489,5.068121878325551,-8.4349254721549,1.627388038011069,1
3.265786402736928,-8.488043106314775,-0.7134112604721805,1.4036013922309787,2.4267115199666662,6.695287329514416,-2.884069242910153,-11.846676459586352,6.515959255709474,-4.824329932193848,3
11.345559908537668,11.09851335539446,-6.635300415822789,6.18630051510644,-12.148793629530644,-2.033313729277727,-4.089012738303643,2.361626660674413,-7.779698043860552,2.4593707676187457,1
12.24312251080185,10.802588900405198,-4.012286240749331,5.968820232555677,-9.732165555305816,-1.7499634117003922,-5.321826702898366,6.135727312441304,-6.876696291626945,3.3332257482598866,1
5.469180978417031,-7.684353191080086,-2.754615749162766,2.6983832865864286,-0.4371293173434754,4.663870322619197,-3.5486491908889444,-10.533522243199668,7.0286414802587505,-4.505421282282014,3
2.0550295486842973,-2.139411540931806,10.343809299879677,9.042794296211897,-1.4768734610127545,-1.3016717176340633,-10.851201843689353,0.8791853645390565,13.767363143915212,-0.4072515203490281,2
-0.8281477445118873,0.0027167365152402922,9.34060960596596,11.643181436859546,-1.647152864464318,-4.738429846312854,-8.414884206732381,-0.9484005033307619,10.177355543726431,-0.29081902204019827,2
1.236518211774209,0.15532645949694412,10.497413630139171,9.18536812021113,-1.128432378267104,-1.3518049181390623,-8.383498931109461,-0.7245830617141689,11.167428836575226,-1.4972279994446613,2
-0.8816894756118676,1.3234884896913282,-0.31725955169256903,-2.0163849874453437,-0.5057260029303379,1.1766969931676907,0.34466951932923584,0.4044511986639568,1.3285040088443802,-1.0363362889357277,0
0.7568642533020067,-1.6517471586692154,8.959151333986094,10.841846555660474,-0.3944075802503484,-3.065765088736432,-10.155363158472678,-0.9190006156064391,11.784333462037555,-0.6952255263517516,2
10.581342466838676,8.566620114790885,-7.809941388466762,4.695940770529681,-11.623230096740683,-3.932857898833874,-4.53106670077293,4.693575120761217,-7.640746646233151,2.492868702264175,1
11.520749269584176,8.3365124201153,-6.052977409169444,5.007748917685128,-10.779787756784874,-4.9460050710977175,-3.903053372320084,5.91830087239178,-9.353812416153877,3.337297413330705,1
11.816709894973064,9.889248192683981,-5.612490777089203,4.988989882372343,-9.935672814034582,-2.182547674630178,-6.790094077920803,5.818482494149415,-7.947663382232467,3.0279196690303807,1
3.7810292523387363,-7.477443735522453,-3.857011041368767,1.3544395497619692,0.6102321848643866,5.033837388172521,-3.383008389966689,-10.827544992157506,8.08562668262377,-7.115439789222888,3
0.320431792946765,0.0840392090498677,-1.933637041009678,0.6967591430191588,0.40745843994710923,0.016171798945745924,1.0623567007229204,1.212999364250198,0.7987686614735513,-0.8503008160355342,0
12.148866683199444,11.228300574352549,-7.06929731286859,5.095401329727164,-12.291920572806818,-3.4981035711690254,-4.84552215922461,6.368871670047678,-9.355203538296992,3.6260125765452296,1
3.4496800340185296,-8.981414128456905,-2.4559426033865104,2.023581681392696,1.4906607133068752,3.5324665175927956,-3.7756261343613113,-11.066425459246188,5.9901203237076075,-6.98788305822756,3
5.597834150529665,-9.808936953335312,-4.000968779753614,3.6099111483007587,-0.6959060406610369,6.465564960985499,-4.8684411852353655,-11.471993621117681,7.885712945484363,-6.237647845394339,3
-0.4768188244301426,1.6350151208308032,0.9656053487861097,1.5917258522555509,-0.3009380690949183,1.5206862456326455,2.1795426399757756,-0.4125175333560192,-0.1541690383680861,-0.9477185024063991,0
-0.23116389515485833,-1.0743096652727215,11.493179706438497,8.808205621223902,0.6938998914667421,-1.6385646794889526,-10.248822771037345,0.8962619125162098,11.47594641744862,-2.4342895509282245,2
-0.7312486577209044,0.877710283523533,0.14574961953687,1.3578215751162008,-0.06266709145549981,-0.6508753726957465,0.2747434730238986,-0.4476171560874035,-0.6219225113057055,0.8318881936558737,0
0.6042429319713402,-1.3619775478988163,9.436540383091259,10.271513034942128,-1.6986695747523297,-3.000178621950862,-7.256638857405132,0.7741986822326202,13.218004658830012,0.35248765247097835,2
4.472702761557618,-7.580877012476769,-4.371114486136244,3.5561263807280166,0.7488736273180837,5.412108906657426,-3.602459125327332,-10.6197284603927,6.424392807707704,-5.706553313536168,3
11.105106837352487,10.180423684805348,-4.5438971914256,5.5928476722287055,-11.468959708430733,-3.2258010213546804,-5.106094770422864,7.209553647008271,-8.135261394664374,2.7739548920626866,1
1.7515941899362768,-1.3938720762018855,10.25395220810839,9.901888635919537,-1.0919006031097775,-1.6002296814852859,-8.384146390090782,0.09257523064833428,11.459983996984741,-0.6422061559425338,2
0.9811211880125139,1.1316381196683123,0.3203019330485454,0.6647502719530682,0.9842314424619487,-1.0976446495794714,1.054731334981796,-0.7900608725979532,-0.6927016366283786,0.19628916781476102,0
-0.9794669597882601,-1.3931978449877174,10.710510992197946,9.742648076991365,-1.2746018024498338,-2.594864684096194,-9.779357605016653,-0.15570264879534984,11.233987438093799,-1.1709577702090348,2
3.220630844255081,-9.033197411245833,-2.943849013547213,3.2118515268579584,1.7997234731950356,4.554145587236527,-3.0420584812884788,-9.221935620737394,6.277283684505036,-5.898192989853207,3
5.002262228035491,-8.31025390462215,-2.314076653669869,2.2467737132605743,1.1834417371222492,5.825788273781281,-5.118546724522319,-12.001073137238304,4.978679550044657,-4.141438536810394,3
4.444423758554227,-8.713954061634293,-1.9638170141507743,3.138356878935484,1.0228563695569703,5.769025131419979,-4.028852648152703,-10.926714006585275,7.809764623556636,-4.97499892586449,3
0.2624692721226473,-0.43776717114013186,7.873163127011011,11.347430640080436,-0.453694871495328,-2.8015995726624014,-9.277565798953853,0.17254528492277993,8.230039465206577,-2.023436819259211,2
-1.3382113817853876,0.2006851750501655,1.179747606415444,-0.3287954175694484,-1.0694055347748608,1.6364464837049708,0.4512830666483995,0.2775241436342788,-0.19019064217300183,0.6690141718574816,0
-0.8164023483019187,0.9335837704002741,1.0941174590843372,-0.5465763122464581,-0.763537266641475,-0.2747790216527191,0.10401821396301843,0.31483718989519166,-2.25281705904917,-0.9674555188501185,0
10.665319462410537,9.907096628953571,-5.252540753070251,3.1836229688832542,-9.381697582651546,-1.3777519796290727,-5.017930976194826,5.4811216851527265,-8.070331657212375,3.7589759082570633,1
12.04959991167011,7.919081801911416,-4.688008056914322,5.552165771349905,-11.238109719094034,-3.1201444294664533,-5.576924723298886,5.493505428014309,-7.2037849293815,3.2047711941170247,1
12.118116500978273,8.069670044150927,-5.464182751853419,4.755555491285644,-9.144713532812332,-4.253938693887823,-3.5055313059347015,5.572731083834694,-7.365778299798447,1.969744435629163,1
10.094544437932464,9.68238285314426,-5.656315110330878,4.259626548960901,-11.203958152526152,-3.4887120295583207,-5.61441731098955,7.001813938900009,-7.7936073631015415,2.4312416199519373,1
1.7166030543734578,-0.9470998402260209,9.562880693507175,8.74489520638149,-1.584226858669684,-2.3977429245691253,-7.574951740479766,-0.4861082541481697,13.3618315281167,-1.920722088536629,2
3.6769078473892054,-10.00620692565568,-0.7844601612850581,1.9379398848049003,0.5242710972069056,4.8140193656244366,-3.03427717018518,-12.336906506072312,6.431854317736146,-5.983666170467442,3
-0.883853993049003,-0.36391333207900156,-0.43320340718964445,-1.6474126605060257,1.371159553538192,1.6480027900566996,2.250775104308949,1.1476514174896568,-0.3954465387902735,-0.4126795209485751,0
3.978239209369399,-7.127746494404851,-3.037289393088622,3.038361680380821,0.2590161985418312,5.621985480453995,-2.336468626391551,-10.906796717102859,5.3208109292426995,-4.606357291959609,3
-2.3661205135698755,-1.0199373381040502,-0.5571944429387224,-0.3212636692600758,-1.279046251076621,1.1298505923307947,-0.7114607938582533,0.6485776726027095,0.05388742189102205,0.9384770550860423,0
-0.023992104882781713,-0.8291097134354792,-1.0104000532796975,-0.6288560874839918,-0.07446140677587408,0.6017371063881742,-0.47099167949041604,-0.5084117417803196,-0.881155144902074,-1.194042141460223,0
-1.1574072121466026,0.7256996112839031,10.166600321585575,10.069799511555066,-1.147938718294761,-2.018675434636254,-7.957175665811894,0.16447487064180719,12.053222017999737,0.4389179930703957,2
2.122303241173943,-1.586881343887522,9.326142073174465,10.076462757296497,-0.44234701878784377,-0.6408032328454607,-8.615072332935682,0.6810218565457997,12.287399985131152,-2.4374286692290497,2
1.366472842343359,-0.05186516680556065,-0.15896953926988067,-0.8928546408777307,-1.2498874808582574,0.5638631689243543,0.6698714547586605,0.20154400179942156,-0.7640457815938431,-1.0649988251091498,0
4.71576740343021,-8.955061388767396,-4.066358601232749,1.6231872137893346,0.5953575812136158,5.947795291523607,-2.048707614653506,-10.784634083472282,6.900387476944224,-3.746088756706837,3
2.714280843219367,-6.306516132829817,-3.340330423350374,4.192744783525899,0.42719222332209233,6.046211732874383,-3.03509105327733,-8.397782830496045,8.178359420811145,-5.403795545582232,3
11.785204041371715,10.36200035979473,-4.764958476579144,2.8094522308509653,-11.054203624906448,-2.935112934542933,-3.808427943756868,6.256475350455588,-9.090821806755931,2.872841877289624,1
4.913400571631437,-9.079525962529974,-4.046854242126731,3.2552467214277083,0.3065884804223571,6.536532441160123,-2.490487418740755,-9.23467337412081,7.798628112148396,-4.927383435706179,3
-0.1717708506034031,0.9930398828805027,-0.5806904149296438,0.33854302574051653,2.569506152435933,0.5388810560256598,-0.42071123059186843,-0.4232922416913996,-0.07134169729034448,0.8512457817294108,0
10.135549138813454,9.887189995668988,-6.813011425545901,2.6679101684355393,-11.312946208467897,-2.315471425866099,-6.4689816561944005,7.55808888049932,-8.869689857468982,2.5902453585599323,1
11.457885448257136,11.133424708806057,-5.780441672567715,7.042336080652271,-11.331618918976638,-3.051193902455869,-5.152555671478289,5.702922955726763,-7.327139088907633,2.4654487295822833,1
0.7603654278213822,-0.38575699962330207,-0.4109152757903968,-0.4816950487406851,-1.0646326335523015,1.351838235745386,-0.7878237477464387,0.49027606566675336,-0.6614276383178324,-0.47722388203336225,0
11.543336042868129,11.12713449661724,-6.499745444129511,4.565227678032601,-9.76244206555716,-2.2961645199464056,-5.005687052953776,7.575935220042911,-8.091059232882962,4.013127310669571,1
12.434231820772268,9.573528716994105,-5.249904336677924,6.228658805833957,-11.469598178996593,-3.211572404227339,-4.241303747296157,5.294613964094209,-8.238085469212837,0.9757459128924213,1
1.0087786775200138,-1.27752748393164,0.41204416214765,-0.8004610835443124,0.20140486656235562,0.7666066945753561,0.5344010012938855,0.06936783303009267,-1.378459106212223,0.7303441805517656,0
4.3571662416265005,-8.564598696926012,-3.6263169581648302,4.72190985121108,0.9521619394642098,4.522174186850269,-4.440815297392229,-10.897495745898441,6.367581199329146,-5.57874279102078,3
0.14120181248902403,0.1451563668960057,-1.3187776664973003,-0.08072888289215824,-0.8180553205815546,-3.408966737450634,3.0755855315229494,-0.7986507259529114,-0.7431521541448055,-1.3464361223605918,0
1.3978257421239937,1.2510993422423187,0.14542301617487988,1.397294060681637,-0.3068176278607802,-1.2910466825150706,1.9208744192102758,0.5328082864567701,-1.5346307505399202,1.5590485786373618,0
3.901600131154433,-8.452478302885478,-2.480416736654279,3.7424654905226618,0.3231415255409595,4.365247658299021,-3.5693346763526193,-10.257282370060093,6.13121150451587,-7.3199111467576,3
4.710796877438379,-7.5969513062291965,-2.607210406277663,2.0654897199550244,0.8671878891916038,5.362560111004679,-3.9643834485668177,-10.40909758367856,5.387532626318122,-6.889387870993399,3
-2.1520375212207092,0.4448337329920538,-0.2676764770387872,1.3918058916191005,1.1534935443403689,-0.9380229069056579,0.5821742389905853,0.6019106061604044,0.5291835796169257,0.39958107474559873,0
12.256824267853066,8.811204963520117,-5.160678056178981,5.3803012319099235,-10.59523202183219,-2.6541818317826937,-5.96158644065248,6.679214002362141,-7.48959902571519,1.65221620855413,1
3.2829573457847876,-7.554027126864333,-1.1855281474845474,2.4304033884514133,-0.09402690056481922,4.791421938258627,-4.3590368872226986,-8.88931592531918,6.5349618032790175,-5.177364398659689,3
0.5244120819106874,0.8117933141706285,0.09519325906802627,1.756970935637303,-0.6107030716502497,1.6755402131215482,-1.2709460185999022,0.7990284918796359,-0.14241348129145637,-0.7081325911132682,0
-0.7978225697251886,-1.0009695936103506,9.758860636202842,11.658468983088383,0.18643955550296976,-0.9170639830284992,-8.960944861450313,2.01429465130538,12.523604935472838,-2.201947823618421,2
10.727517639596577,8.544869906197308,-6.428668182211121,6.753883930603542,-11.49948196621979,-1.9568632359943898,-5.144292545725602,7.757109563447784,-7.86739799034461,1.0157570141041419,1
0.13107940000642113,-2.0791536912136097,8.781205285324516,10.816139005359405,-0.3800179169460591,-2.6965593762882936,-7.867002693411919,2.187856252192651,13.473334870432659,-1.0390601886833115,2
0.15034398851172978,-2.3701538725640665,10.472479433973238,10.835321798771494,-3.90253501767723,-3.7474215769955617,-8.33529856306709,1.3948405713594192,11.637119781349684,0.03681991642002613,2
2.5116158273776787,-9.19652476663263,-1.9576032030954813,3.957591916507009,0.32507243422991133,4.003316350658294,-3.4263040550202306,-9.811428195262852,7.50973329410984,-5.422355278698668,3
-0.48144209026492446,-0.9117667358298499,0.42023033084902134,-0.3059144876599708,2.738994127673045,-0.7868969517266005,1.7337307202100498,1.163389549889045,-0.38134530312189385,-0.0035152946563967767,0
13.077716265542811,9.795568538721666,-5.73572310294962,4.215249506284717,-10.535352870382384,-2.9566985742341987,-4.234003755747327,6.705279311481135,-7.038754371344432,2.6745984071970015,1
5.4012603546013755,-8.666354594608906,-2.2625824812744755,2.9290094207054986,1.4674974698465475,3.882648464008084,-3.014898480570622,-9.579465415577692,6.049666342617801,-6.498342657406227,3
11.458978219058618,8.19568659056814,-5.93405609181392,5.415055275380143,-9.90405909048529,-1.678880061975868,-5.4116696484636,6.498787716999311,-9.146780420420663,4.104523670396997,1
0.5201680989460166,1.0613753366291845,-2.1493969936611563,0.09863469140849897,1.4072933035299422,0.23221942967536735,0.08261327279331242,-0.5630071514803686,1.3807529677862802,-0.5167840952112729,0
12.155649205773619,10.962226259226814,-3.9024133855197016,4.146486869352064,-10.30730362635196,-3.124818078141957,-7.56616835713815,7.1172644764918465,-7.180863317479062,2.029275259429486,1
0.14758970106837974,-0.1268438076665127,8.329478218902707,10.831574257991157,-0.6057657655777682,-0.8751794953996952,-9.450332354975492,-0.5053793605654858,13.226319112781205,-0.9434252982103608,2
0.6216051496509064,-0.7696718302731332,9.06998105339649,12.766530940485422,-2.2257891080680223,-1.7457243858995355,-9.998449527423194,0.5524487020444703,13.719460006284196,0.0031421799225267444,2
0.2348535989675112,1.2411972794100847,1.2181487731949132,1.0246113140976034,-0.2616171710657256,-1.8411817779965878,-1.8633143983039944,1.0177298761098128,0.8437544717073701,-0.6167044624440465,0
-1.065287713073304,0.2791471818469853,11.635902045943045,9.829070254785695,-1.6754977720272115,-1.4529264819579057,-7.31320871578161,1.5883651763356343,11.334759664493873,-0.9559600035223614,2
4.430576154045595,-7.0414706084118235,-3.479216706195727,2.092713541423186,1.4320444672471224,4.479320498027388,-5.091439940923275,-11.326848648882835,7.722840504585625,-5.367862349080919,3
4.021135796761915,-7.953307417313696,-2.806937072120404,2.24820913464137,2.0492671250275105,5.02603654703296,-5.129862670110129,-11.172961341614641,8.184028675763862,-6.525502890181502,3
11.672085190858903,8.873989598389914,-6.311532911839897,5.124234829637326,-10.67944244249293,-2.881505797901787,-6.598041133471476,6.231765228085913,-6.092135140862622,2.1297489073338847,1
0.36398552585742633,-0.9972521275448456,9.132477532719914,11.795521514853911,0.12398345056269311,-0.5372210992874649,-7.861037206151079,-0.01535438059159025,12.339244104533169,-0.440578049928699,2
10.44485752107394,10.08346405690365,-7.111900507898226,3.558739394204062,-12.12374721161518,-2.1379657562209617,-5.23837429215544,5.601293050374263,-6.220703305038825,1.9131457227000301,1
5.621275465495182,-10.862332349787069,-3.8354785176138657,2.820437393172495,0.6302033925696553,3.2460194958278015,-4.110238356212038,-9.541916109209291,5.569710948229261,-4.536143458727091,3
-0.6823520889888512,0.5697681782255475,11.746061031578735,9.637349122932513,-0.0670622893690841,-2.198036258174711,-9.715071243829176,0.34295578904203616,12.553610649097108,-0.6113291301345499,2
0.5891239476675142,0.16855830129803526,0.710003259037054,1.8180109989470379,0.5897814755343384,0.14691627663792947,1.9283735658089192,0.3495521016250613,-0.7929474973316006,0.6874652897694855,0
0.2700586209629788,-0.3827309299284444,1.5017040190439614,-0.042958113337956835,-0.785203293453582,0.157817638643912,-1.2942673215746063,-0.0841312405247025,0.3191667764782755,0.19567230763530544,0
-1.4270111375933412,-0.8237655450509759,11.292202321339234,12.10236660796239,-0.5489725425799008,-1.8235725415907054,-11.660571383746841,2.7017739241159817,13.150787992380835,-0.013276122771481824,2
2.7816133403126,-0.9201144788689836,8.291302664417845,7.744238835937882,-0.04529677507854324,-1.9342347223144851,-7.600559383701048,-0.669553366277231,11.599230714538034,-0.4931986702426237,2
1.251807269710252,-0.3551425294991296,8.533800252131984,8.560726799843101,-1.4634335724423826,-1.1281767638968654,-9.568323956480391,-0.2326705399327709,12.710405779790019,-1.7606801479901386,2
9.339512061009703,11.756122378063298,-5.448645014978585,5.553160093780299,-9.832859698470973,-2.634519883468192,-5.21503353667139,5.856014296250395,-8.046403769469965,1.6258956121719492,1
2.3248057050728845,-8.869063852284837,-2.783212884676732,1.7984645873865228,-0.04905991247422481,3.993938754178239,-5.195954417346874,-10.669805508793225,7.4012324433828365,-6.126869940200242,3
0.24439024584211475,0.08988011125097287,1.2023486196218962,2.0755703623094934,0.6850853720125745,0.12119270478432072,1.4726440719776168,0.142359242935861,0.4353148096251014,1.0010109200318376,0
-0.20227719486455722,0.4142578951447955,10.895006331651977,11.38310213534186,-0.7447028324376126,-3.4224963285057735,-8.97359271443216,0.33390253454716884,13.7526234734455,-0.506368012606272,2
-0.9252712846220588,-1.0821192837745255,1.838463930862475,0.1247101516460557,-0.1553014511083345,-0.49588431617290624,0.4288791093309329,1.203663886056073,0.7232644762557399,0.9215890873115105,0
-0.5702944452615362,-0.07973342752853681,0.7965837898100904,-0.7661030618529515,0.6521535261796981,0.3226323183103053,-1.2533061231994815,0.6035352591904276,0.14192101285235245,-0.5505242111902932,0
10.539956341244695,10.112649465707483,-6.1780614673842855,7.02217114837763,-9.546063215553403,-0.8007931994774486,-7.794066301600106,8.311097752221844,-10.129251499753966,1.3151902768580157,1
1.8315550672750278,-0.24646179191849052,-0.9747411862859306,-0.1534563498998187,0.5148012298959235,0.25747952847747047,1.194231694471712,0.6650898382756999,-1.103409468109909,-0.49331835064077517,0
2.772036937454047,-10.529149914711187,-3.657888499580451,2.333246111707884,0.2810004917491031,6.040283087281782,-4.009019781347502,-10.476105079563082,6.872102340179766,-6.248397603167899,3
13.162026631896737,10.61587302148029,-5.062473209003158,5.148984289065594,-11.165458056965774,-3.5516367323806035,-6.443008507324242,6.970408814283204,-8.133768006017542,2.5471090206161313,1
3.43218575112949,-8.155625884130595,-2.8647515853158385,0.8173924671432307,-0.5425395320398028,6.109262179773279,-4.013945725965466,-9.443800760942871,7.876192192750702,-5.070654977012143,3
0.6738134530635596,-0.5098578190466422,0.47340803004578785,-0.09724244006400126,-0.12351627109154253,-0.8058102916852656,-2.1203387412307233,1.2483763641981849,0.4315583692859805,-1.3431982196769263,0
12.653868845004364,9.633987636792497,-6.032802065138108,4.396383890428007,-10.036490949061735,-1.1781247423441266,-6.7924225164810785,6.634829105088727,-7.5684256918722,0.7719143028378734,1
-0.5443635815090949,0.9313409231830024,0.07132431612448889,-2.5494230555846977,0.44272027519264323,0.9963509875907843,-1.1520616602649387,0.4087269349745743,1.82995966975421,0.11206637517823875,0
10.28435891250313,8.699337063640485,-7.15294221449057,3.0717416254329337,-8.317401112917446,-2.8665262468476973,-6.802808563903792,5.853552808991946,-7.707644090339036,2.1974066100659795,1
12.847546221728061,11.400776345597135,-6.838908613826289,6.259211207864898,-12.337933828594442,-3.268984684912474,-5.86719622425155,6.667466136188994,-7.637794778183585,2.9417999367528913,1
-0.3619803466715407,-1.261980207837494,10.452043353771433,10.471546653350659,0.09528279011907193,-3.093505046164423,-7.89417003246596,0.6554434133715191,10.945421312632421,-0.5207525024676126,2
3.6468079657752206,-7.766560892798819,-3.2784334557672334,3.4881220430621327,0.5862232401282673,4.018587933004025,-4.054811194146761,-9.306264095749619,6.784369746579187,-6.074930625977721,3
3.6563954417943862,-10.257908003199717,-1.7895640591619575,3.0254836105908587,-0.8307622373355499,4.405225026975952,-1.89106822564818,-9.84157895049754,7.847927441198849,-6.755213404050005,3
12.41675416021457,10.666192546972107,-4.351911276898654,4.930584460035166,-10.921018748241066,-2.0628212435882345,-5.9382891140262615,7.005528384759289,-8.407108425614112,1.7476955605706272,1
-0.462190715847827,-1.5984961200839993,-1.5953245414355781,-0.2010681464246827,0.10304156577138852,0.9556292730487395,0.6408164117811017,0.0798509452063441,1.0115104914323518,0.01273790663095104,0
2.8103170911106985,-8.993920648361376,-0.7859253346068593,2.705303711979498,0.39177642740957164,4.956212942869573,-3.410900276466708,-10.890747426256743,8.073080560479205,-6.087859703186695,3
-0.5399387077816568,-1.3367919192078537,1.5283287550979996,-0.5205132187712167,0.028200609712332965,-0.9102478563006189,-0.2594505166093298,2.8507774238697423,-0.7259979037452272,1.4485957745415514,0
-0.44214643746705684,-2.4688343017658942,10.433744304452837,11.09261353155177,-0.8009396978492385,-1.1555905780253255,-8.11183251909992,0.04427988516685858,12.30531532752615,1.400268886851381,2
10.683483828190871,9.74799496937772,-5.830794083572599,6.109650194720215,-11.706202263516355,-3.7995309182894292,-5.875195904336749,6.784880887925748,-8.186961385609594,2.0520185033844687,1
0.9143355976480257,-1.0699260455641393,-2.704789797858965,-0.09451394036776779,-0.5666817550530255,-1.0508214257847202,0.8981053934866166,1.2082466735435573,0.1054212793658609,-0.18251906961816533,0
11.393393571129522,10.174718402189985,-5.129059181208322,5.781461323263148,-10.30177690722319,-0.9067187117313222,-5.781111442069871,8.299434366122782,-8.87214904717289,1.591041887855564,1
-0.4469495793406839,-2.817392162199893,10.458393558424499,10.589050528550684,0.4629955133559863,-1.9156420511614418,-8.258589866469366,-0.8448248956674875,12.06682770715489,0.036167027223035775,2
0.6435321997818753,-0.34426427787732183,10.027320714813516,9.103702794718465,-0.9737214447169289,-1.7595708852133352,-8.967018964690197,0.3943508301756689,13.780796030635056,-1.2739285004205514,2
12.471807905990879,10.947584081513513,-4.76511107951001,6.00451611012016,-8.825920483635834,-3.6506739069062593,-5.8640641802196765,7.124625078224699,-8.629834695375905,2.2128470080246028,1
3.458484501004528,-7.0722453416451465,-2.897918215943316,4.14695534962696,0.16898164456710713,5.6072676155080785,-4.30902321795309,-10.5756745990494,5.452040943786162,-5.664756158397533,3
0.16223614796127364,-1.8836286667031252,10.272092019608307,12.733917681160527,-0.3531244350677213,-2.6269163028976816,-9.45984444281832,1.3930796408167085,11.187324276922952,-0.9732136822224883,2
-1.092185691145798,-0.3572174759785962,9.470312162458708,8.881464119486623,-1.6266064501687794,-0.7279190558378004,-7.980973188440804,-1.1459741934945913,10.258134580694572,-1.1816477398730234,2
4.3032730594441135,-8.215128518097911,-2.172326181488361,2.4832327152029654,0.203216000855653,5.834106189994091,-3.1073933996831045,-10.284466565159956,7.98194666925111,-6.954623380452044,3
-0.03318763569391418,-2.183324344878271,9.70038458279187,10.960801552014994,-1.8412245865248174,-1.0595856864894497,-7.916078038804669,1.2194977630984116,10.811919578670487,-1.5502787299108833,2
-0.5293026194201811,-0.6229812999562985,9.197009340816932,12.340803357426353,-0.4323920182931284,-2.7726698481031162,-7.3067151998308635,0.49294391829802525,11.026234522939188,-0.9036610316283633,2
0.47602180916636283,-1.6258403169987203,11.075202212519692,9.28354093475524,0.07221918182770537,-2.864765736835403,-8.719254001199886,-0.4905537937507688,12.847029266568885,-0.9634922328076535,2
-0.5292694493023127,-1.6804448735136064,11.8381462792607,8.95340585484942,-1.4011913338820814,-3.3662656319314763,-10.853775347070062,1.2797330217356775,11.692691430242059,-1.9332566061663097,2
11.325277269411481,11.425968807638583,-6.57323997854048,3.616843497828601,-10.309465890624418,-1.5597413250381846,-5.006751234069932,6.4499987422657,-7.973536121542641,0.5691710835535959,1
0.16031642878699645,1.7286815758143066,0.654536849827144,-0.6663091219490861,-0.6557637427056909,-0.8116811003245956,-0.20052053125297437,-0.8124514502408846,0.47482374498962565,-2.643516255798053,0
11.966506319742324,7.884074385581974,-3.6623619443164075,5.049376744693624,-11.939285273932136,-2.5265799709953316,-6.467836980268477,5.443136648691393,-8.806707005904942,2.3196154507156663,1
3.956321416900179,-9.298113249798933,-2.6848858916799117,2.223380652717396,1.246308156614392,5.088555704115166,-2.183902767194482,-9.047579451394697,5.777724492505882,-5.943910938888277,3
0.7654492384322756,0.5112532785395744,-0.4118545110447676,0.8113623174047104,0.13829811679991094,-0.5042209639221594,-0.18282731060329377,-0.45541769131153553,-1.183775950818528,1.2566858059021013,0
2.8944338084718364,-8.896206364120788,-3.509659675536593,1.2036773092576893,1.7389660986924524,4.0058016386369655,-4.0123214522891315,-10.506752131492735,7.475528885032701,-6.585529660095166,3
-0.5360180747639782,1.559405682219119,-0.5350366643915968,0.3276547919866924,-0.6156879253714481,0.763425554485366,0.5367991907030225,-1.4911847411653625,0.2680319870859801,-1.6825868872985674,0
1.266174823938802,-0.8046548995191918,10.740586558674245,11.011949413989857,-1.3764127183814145,-2.6751804211927634,-7.859782855334521,-0.06776778145924023,11.57804739998181,-0.9348990547391284,2
-1.2053401111948003,-1.2241547185255628,9.024590318186265,9.905063153016451,-1.0401014411950549,-4.331894961260545,-9.1789201026965,-0.808372187006849,10.66371488522788,-0.6765551568680898,2
3.511694443349927,-8.808220279440942,-1.2488384628656026,1.5776661577846036,0.4085548816244945,6.667055865983853,-4.794954021166991,-9.90937916361057,7.243127505436889,-7.539632301156386,3
0.8858057490213461,-0.7274018405163769,8.642957047980433,9.340788712670342,-0.5715334502603424,-2.99495248034032,-8.08595479316598,0.28359110403993376,10.004047110011443,1.116670804114599,2
1.2750930218816978,0.7908701122038941,0.7887849831273013,0.26308080171222237,-0.9621989493216646,0.32533929597499167,0.06385316502822268,-1.1383813885557479,1.2099492585587117,1.1022893749291518,0
9.759951482700888,10.440665636490944,-6.630012102901255,5.270626931949393,-10.301845535565388,-3.658911901865837,-6.515285186354323,6.549689905848744,-7.666620409168176,3.0681336488119055,1
5.271391352246615,-8.588482296346976,-2.5553447583797153,2.0332481352673457,1.0234189687286015,4.077553340935303,-3.042307409178268,-9.318789501497308,7.200826291093592,-4.333597808967565,3
-0.9781593445255623,-0.918115172434519,-1.5831873289696967,0.1144759597954961,1.573412147525846,0.5581367230264489,-0.1057903878517124,-0.04057187281015166,-3.0477773123935967,-0.42383542189937645,0
-0.49222552135374226,-0.13123467336932107,-0.20008056580668074,-0.5925018938019228,-3.7087966093232914,1.7548118755996143,0.00041796377814229223,-0.17831011192907645,0.3251691300519507,-0.08005774853408995,0
10.415010140517937,10.13299021958496,-7.716162289062707,4.186997240127379,-10.25942106708786,-3.067392420544779,-6.548075044702994,5.8222324205540685,-6.9273207920764435,4.407478803314074,1
0.10195096740633612,0.43830370476834984,0.09031669151892624,-0.2645842468885863,0.4860386816427485,-1.7384269028201453,-0.8939553907625805,-1.3052080978053102,1.3483863719881566,0.7120317209883875,0
11.29252675580644,9.952375778548372,-7.2082710173347735,6.207895175184765,-10.426523269011218,-0.9445501698061278,-5.517142429090528,6.2015498271658345,-8.255778775004817,3.2182842076343614,1
0.3776409643180902,-1.3098175881702998,10.343102435648833,10.314008186760004,-0.14155906530972462,-2.1637632178010433,-10.257643168425309,-0.3724081124946511,13.931225398826996,0.4638127106231733,2
6.597128281615008,-7.043823210961515,-3.876779529080031,3.801307118745749,2.235751258493878,4.50273037378457,-3.702208928139237,-11.047968341454787,5.609884943011498,-4.039917788556817,3
-0.38447329238123135,-0.7111912387017465,9.380675228380364,10.382583405386551,1.5923274636187843,-1.4523966127901264,-9.887312126113073,1.2138782632630232,13.268227847486495,-0.17373034051386038,2
-0.27862768488719775,-1.5393822241239836,9.3605674861444,10.420565474356922,-0.8263653446326048,-0.9884449812194187,-10.822512167916829,1.19370938968249,10.97250380043597,1.0880946881688178,2
-0.94388026441722,0.4240197786547648,8.641068951409466,10.227783044225134,-2.0295414191456045,-1.3507629842328808,-9.803173045970661,1.1091685868347885,10.031708312632558,-1.2176750602530515,2
3.7014811234361433,-8.51845941285814,-1.571125755264742,4.143746741794831,1.340195552962001,6.5013652676777385,-4.150811878302749,-9.90314663574757,5.7136948411474915,-2.6857712871876025,3
0.6260188530740759,-1.9367180765564804,11.247074015824111,11.069144611457194,-1.231906497384639,-2.4836944771301854,-8.896754241577954,-0.9494750006279086,12.844728977398782,-0.4664294850096758,2
0.31237444603877224,-1.5222786964804431,9.264877086301395,11.03435716301028,-0.7499896457480677,-2.727555617253782,-9.979675257576408,0.3237249112806177,9.801738869651286,-1.0330118657948009,2
10.645350114653892,11.388655019531534,-5.94612776757152,5.250743575068183,-10.835734821265875,-3.5811864534999214,-7.3063146972451625,7.201380801698006,-7.34888754329623,2.6697939924793497,1
5.243848606453997,-7.576880247274902,-2.2088207503301103,1.0659624419187799,-0.3378343229545082,5.252039491761452,-4.152987220419612,-10.73075887420966,5.631389106551513,-5.424988980050538,3
1.1588943873012088,-3.07593650712986,9.674688646598565,10.745426176342004,-2.0713580549432016,-1.7059588537038768,-8.869031940833317,-0.7577464337495591,10.949371825288514,-1.6444535329456276,2
4.5197339473492555,-10.070240721197376,-3.758496535637139,3.931904983236457,-0.3017713270242307,5.799946028013528,-3.489787182429513,-11.484479654203588,7.4821864052655185,-6.094570081072764,3
9.494174483933683,10.581469562020066,-5.860999290208828,4.364725796421556,-10.133450232945894,-3.5278646232990996,-5.981245395250451,6.52326438950957,-8.422859812401903,0.9304260323610971,1
4.0249389194145495,-8.630692754398904,-3.204950225031749,5.421255221224755,-1.0464143348074826,7.634401789946407,-2.977359782091858,-10.582508668895477,5.894909540064337,-5.6573614655519595,3
11.128013236940715,8.35345697385375,-5.890652441873424,5.795183288339495,-8.76632720132847,-4.473670227592203,-6.343731541758805,5.126326446400291,-7.390754057882241,1.1671910026540444,1
10.785107242729573,11.43095154416934,-5.4338466838610735,3.8460765293152783,-9.755671088884888,-1.4331701477310421,-6.99325855033335,6.880335077245333,-9.106029895306108,3.7728567368437838,1
11.03166709057354,10.00876782603353,-5.637346354011586,3.573372216630387,-9.960801307745886,-2.561804534966647,-4.125219131994666,4.9212758059117405,-7.880782028026169,3.607407797860523,1
0.09183575826834649,0.8963900873486018,-1.3633562578802498,0.7258782205537132,0.5212145783593538,1.1866474755614906,-0.7156537013032378,0.005716086092890965,0.2050683760048956,0.7387965172002353,0
12.228894270249235,10.406345845667342,-4.443445360176833,4.856831385491106,-9.786246857466326,-2.6876727169130654,-6.251219326316246,6.942623000799811,-7.547559317831018,3.8330756534386214,1
1.048143185319164,-2.2929014014967364,10.117716062768952,12.664862094375657,-0.49704061050554493,-1.717309304679471,-9.367030156967596,0.2882570092022777,11.795497072858788,-0.23208383485756223,2
0.6621986368788892,-0.6117487911829878,9.65351538346178,10.683005739423699,1.0776099130573016,-2.796245885947774,-7.436319120161366,-1.4694133895409,10.010982061954508,-0.9196935625471845,2
0.6675221127023412,-0.8335020397175382,0.06326315480408605,1.1101739409381017,1.0199494834663676,0.5480449740059711,-0.882995223500883,-1.0404637706192785,0.11454367444335421,0.18077423872584042,0
0.7780856327504334,-0.7523290355614726,11.56811957849259,9.636418060204937,-0.7430811940016022,-3.1784712087256857,-9.672821934676614,-0.4250206128695847,13.693466987493945,-0.40852188465698236,2
10.128704451998537,8.18832697939327,-7.943032615430676,2.603882419011372,-9.732196882821446,-3.1394930160169285,-6.799138178070016,5.7565971137223775,-8.272208065769616,1.6115012023776139,1
-0.08397027016261778,0.18574805387217252,9.939827841680458,11.757476668860145,-0.75840526254847,-2.0631181353458605,-9.333183214759963,0.9564706374635871,11.849297257692836,-1.5049667194931078,2
12.424949455658755,8.08054522275474,-5.858333415484155,4.546863282074872,-10.961335676458967,-3.138562813698466,-5.378602490837354,5.119067987226274,-7.0736830586456705,2.2069793416959906,1
-0.22427725193592268,-2.0147140195925113,8.753056369170515,10.426282371228002,-0.9634739101842554,-2.593561974239034,-8.538835822535177,0.32288854762114955,11.77659286525674,-1.6983733376822245,2
0.8017464989727541,-1.251846139393125,9.015406766288683,9.756024244291318,-1.5365468213038334,-0.3219454763738643,-8.193412058751264,0.008721909222231664,12.133769717283185,-0.242382111304133,2
10.870712804780526,10.555171264270522,-6.609645101564229,4.833847232795207,-10.13123184677914,-2.4629653959854885,-6.340792875528622,8.47528196540333,-6.482059785908359,3.566513971284419,1
-0.011424020275198274,0.6908698288668573,11.18919090880843,9.064855798092795,1.977092903705397,-1.5211545069053698,-10.193459416741925,-0.11767518951981654,12.686964726220802,0.48006333381439137,2
0.19397992560207106,-1.6633179399141524,9.457318853457693,10.250390308657815,-0.4359484522866295,-2.5029200816269324,-9.121098828559953,-0.9814556668526854,11.263025989759239,-1.184628378959147,2
10.515910424664925,10.074762362424828,-5.633308413171274,3.7829804648735714,-11.086619669323296,-4.175495054828101,-6.768309662997888,6.0442563339211715,-6.75685200603279,3.6903344870571315,1
3.6746425324965024,-7.112693577626086,-2.437866089912687,2.553918081685507,2.2786816936927927,4.571858472216809,-4.215368719224317,-11.40267108977326,7.948582834241923,-5.1892494205778394,3
0.6595815249490881,-1.6528642538714484,10.01227922623139,11.53663855831845,0.26251064223224285,-2.5999156451326213,-9.298062926584091,0.07127073825527414,13.062145993959135,-1.8722153268117403,2
5.451552255565016,-8.405637336586684,-3.0298794556219972,3.449126955892767,-0.2651047929424931,5.369903545377474,-3.782568472489861,-10.437288889736248,8.409074104200762,-4.460708691395212,3
4.580313652633432,-9.12507763995644,-1.8012540543409568,1.8469232290242659,2.0797251605745926,5.577411520933992,-4.374126601033234,-9.875684888309259,6.878557324542074,-4.831385210108876,3
3.334930313593379,-8.1745927171015,-2.82651831656173,2.583388753473292,-0.3084703008823705,3.4417988212538235,-4.183266680284854,-9.954571776500195,6.663138087641184,-3.833724351415091,3
12.312663808083695,10.91810380005804,-4.991490395056831,4.084064635802431,-11.042908005552489,-3.1407019897668875,-4.460310977304814,4.717644470955369,-7.358181002860616,1.642652652348802,1
-0.35845260598715023,0.4496082477099598,-0.7522800045151605,0.1948049151606344,1.25934712807444,0.6862479733319425,-1.5708120331391568,0.5706948160355445,0.616225778793552,0.17348697322708878,0
3.139374393038352,-8.432632375818677,-2.87626238269105,4.027280636792762,2.236015121601821,3.884346168379494,-2.8468938926148755,-9.620273220562547,4.984674014655561,-4.651890664272812,3
5.9156838835362215,-7.275875431017847,-3.1347854160927504,0.9198772111509386,1.8061005863982318,5.7246034716193765,-5.587962521570118,-11.464229551458232,5.796333676150762,-4.889424553405144,3
1.167224537186842,-0.18258576126526094,10.053716071485503,8.927745000439133,-1.3065892634345082,-0.9114737151311081,-9.239689265113725,-1.0923126260222946,12.871643433544047,-2.3959260890665695,2
10.15608733638222,10.320461053914206,-4.68510277404462,2.468806686755214,-8.526714041955186,-1.2799676226288876,-6.912061839911425,7.242520272927492,-8.204491110555047,2.478000845604433,1
-1.3560385171242424,-1.7830908047880132,11.98678896183201,11.560420917938696,-0.8657856354926913,-2.053126885160359,-11.216620822394933,1.2810705235844984,11.2684007906903,-1.581080184153058,2
11.517413914805486,8.476130198174936,-4.58222692384895,4.159463653366392,-12.613341921421831,-1.1554203505146596,-5.667928315708108,6.850147345462002,-6.072018873392047,1.5734799631584808,1
11.521930222681398,12.49899908583006,-5.529951628599804,5.964047196697605,-10.202188988238941,-4.711844096657487,-6.132457950889972,6.6945874634435265,-7.020890574947084,2.786330004113357,1
5.116377920585037,-9.093183145184865,-1.5717647011174745,1.744258969581617,-0.2776597748111973,5.527019115583436,-2.566484785663092,-10.216108708451577,8.224740008596855,-6.450482067062144,3
3.9190738539895777,-9.58369325023859,-2.7704275727477166,2.160749711763669,0.14174132429783742,2.726183300763528,-3.4404073547029,-10.478423931156891,7.575613336280575,-5.063798146838394,3
-1.2751237554911852,0.6572125035848473,1.8456455692743152,0.9899589256808854,1.0537490054784395,0.7124770346168041,0.6464514496462197,-1.799431935575516,-0.127950950071989,0.5086697666458674,0
-0.46551912068800905,-1.1913261287270338,11.337628095492676,11.51701768746301,-1.074978149441976,-1.5272695233140778,-8.16761455541974,-0.9631102424922248,12.050239164809518,-0.6160924023079885,2
-0.12655955981934022,0.9553765562783211,-2.4662167888296214,0.8922870097251215,-0.4269059567438021,0.5533824463016972,-0.6493277256958633,-1.3266945300777775,0.3397040313166676,-1.5015305233211993,0
-0.6240343582222445,-0.6013020520210028,10.312495085488846,11.934807247981613,-0.773509091931626,-1.8693678353688907,-10.204294181072443,-1.186530649083407,11.784246208208167,-0.6907001109073203,2
6.255871386047278,-8.92742537465141,-2.078963942425828,1.3349934333556055,-1.252059438235021,5.511439626583223,-3.7288714544296457,-11.785021340021183,6.9116719837178975,-4.683254884757786,3
10.391445863634324,9.003741867536425,-5.498081946151462,6.033336148327524,-9.649086845263207,-2.254553778050374,-5.722638219761296,5.095240783779042,-7.396363001731849,3.2938313772273196,1
4.516187095103953,-8.533023341382929,-1.7134166089479415,3.127065589133987,2.0788406639224473,5.703101576109908,-2.709487480750961,-9.007622766816262,6.433488972052506,-6.215659184248538,3
4.889376614613782,-8.247766219493402,-2.398490521623688,3.3567531176948937,-0.5851247668312383,5.708546869495303,-3.176915217737726,-9.411694212553265,7.226662888604372,-4.59564718859547,3
4.621399915548203,-8.5614279348489,-1.8017134023366443,1.147806280687874,-0.2583870968579416,4.074466456879553,-2.9543855048372265,-10.737565468009732,7.913339233887944,-6.0156900380454665,3
0.6483597093650616,-1.5416234737805667,7.491825522417256,9.399784127104628,0.1199434579438512,-2.814028091185352,-9.388471937721263,0.5277857299423758,11.413549525668923,0.6250108236555887,2
3.763332701493849,-7.881943202936072,-0.45173431455872537,2.9485036091564516,-1.5997307767240894,4.076887221234598,-2.136721871263507,-10.739472287616218,5.55961976168786,-4.8623470108434725,3
11.330812037040094,9.082729936492836,-6.1799485587451315,5.0717006771886055,-10.892894304794485,-2.7892205004213717,-6.719631527818136,7.511188975780559,-7.015861085735851,2.6760849693495796,1
-0.5680244332925911,-0.8323607142969114,-1.529348320513359,-2.6359678675891267,0.701496868118987,0.793608687036212,1.1930385845947082,-0.1490393161701822,-0.3219925272935952,-0.5077231133031412,0
-0.015476074292581049,-1.3666638731927374,9.715785040013584,12.266791970278172,-0.7406238799297261,-2.372307607883883,-7.656938907365385,1.0598395739631914,12.344089712131666,-1.3821132274892305,2
11.78033158888941,8.049407651567646,-6.635933575027244,3.709366673126623,-10.071242567630183,-1.6075452552208354,-5.1172000938329685,5.714484283787984,-8.063283421069025,1.183250155966531,1
10.623556912934522,8.39248500656901,-5.622922338907808,3.2755370453923005,-9.365441469087937,-1.9531755989117157,-5.6520550574238655,5.865598513227053,-7.92840440645422,1.565186164932684,1
-0.8456662927158187,-1.2834760706345334,0.45386015695535986,1.7556123851014458,0.20895445213315375,0.8266474465370726,1.4951244101964767,-0.036530349682143665,-0.15206328166124988,0.4720883506306324,0
0.24473811928735914,-1.6491194705845096,11.365724954090993,10.778979840950567,-3.0074926266877338,-1.6155162087928634,-9.305560604488312,-0.18949901153240192,12.7135104865689,-0.6838404193530478,2
-0.3293123637339053,0.4507576272929965,-0.0040794715040313265,-0.25345987875653136,-1.4198156949020975,0.14904319792466986,0.9583757046480575,-0.7782778477402827,-1.9682706341893295,-0.3195506422953036,0
-0.2892276781537132,-1.4688675648659923,1.1688435574027187,-0.41238439480033257,-0.04711011563103306,0.4800502680050018,2.766139919811899,0.2682749397895262,-0.23827103780625178,-1.24104212120364,0
1.7380896917251984,-1.5820511094048508,8.042286816499498,10.091854077435604,-3.52833707054056,-1.373348029517768,-9.044417467291877,0.37275215057829486,12.277431157534403,0.2675163402736207,2
11.990601773315875,7.827423812865877,-7.456180677909969,3.2731271746516377,-10.221935392279718,-4.0621578646832335,-5.245256952197817,7.168686666498792,-6.228055345311088,3.9820089641751073,1
-0.9829152254641951,-1.949486778757041,9.458478727807858,9.586325943279434,-0.765624119484351,-2.383174599714412,-7.63699802222877,-1.1873782213182604,12.870594833576895,-0.5350742630408257,2
4.9868272564712095,-8.370575776933494,-2.0432014577337414,3.7107431396365476,0.2634183207775884,6.046384146972381,-4.59976483063921,-9.91354937598343,6.764505473183009,-5.441595681579926,3
-0.9848778493060248,-0.24928585727600588,2.078414239014391,0.36241146287545145,-0.10578810206476519,1.2385579961556479,-1.4518836755017483,-0.4896951701482387,-0.6373286539400408,0.398041559468138,0
0.6102036005739239,-1.9093082056888169,7.763881938120269,8.906747350194408,-1.9704962869199991,-1.7386443874860271,-9.123863110681157,0.9172882518972288,10.81262891067795,-1.0967692197645773,2
0.2500449157713543,-1.9904367083035326,10.882620580891695,10.36714857681907,-0.7241440480597587,-1.8570221506145153,-9.699575208180491,0.32170889939885117,10.256542722390183,-2.9681574974670015,2
5.110685489921925,-8.240673737153408,-3.0430714342891907,3.1095924741641845,0.8379671949072052,2.52659136814981,-3.58247824820512,-9.827969628375765,6.016442298088447,-4.749375240855528,3
-0.9871451171965165,-0.7304392797608348,9.0462902956959,11.672802185741578,-0.888239875802891,-2.7792238598591754,-9.740896462977453,-1.5574608816252238,10.925645106026735,-1.3251988122751186,2
12.217051395995355,10.012694493174873,-6.861927736201419,5.610061157693627,-9.16134383078884,-1.1510378943663915,-6.003083122900469,6.851981601235845,-8.278836876753056,1.6537399767564076,1
0.35142376032791106,-0.2376770618897408,9.844516965274048,8.632170087165257,-1.8016398981463628,-1.3952548714378417,-8.706526202401923,1.6368810148983817,11.846422716920848,-1.6652163133465605,2
-2.5210866501296927,-1.2816234498490506,-2.146055106718261,-1.2940480543188981,-1.6336016741893802,0.25256749038184045,-0.31608534160627566,0.7405399180288891,-0.03809958267396152,-0.24030906814483508,0
5.9658322045370324,-8.772070976859965,-1.195200842785136,3.1933026816047634,0.04552754639110468,4.941011755959506,-3.4294468328726584,-9.387215069918833,5.382530083207084,-7.365364403089959,3
-0.28456814838273725,-1.8487064315603923,10.92259218268518,9.41059612532175,-1.52834594146506,-0.9086976743818036,-9.81620168432213,0.2976069142058831,11.71022739188957,-0.529211952151776,2
1.405438198884478,0.6306311147592079,8.925914774682832,7.893447490338208,0.37100088570944145,-0.2530849484756841,-8.164474306637409,-0.3125557818066711,10.636092683786694,-0.15563635735178072,2
1.5759745256079842,-1.4571765307159399,0.21259161494942858,-1.0049052999937846,-0.7089463040617656,1.9163188204273385,0.12344434578613944,0.516950688562923,-0.11246457642651411,-1.515133314097623,0
-1.6120054163713113,-1.685856049991866,8.549621008090085,11.882546400522191,-0.9026303970169309,-2.361887148832741,-8.643636438273605,1.3734608572817715,11.935888288529732,0.37023864879491875,2
0.7534874646427137,-1.05484559456828,9.772879887151356,9.43724259234249,-1.1159677230480576,-1.394550862032995,-9.604713031964668,1.3385094234231731,12.796704465278571,-1.122464941686311,2
-0.7742735853194943,-2.125791921683854,10.957649188939056,10.659841053248854,-0.8253167920666894,-0.12498831454043757,-7.1062041773854485,-0.2725080248881431,10.412673267746213,0.6413997850603919,2
0.008482849154372233,-4.1225330502159,9.979863965796946,11.109238661920013,-2.95580369216718,-2.031297885251708,-9.107746458121394,-0.49085576230652356,13.027442328254999,0.2952652427803859,2
-0.005419438626362428,1.7152660421517096,-0.7717746470135227,-0.5315858834859571,1.4574875117453714,0.8041065286233584,1.6064270979322581,0.4685557690590049,-1.012546076514275,0.22357735750267665,0
-0.5278855061157132,0.08841237770181262,1.0080720278241542,0.07127960568427447,0.16235456081647737,-1.0573226028120999,-0.13405955381512966,-0.4217544716093974,0.681640963640485,-0.7645669832026974,0
-1.0099956123657068,-0.6215459698888001,9.799903524067314,8.97747230113413,-0.5188601064464676,-3.3502498173869966,-6.338629194840588,-2.201681382281594,11.772497748727115,-1.8885603912507627,2
0.02846593921228912,-0.711791167469455,0.7621517136520333,-0.45363884891676387,-1.5742973485555531,-1.000602381110322,-0.18163693304708287,0.578302282111279,-0.8640699520880911,-0.24066246043753473,0
-1.2205115352700018,-0.947177048048047,1.6809236987958909,0.4023990971970115,0.7607821718528455,0.058028531455216706,-0.14028024824273994,0.4571309460952804,0.7276136836761329,0.846075674691719,0
0.8247359844562011,-1.9993282186011552,11.221320226288398,9.982089874133536,-1.2228722187376078,-3.0139392073700786,-11.453227088447232,-1.1678959641535225,10.03527505295511,-2.814297716574184,2
1.4934742134730048,2.1189751469180984,0.02943565756810758,-1.1582143470889743,-0.47060215492455837,1.033015744469201,-1.0302152960137945,-0.20828319975901888,0.29258488143162964,-0.9227146864076674,0
11.047751487259925,9.109266877970386,-5.759792022034469,4.358481613541038,-11.0734472328736,-3.611678926658014,-5.559290197129111,7.303975019292059,-7.093433564784866,1.0491912274459294,1
1.466936481575164,-0.5145008820791362,10.411970150592156,10.379294461877462,-2.706416136529568,-0.41267606966722314,-8.187549314507113,-0.34703304001059876,12.198406861277949,-2.083026722115496,2
-0.37978851233193817,-2.275415015743811,10.184249010234796,9.877320563050938,0.29712916878827234,-1.400366265282154,-9.73489225594393,-0.9025061944936855,11.077846578898155,-1.718062688440877,2
13.203385279593379,9.867736065910742,-6.051456602215372,3.7291327128330547,-10.229120158945937,-1.6795647399743716,-6.065851512294149,6.282297197035436,-7.495148677187017,3.0482761820972373,1
-0.680967783285462,-1.5366389009496022,0.19405506638375492,1.0924220022943598,-1.7350536054359293,-0.9317746709931696,-1.1055847090139588,0.8669461659105872,-0.36982908854451246,-0.32793652237750537,0
-0.1306539689621132,0.5657736996720634,0.07226190097399007,-1.065335694119256,-0.16588304998337827,-0.21800280858313795,-0.062354641968780086,0.4909153489266592,0.7062580369103023,-0.5000514509745525,0
12.125227291689637,9.197400646464695,-5.549730765729882,3.224587735428643,-9.75885629371995,-2.32392417686906,-6.855651838412085,7.936556007275112,-7.1731707637095585,1.8834267944483665,1
10.32365924087948,10.454995557379375,-5.47470654022588,4.467677897034153,-11.056795168752904,-4.784883634144991,-5.645652073533701,6.083675073100382,-7.10517336004489,3.1140993785838327,1
1.619557401034341,0.9777233137035983,9.597621657907549,11.00364407809209,-0.04968329529773585,-1.2881201938895874,-8.993045458329895,1.7723200560857586,10.154524001069836,-2.324902757065268,2
5.603252740599661,-9.148510841868257,-2.6877382581472715,3.303194743951545,-0.19373925144804593,2.8833085598119585,-1.6866525433809323,-11.606936116045674,7.584965782723316,-4.916466414884784,3
0.12642440812473676,-0.6138270186937304,-0.06182992276768087,1.1503268225783398,0.112185759091425,-0.042426705617893655,-0.4792033741962163,1.0522559337439636,-1.2807878166672102,-0.8019696017829179,0
9.720620859862832,8.711928505241493,-6.211467558886717,5.307915233077489,-10.294272052105162,-4.15708150492264,-7.217137144845269,6.674684799018387,-7.624264568381051,2.3662245449233215,1
5.328722331923531,-8.34766599200677,-2.038182737784179,3.3013751616661065,-0.06857131390783788,3.1969586346162786,-4.513055579278809,-9.061200378530769,8.94575456712102,-5.707914141879226,3
10.971038768566803,8.052440148933709,-5.841840800973242,3.296567135902672,-10.254514038480536,-1.0574183826107315,-6.544845239379148,5.58123581094024,-8.214156468163273,2.894783565764294,1
9.6246710312671,10.994382589981972,-5.589083980276624,4.19985198634829,-11.518262208889093,-2.7200433692017563,-5.431807026894371,6.554204031539367,-8.883752536256019,2.23915248990617,1
-1.0734391191074883,0.5988480074366075,-0.2000693724404299,0.24936559112660756,0.9780005241715597,-1.51313877514181,1.3970353850289938,0.9693817869489962,-2.0544402219876448,2.353092448910977,0
-0.6980260078499807,-0.45531365878610164,9.408881680430355,10.274684792560018,-0.694211502055559,-1.555914975914952,-8.618679934886314,-0.5854330490129929,11.820167126227298,-1.1471982267271112,2
11.456418477875365,8.887634935834033,-6.788586203980333,3.7937905442891733,-10.612816035511774,-3.184157269081171,-2.9106522197575306,6.625056698224289,-7.551385043755244,2.0241446992990024,1
6.152416635961961,-10.01384817166856,-3.0984047313500342,3.1420887414313206,1.0884627805622382,6.194801825499603,-4.496711876051924,-9.875544398743846,6.669606862867872,-5.576678626949894,3
-2.779706885795537,-1.0332062627430956,-0.19422091446483644,-0.9968576286326885,-0.7981073383702644,-0.49916209588543603,-0.9458258640742688,-0.7724243274154764,1.363232563694452,0.6143183401619791,0
2.873026293327623,-8.992538014236914,-4.402732817513215,1.3580815258711907,1.4446366912712802,4.509741662316973,-4.461928974155095,-10.359973946237373,6.84753227965813,-4.452292443662378,3
10.928659738464217,9.801623225699009,-5.990010695673922,5.383022100896883,-9.777676172935791,-2.6411539326084172,-5.461965670580687,6.559041433812984,-6.352522166896598,0.571502863707388,1
0.6774577636790001,-0.5053548178002314,9.925483047805573,12.621207244218901,-0.896962004721423,-0.5638003828786831,-9.615772800169436,0.6910397287438832,13.618000309708258,-1.620385551173006,2
1.6175426482373854,-1.1402045647799224,9.398383399400377,11.149788155954594,-1.8455028224923136,-1.9275787777971891,-7.639836223774452,-1.2420938084735174,12.911198703324,-2.063458255056832,2
11.070298898926698,11.116164328952518,-5.018600402438685,4.884862577909062,-11.11605287905752,-2.5617504762556687,-3.4341586410760803,7.903375349289223,-7.894600379331605,1.0941543994621539,1
10.977478594813673,9.741908055420712,-3.8822222688407844,4.813166345330684,-9.678886854506006,-2.7508206951400824,-5.661770820342442,5.437408918705304,-7.3761828932575035,5.111580831220772,1
12.238508529694647,10.100725391457996,-6.781934573638968,4.419859743728143,-10.918997547613225,-4.671951645855721,-4.561973066996412,9.516863463117664,-6.5359572168495355,2.738960737154055,1
0.3002741546234063,-0.4085701044168779,10.08564364841734,9.593188438802619,-2.538913281916293,-1.5185871430516604,-9.314263209038199,-0.22846366571680726,13.21992848264972,-1.7186407972037219,2
-2.1440401256746693,0.17562030822576033,0.9817809469558025,-1.6459238464460166,1.0890093245464512,-0.698787618527455,0.20686178049280077,-0.553574507005462,0.5729184841290459,1.0249475561637635,0
5.341817229134149,-11.140352974777002,-2.8034289453773407,0.8213375852502285,0.51259715946582,6.637618461389617,-4.240049666550416,-10.786015568813387,7.394477149961302,-4.623110401983286,3
1.2646569070225409,0.4298361510480887,-0.5912495593693663,0.5620627521252283,-0.6617998452810052,0.273366852785388,-1.2518429594247726,0.029094673412294915,1.1892930782887645,-0.2987697225650584,0
3.91740281481413,-6.587336847192703,-2.5743509042290005,2.7608332487095884,0.6944802211310305,4.267685209275583,-4.609876258924947,-10.873461977351237,7.3665249973923785,-7.4682072353661635,3
13.286887838678275,10.200310904633046,-6.209870442026161,6.429404936356879,-10.285054522679859,-2.5541562287479342,-5.7800893998613825,7.8833704093022,-7.753656097898363,2.0176854466740335,1
3.5319510848245343,-7.977641793488551,-2.4560838618722567,3.495696858168571,2.5083944015656234,5.535779591373877,-3.9867906505005157,-8.635582374044244,5.42666808242352,-5.888055067883928,3
4.080184708095917,-7.85769055613605,-3.574738346442841,2.9681606214515925,2.2440323772513073,2.2871409268901517,-3.7859408907833108,-12.484763519421815,6.732815209801463,-4.781432143207805,3
0.17818244605785127,-1.15346799465131,1.7224142939894493,0.19963796070854584,-0.9755465279070666,0.6975907356239166,-0.27807567204831346,-1.288228655522481,0.3810463339002098,0.3528418341378938,0
10.942885613403147,10.480700454157416,-4.857120651727275,4.716059084963431,-9.980544830187414,-2.9073999245150195,-6.688215871369939,5.6689172938898444,-7.418156958072577,2.4547718729164636,1
-1.6612787487320162,-0.2606691439168123,-0.3238150801807051,0.17290622295445826,0.7248149763107393,-0.8084661731053451,1.7582676811706,-0.5385347123056182,0.6021939790273997,0.09016738326328343,0
-0.013922649895571484,-0.807316716597977,10.767659152874485,10.373090324333946,0.9922519859606861,-1.8105112737866897,-9.49163354385038,0.5640253215253918,11.634338273428932,-0.6591152175334815,2
10.684573857968951,9.796877280345633,-6.259380253964443,6.089241430220632,-8.767814489974649,-3.0725980157272343,-7.210356793749746,6.73332386915753,-7.462710708716753,2.681313721419285,1
0.5203804150674787,-0.07170079517415945,-0.03908311293590771,1.268377953894445,0.6363184450606509,0.5011699345275458,0.7756464927937428,-0.3005902746886178,2.1731656641430206,-2.307531518332483,0
11.693450353715027,8.726762076366228,-6.791597188901375,4.6787608061536,-11.526978005072896,-1.5927978053630318,-5.811496631032565,5.295048379095819,-7.833294477613837,3.0425247132771838,1
5.062491878094216,-7.397815750208117,-2.246804834925382,4.165737382894532,0.7878183458018568,6.053300883818929,-3.379731020409776,-12.033628904688966,7.671503209924932,-4.3149488762028225,3
9.01018891646681,11.054854930991429,-6.799217224493363,6.891566715145258,-9.593297812412928,-3.8108845063114374,-5.879636737974628,7.338294905988195,-7.982057856785917,3.754338746953426,1
-0.20243262419833713,-0.48260465415631215,8.896922321377389,10.633385390665943,-0.7126593979765994,-1.679585352493106,-10.38704151723968,-0.5015065009441082,12.320826408776957,-0.5465830876797386,2
1.0485102400358464,-0.15298736953336672,-0.399443281870726,-0.031839456636738726,-0.13838257861080067,-1.5468196653226733,1.0826674514253745,-0.2271377802443857,1.8983403760461453,0.42181571076258223,0
2.767104328438392,-8.544342568487398,-2.03951409770102,1.7547131591959242,-0.7628255347014983,2.6683656015136186,-3.900358581392317,-11.64344104765233,7.609291568897086,-7.1684581295812375,3
11.591744591951386,8.580029710863576,-7.212082446647116,4.761135891779288,-11.231101163357689,-1.745847145792904,-7.066063484533352,4.997475858188366,-8.160967593979327,1.038026406601921,1
1.2871677931498755,-1.2101570242306874,0.42913286152229496,-0.7167088289170213,1.1002616032309696,-0.017935480575139696,0.007593935378123897,1.7288798873966862,-1.0760427794486462,0.21581947321860304,0
0.4955998345094281,-1.840067863959465,9.997287336431922,9.757189196640796,-2.8233546461212033,-2.2397723874875552,-9.212675174297082,0.3137930879512625,10.746824040705992,-1.547139170875107,2
9.500781744073416,9.957460026995335,-5.827806159743513,5.596271222270824,-10.477052855017778,-1.4589544738762545,-6.498079370705622,7.6638395567030395,-7.775045792091251,4.931961613182915,1
-0.5424993063877285,1.536686415622371,-2.4891278048023238,-0.7413033689372526,-0.20378252140990608,0.559951427319347,1.1355065261031918,1.8567316041881468,-0.0917106828701304,-0.02473562468983367,0
5.919757915194065,-9.58807537228231,-3.468560774142819,3.952396512433178,1.6063234458549907,4.960701102635484,-3.2763376176257175,-9.982547280031318,7.097556993121367,-5.37573963546342,3
-0.6949659912993648,-0.027827544629273795,0.547141675060477,-0.8583553541194234,0.5662267648959507,0.30102360416356155,-0.9991997055010263,0.219796734998102,0.36564858665590444,-0.626001126138799,0
11.378062962200454,9.127968168498183,-5.382516651449667,4.21124362187535,-9.741847994685905,-3.295739346851476,-4.959649835280551,5.567085479115706,-6.8589425761191904,0.7980764466937731,1
4.927910626915177,-8.10748724733612,-3.0721104648953803,0.22840963864602637,0.8369561646152955,5.459860794734043,-4.172138068128986,-11.591866753510125,7.02587663923691,-7.0691620882712645,3
11.839291288823249,10.41975146960707,-6.50194268036517,4.336632161215177,-11.436817594344078,-1.8159312935548928,-5.931252397869129,6.266372078112638,-7.115041002386542,2.90307546596429,1
4.8933788848486675,-7.1628018270104326,-2.5192602644301436,3.5743882117879613,0.4928277106810306,4.301243305010303,-4.75739922788513,-8.933445140489665,5.2236987908741,-5.362849804270245,3
0.23049540508972294,-0.5020398768122603,0.5709119838078217,0.49793288748393594,0.4792953561910662,1.4596672333042642,0.6440770744584495,0.1538911114814263,-0.1935354865965368,-0.1238641081768162,0
10.727933457281505,10.027220399287222,-5.213953336634029,4.193420251585998,-10.553033111612528,-0.9976695018830906,-5.434277554089917,5.878784301030745,-9.423953878919765,1.722178899165605,1
3.306441822130123,-7.857951070095868,-2.0042842625321393,4.316856693047593,2.4134552199336206,5.729227536935372,-5.130661328043818,-8.21957063944984,8.085926371505487,-4.767697791120562,3
10.628299382381472,10.767169106612107,-5.495311951842763,5.837163431351618,-11.590237473231397,-1.682518332850488,-7.864144401930937,5.296066601240378,-7.112066679388725,2.0735399954263416,1
3.6018520372646705,-6.0748830645006,-1.7140226299796661,4.733072688014263,1.5353491348818116,3.3641721796835324,-4.781612194891885,-11.01133247451383,5.536547622683308,-4.5356641413826795,3
-1.8450080064334982,0.7855911301653025,0.06238739638016563,1.7951084483439408,-0.997641898797629,-0.0022809347591302735,-1.3941743517469143,-0.5948733611662425,-0.2221099619325858,-0.37465396781164767,0
-1.6637364669420118,-0.29200667620471776,0.9940444377179896,0.9670655699608834,0.7937157620774362,-0.5150954835180395,1.14426316611711,-0.9310705762898435,0.8533934388588761,-1.6745763197880554,0
9.986586985939049,8.815179206067912,-4.623892702622756,3.3986390713103605,-12.385559458954226,-3.0720095796949276,-7.497102497314253,5.505903341090845,-8.996242317143572,1.33291277106919,1
5.161855772622193,-8.947485409680931,-2.60018142791572,4.453535051395011,-0.37461695742205925,5.502934774507629,-3.553920175635551,-9.229246571755176,6.698807100787395,-4.931142676513668,3
0.6462341311577152,-1.2749914506155353,-0.6180966229483876,-0.523057240038586,-0.16500736136634184,1.0826835169836817,1.1403134150026082,2.4988673861657866,-2.2693739291541783,-0.9242957231516289,0
1.9508346558590324,-1.4918964167329238,10.203885333474071,10.596175260474077,0.07292213076525111,-2.768722084177152,-9.408056309578878,-1.5372076393694853,12.706834370539722,-2.2953092836533453,2
10.97066824449981,8.177656338456307,-6.090291703061002,4.114598395372613,-8.640926017752694,-2.6323890306417814,-6.161882524193714,5.776830046817047,-9.104200238683488,4.0983805431906735,1
-0.706919785905962,1.2719087807381573,0.8286393794248759,-0.746273021631104,-1.8787239596779863,-0.7255155484803173,0.5435342274659133,-0.6582601427232297,0.33006781080051556,1.4197705538988987,0
11.182997533160668,9.79134416242816,-6.179274460187746,5.352863267858311,-10.39620490746248,-1.5289950986253522,-4.431339189642907,6.731751752176493,-7.823916558090113,2.302853965062186,1
4.6230744386210745,-7.888576509991901,-1.4381047918182635,3.693734535824393,1.8334911778258707,5.684350060077375,-4.107676784294134,-10.967959304710476,7.7214792632228875,-6.005293207331815,3
11.782229270324086,9.919513869099136,-6.930719996202272,5.970707451566783,-9.979945712595487,-3.031196736508621,-6.01580447131418,6.008814124494637,-7.700339915952228,1.117094406064694,1
3.955214328360277,-9.309222161079646,-2.4291264045344776,3.7720646579304726,2.6669678055807244,3.520551807617762,-2.757683962002336,-10.507616920520977,6.365404407902336,-6.5521875505449545,3
5.2891696870178535,-7.0253535679592085,-2.3986435664475594,3.0386438131823232,2.432978351746732,3.640031734344435,-4.940962901210761,-9.684392559822712,6.323785805751046,-4.755400541318644,3
3.367855092964369,-7.497681772787099,-1.4933400020260152,2.4303166979851527,-0.4325262728435644,5.374923882793283,-2.5481166102848523,-11.139970769388244,7.2612510158859935,-6.524335692304913,3
10.362825357934616,9.388452893919972,-5.867511363599752,3.641214213238713,-9.573467887930782,-1.1646042317753194,-5.442964192457507,7.499750722684766,-6.535872975685017,1.5414511891907228,1
-1.6831581504829358,-2.1120169735177856,11.894843370927633,10.639492726362919,0.4803135656779064,-1.7666796034324064,-7.804103928584963,0.5301947106749565,10.773490560888632,-0.1655869247262013,2
10.374463346563596,8.512474955028647,-6.5765742293621035,4.756020369419648,-10.488804456402006,-2.900527895742679,-6.231929227809016,6.059643437771555,-9.329891000454435,1.8771146414176791,1
11.036345895289937,10.493451630682491,-5.598359594503185,5.394389301937839,-11.442102734630918,-1.3106783744648587,-6.333126508445093,5.699704720016214,-7.154077936953022,2.9218621642782976,1
11.725557767368116,8.244123509646338,-6.211091506275947,4.704032730315732,-9.635813202900469,-2.8586427563414007,-6.579248551234615,5.231735204807481,-7.576316451273815,1.942301943540774,1
0.2956574008467175,-0.2765264803951116,0.13520708106365942,1.033563955065187,-1.1665123084408902,1.5470501189054033,0.9818989563684475,-0.9652018926833332,0.3838360434553216,0.9014987761580446,0
11.514419492398448,11.13899095791511,-6.004937467468778,4.4125727847972875,-9.027295448944361,-4.174794146059727,-5.514194997194854,5.678034311977232,-7.451625999908636,3.1480663472562727,1
-0.5472836498662091,-1.0084199309311899,-0.4489989691238941,-0.012082010437147787,-0.5445221586943206,-1.4848878982438873,-0.6885880246366268,-0.41729210681200213,0.8168387096322518,0.5947649147769306,0
12.028670752070097,10.038687429127354,-6.489150362620281,5.20182049470512,-11.18154901847002,-2.994170597123417,-4.5216671716322985,7.348760322499828,-7.4560683609665475,1.524952375281565,1
9.990384119026356,10.448051672601265,-4.199601961357776,3.877851405094869,-10.711611719031769,-1.9979281321199542,-5.117601989374802,5.055948993668567,-7.5793937463186305,2.2434196073038737,1
1.0609049277481788,-2.687637954076255,9.789018900933794,10.957523414707216,-0.08337203879314148,-1.0947978523725834,-9.115798862694783,-1.2610276710979742,9.79435318801373,-0.9546713718598857,2
11.886962692183689,9.634195631317493,-5.437128449017154,4.292091694979371,-9.227242240675238,-2.257207424690847,-5.110750724113005,6.514570704529211,-6.488343883092648,3.1362530232097674,1
0.7639433447420039,-0.03412275745795514,1.0111052126717612,0.8477983179727842,0.5985379144403611,-0.6541640551421107,-0.44203714838987546,1.058130098732369,-0.5167337414509551,-1.2885241362644557,0
5.840830957319967,-8.752367232937132,-0.34986582488209184,2.8361687325383262,2.0351414180487906,6.09193011221863,-5.179468188578488,-11.851798960374198,6.054310608726395,-7.160579440936676,3
5.884720384117111,-7.674399772513404,-3.1796603532984347,2.324821304965577,0.5946959681550039,3.377551754755249,-4.169471324152505,-9.359116710728857,8.077674763781372,-5.330864542057576,3
-1.432248655219893,-0.5605451760779732,-1.005853564748964,-1.7093096952910454,0.6513450123530482,-1.3190638614849672,0.9839226814307339,0.3940717101134636,0.29434118761839906,1.6653090460600914,0
11.88938804558716,8.92817461661427,-5.611436842488787,5.761545379773581,-11.201157140756466,-3.7624349696834996,-5.910369133731041,7.075310293873239,-9.113519364572523,1.8830226248632587,1
11.431672277889666,8.591248560307331,-6.761317350376851,3.201929458878539,-10.073420369585174,-2.8452746175930086,-6.696752360748041,7.288880213393088,-6.765584403522725,2.983320020715603,1
0.3978520077693193,1.0166296748863088,-0.2038231251205735,0.6470983933058072,0.31034627484457733,-0.6077401401660559,-1.0585256864571149,-0.9183884887206587,0.29289256915471507,-0.05614513198520448,0
2.8267071634050938,-9.468377881930252,-1.6885483645554655,4.485290211350161,0.9239254594736332,5.040528980802488,-2.6487916754171845,-9.118762858244816,5.280475354123156,-3.988961763073795,3
-0.10596348331782048,-1.0773037923486035,10.360280270563441,10.362803350077938,0.24620468187921307,-1.195920006311057,-7.843244931521804,-1.0654518691206978,10.647078266938898,-0.284507670314367,2
3.744200430385776,-8.384468266438015,-3.4523178290111045,1.3726776349125227,-0.0006801534815478183,7.17722101608038,-2.0826745963378914,-9.72481016855507,6.303989240562561,-6.06814244862162,3
0.9260682458279109,-1.49781345654043,0.6046840969496019,-0.2998134569686626,-0.9665234009270639,2.0229232888860684,-0.000556295754835241,-0.5680928895767411,-0.7802129223664018,0.8811624684366963,0
2.474516523351472,-8.312202022238628,-3.5829215471949354,2.4651044148779357,-0.2997860393969509,4.146844329149729,-4.688705329832221,-11.56228809260807,5.141371275969624,-5.240682591800669,3
11.769333747404637,9.189132215678594,-6.179460323649169,4.2713563643349595,-9.889419450565759,-3.0234504467753034,-4.972961754203594,5.794305124492676,-7.246803550095748,3.279882582850926,1
9.497018053821485,10.149214283571464,-6.339542903956071,3.40101968322353,-10.452179058617148,-1.1894232012939192,-5.917412098439033,6.155162711492271,-6.288598190494179,2.5710932079727575,1
12.929431892303366,9.531493512712192,-6.412409817575931,5.269316053634411,-9.50474003736285,-2.4770958652599053,-5.633477610066814,5.432203820730516,-7.113395799809252,3.9928045027210275,1
11.800245431045742,9.56512027490526,-6.312373034576104,3.546548926920483,-10.532525234532697,-2.4561419164910983,-6.572770529546822,6.226389611786874,-8.838200760543357,2.44732311131474,1
-1.0489323652671874,-1.4065356590371412,10.560520098084176,9.556506213705829,-1.9923860439706775,-2.3784723878191056,-8.769790002263694,-1.8683857779677584,11.477328757850936,-0.2538533351605188,2
4.165645685613538,-9.100706357162121,-2.1239528948295936,1.7219228189581008,-0.1637693552849837,5.763314378562068,-4.0559223806984805,-8.739019556239295,6.9286090570372405,-7.430140801848629,3
4.750637767080542,-7.950329589806348,-2.34129654715824,2.2195623514212377,-0.1398688057934504,3.6471751947410906,-2.1454497349327784,-10.555608605808679,6.3087450995177585,-6.13812561299556,3
2.16859157859602,-3.2176275535959458,9.357797729037907,10.029020439374873,-0.37989064764663266,-1.5488269472639407,-9.240833848230091,1.4853164842987825,10.603679841651816,-1.4683359642586502,2
6.631458556467594,-7.886521833245054,-2.5526953407089112,3.4230106011910273,1.9786977475462801,6.388833840899176,-2.6879927137721387,-9.12313174970591,7.93580636090033,-4.707604661919314,3
-0.4924049963503206,0.8298225524390392,12.678401325852345,11.593028257394941,-0.11101369309904485,-1.5472442042575594,-8.185550296040809,1.9328158833491103,10.747101253120306,-1.1114884474635507,2
12.025730815275073,9.873236785858134,-6.4818903149602,4.636794118337521,-11.481470887637872,-3.2202406097846907,-5.76373245309281,6.479627220520459,-7.3522415067555285,0.7702489985359715,1
11.732764209647367,10.88973923079836,-6.74411978881685,6.262008863848852,-11.797748253102395,-2.779419708127995,-6.640722971433252,7.1115196624372174,-8.70969940364587,1.9587923894776593,1
3.686313615661034,-7.7389114592035355,-1.1017076958925391,0.8373438618222959,-0.07176640042338989,5.0865204551981025,-3.692484048002465,-9.248080161042964,6.713239906631796,-5.412546305588967,3
5.002755909382256,-8.953277808496162,-2.915046720114543,2.923382907162946,2.333894842307549,5.89829024335588,-2.7407768584646446,-10.805501920872407,6.165614962731621,-4.9794907268970965,3
10.897300397366216,10.802315160954306,-5.288577955597705,4.96420750979209,-11.531721574579851,-2.5642153512131474,-2.7835143117955066,7.210944031933961,-8.483647902362957,4.4285613027482285,1
0.134040886233024,0.24063274402515447,-1.0866251769537072,-0.8961150284365853,-0.9478147551284467,0.6054584168205353,0.07089065282206512,-0.8960315637655879,0.5800988416352069,0.543456460954106,0
3.707983704309884,-7.8722185328345295,-2.3932237198178927,3.711029536245789,-0.5381316409005212,5.970436308899682,-2.268351085672466,-10.756699335828566,5.776557329158236,-6.100181146058761,3
-1.1210968015886766,0.046917758929891695,11.45417309333942,9.768872921809365,1.896957761667768,-3.0095345861556115,-9.464500923755162,0.4673596541102338,12.30710993067991,-1.0914326985184686,2
-1.7684893278879517,-0.4212007381574018,0.2505595069300925,-0.37594296933225585,2.8862474705641117,0.5486907364812927,-1.0443691628594758,-2.336759355320309,0.3402758627518537,-0.7556191238075392,0
0.0002215163969999024,1.6514498302752436,0.22478690273215843,-1.0173348511899962,0.9644150056162036,0.36254257013643854,-1.1351618290319083,-1.606237767474656,-0.9773375592187207,0.8363018006717221,0
0.01945791210029172,-1.2086055636248059,0.987909997731705,-0.2275413224974877,-2.5452495496365364,0.3249845745767454,0.5007712941202096,-0.8429381928657882,-0.19204580062308865,0.6577170259739498,0
2.493888989782171,-0.75003071844378,8.674626490834251,10.340524738773345,-0.7443269925487348,-1.289154152949593,-8.231247773686652,1.338698866906515,11.718268737494762,-0.7547335353306626,2
12.257452732542477,10.472659920860446,-5.050118425757897,4.573114034856458,-9.712066465372347,-1.9027581236624789,-5.644712235659908,6.694876894157405,-6.964273725905425,2.7872667135438642,1
0.5937522741138759,-0.5099377909268236,9.503855286566182,10.138026212083263,-0.9833711660664011,-3.2291234644903923,-8.967533093914543,-1.6709917616970575,10.440350097046657,-1.2820064422837056,2
4.4642257978663515,-8.724223239608643,-2.0360656402340993,3.11373476049556,0.5303704036969449,4.976941877676654,-2.9991360291908733,-11.09411153041462,5.620823856084762,-6.744031232315401,3
-0.14643684062149898,-1.5531343808321,10.28383983140432,9.416955476442936,-1.348942918309603,-1.572521754381944,-8.836781023201597,-0.39892656272980853,11.369143934837078,-1.2484925409404684,2
4.174898259426717,-7.0587597966367355,-4.3478223337794475,2.495450984260601,1.0079666650666284,3.972452542851998,-2.7109713928906665,-9.627561273572843,6.301300418654524,-2.968005720435184,3
-0.743422485108784,-0.5258822577251332,1.0213831390832049,1.361707113656695,-1.0007390284412634,1.4709907620267788,0.874236796409441,-0.7997488119386411,-0.24590626428350457,1.5161358965735574,0
0.1851250343140176,-1.4506216533528082,0.7441477889481191,1.3865401349918163,0.5714947364635622,-0.03517741650355717,0.6317180318506153,0.2729161142526889,0.9260762336397387,0.9036856417929532,0
0.9544924217543308,-1.732705502018584,10.301567603102402,11.445754756805913,0.6870135275740924,-3.1691488075448437,-9.214961901486578,-1.3414838558348336,10.750018692587108,-0.7538958639747324,2
10.114812926424712,11.129876886732967,-5.703736518670654,5.5042408581439135,-10.391575743588433,-3.773476313542469,-4.572949755989628,6.866445189956535,-7.925715092654024,3.0097719449129503,1
-0.3720777607011143,-0.4736397504126892,-0.980273496014828,1.8500473300507014,-0.06982482376560468,-1.1740424596214953,0.196827221979218,-0.6500538770634406,-0.38960123145393105,0.3107534317277182,0
3.733888346338031,-8.349927079964804,-3.7403516955440557,2.356731971312413,0.6050215260071533,4.8472135785597885,-3.241383314799637,-10.298724253983442,5.714071979771578,-3.9310787492484667,3
0.29334291557727754,-1.4112406124910906,9.987559873651833,9.089795055142385,-1.1897442377609326,-1.6994667418997675,-9.067661297100834,-0.05196870809245702,11.065422801725221,-1.6801596239254188,2
-0.5529994328474125,1.6939370670974931,0.46824329807153453,-0.020176651701270153,0.021692055526284188,-0.9463779873578178,-0.06852724485752469,-0.34986583899579315,0.179628599455004,-1.5062413856263086,0
4.454159947002732,-7.143956609740736,-1.5921696090152733,2.9150733677574308,0.5416108499781026,4.228144997356036,-4.761466657594122,-11.126331082140918,5.625729444465879,-5.721998642930859,3
-0.12354113674933564,-0.21485601716482705,8.952390757290852,9.633630715261408,-0.8477488788053684,-2.5117349069673294,-8.790373799120834,0.7974038743323477,11.992061675445516,-0.7827107358436671,2
0.7961470626240199,-0.18539561355116185,9.418519019569315,10.986801645513678,-0.3768968274267035,-1.1653111892235075,-10.666389673207703,1.2672794185662661,12.406678791803149,-1.9027976567031768,2
0.12517515884231945,-1.4218429126363132,10.576181768189691,12.437593961327392,-0.6100115558372632,-0.09706088346384001,-9.224521589321743,0.051861032300087366,10.494028049294998,-1.3302502822992377,2
0.5531512115114514,-0.769583341634528,10.544283074682665,9.745747478136574,-1.3014146803907416,-0.41680633957407487,-8.837221014025125,-0.7258044279601809,11.579637945681974,-1.306590556701834,2
0.11885836322281895,0.32270225316466755,0.1732201629664981,-0.48443437335147616,0.1957360477699997,0.9733705358291709,1.0761077079019543,-0.48951659918537177,0.23100593173048486,1.4771110828815874,0
1.1655359738490298,-1.655073140055383,9.943576177618574,10.441534832034822,-0.1517041391800359,-2.4821396224640644,-9.363399645759806,0.16502336629249145,12.5664702230587,0.39067367478069404,2
4.813283808806778,-8.35534637096427,-2.673201071746049,2.2043153671333933,0.02972310224402286,5.080044353148367,-3.2993714954014757,-10.131225655337568,6.047073807996949,-4.284298416747543,3
1.4953155816127361,0.3026664809949291,9.602423563931081,9.149315819179193,-1.0139058234680474,-4.052142308581633,-8.38158055574053,0.12601255568643244,11.120881229478545,-1.221974166254603,2
-0.3056364909074472,-1.3785080581586848,11.58291919086928,10.628992322859519,1.011865474703049,-1.629126270384287,-8.22568705289292,-0.8950762918396826,11.026140891544816,-0.7551481579084326,2
4.4190675437382,-8.924375544513365,-4.185191002547757,2.4683526894947647,-0.4099008911655393,5.376012449637794,-2.6877573508888766,-11.212007407257977,6.927205537703388,-5.632506173990383,3
-0.5777266834698088,-1.494981656341499,10.942488941683978,10.294395422322122,-0.7737597621665596,-2.957095044185814,-9.104712624542566,-0.9017326022407984,11.114843777770501,-1.5365928688410053,2
9.444956576797852,10.160143707752434,-5.840717898992496,4.734882296636747,-11.550391299080667,-2.704604101481487,-5.965840709384555,5.815614867163278,-7.8193558732506165,2.872532345727701,1
-0.76173204348132,0.5606803734818061,-0.5530357255183426,0.8020333565868,-0.19239958642323113,0.61171957368172,-0.43379529970952274,0.6637024359376729,-0.9787692291160085,0.036168879863462296,0
-1.4029066495584066,0.8784350761659566,0.23473030240974177,1.5656896170260923,0.07758372113457053,-1.0852679397855494,-1.1978031898773356,-0.39070561391242825,-0.2849047666215309,-0.5672617146575817,0
6.276987032011352,-8.9733350927874,-3.192833081627012,4.225958119698996,2.26357917815174,4.80805716982213,-2.4317963572171517,-11.112463708404393,8.979513790409827,-6.928162985270044,3
11.9086535076324,9.632864530779127,-5.344729891395859,5.89094496166801,-10.207116356524953,-3.205286324182942,-5.785612351736273,7.167540348668148,-8.235568525006302,3.4651677387059836,1
-1.1337108500207906,-2.1909632483367947,11.237911428898853,9.659707768122978,-2.203927267994659,-1.4397566712289724,-7.38151228949198,1.1317319707266538,14.010946780970276,1.6491776051928275,2
-1.616169719730329,-1.2623210853160043,0.6813541422662691,-0.31309666098906663,2.5353757480395003,-0.08305129483526144,0.1689222801387536,-1.316896981477928,0.9474315655153154,-0.9257208874157766,0
12.24766003597469,8.715601529326431,-5.4287350048900125,4.855515388443569,-11.129268912056366,-3.176597196140696,-6.134882097229195,6.668430714496092,-7.150876245074919,2.149707581020237,1
-0.005439507669564044,-0.18810773445875306,10.277848702336023,10.270222352480792,0.5601085247560066,-1.630767537752436,-10.466410891952712,-0.20592316669381205,11.77005722300205,-1.176780855385224,2
-0.11063649927557907,-0.46524705263427135,0.6024454129094089,0.5782757982435522,-0.9006195932279715,0.6581921739844165,-0.380489082843892,-0.816797359951694,-0.01178136214232736,-1.476844161362518,0
-0.3836064654372296,-1.7608874032613024,11.378670683539157,9.625668024005236,-1.686036527256766,-4.316887390853973,-7.60072504059349,0.8655915371841203,11.387590867722823,-0.15961223068856412,2
0.1182061800410856,-1.1183977906824665,8.758217160642136,10.304270518406543,-1.056150775750256,-2.7982224935561524,-10.399124924312487,-0.5820786313327788,11.246394194759223,-2.1127243060884453,2
11.422169269881321,8.976843315686136,-7.077355685827081,6.27672779171837,-10.458164172149957,-0.9870001066202048,-7.497668838358129,4.966203709631163,-7.277510344474336,2.5073688189479744,1
9.744189356142419,10.504641162327612,-4.51490420259971,6.079381219990218,-11.252033179596172,-2.4846749035251903,-4.725568070214709,6.7166544586663415,-6.297948409584328,2.171055555333555,1
13.117553025298152,10.205468220502949,-4.918361307829658,5.277707383709704,-10.013302988976736,-3.5473428873042785,-6.011895540021636,6.487192109935952,-8.392890829368746,1.7429296227730862,1
4.355883028679956,-9.934825774423313,-3.1686780527588687,2.723879472072364,0.23427165031208796,6.041460099541801,-3.6925525139196704,-11.276597188070363,7.233266962611946,-6.446119155331383,3
-1.2689914898307182,0.1356564192906978,-0.6322908931517588,-1.8779961575738253,-1.3300285409962505,1.625875305541717,-0.6599763849894453,1.0821627775104015,-0.3566497271982808,1.2395776351608137,0
10.570714444052621,8.804400998193579,-2.9822852116238847,7.290697453282661,-9.807764478737312,-1.9625430282553693,-6.377802758237923,5.230435806830064,-8.08464094482428,2.5763979668093815,1
9.655379506807174,9.066572699026377,-4.232620675531589,5.727271408014537,-8.066127139743443,-4.127384211754329,-4.52406413748119,7.1705429452080685,-8.029621855893433,3.352029004197556,1
1.9123949730784935,0.14828455246858696,9.3431245452608,10.625015595542274,-1.8429236134946885,-2.4669968473844737,-8.1705551233266,0.2201877445665817,13.832343567960887,-1.9943587642975207,2
-0.12350205850688564,0.02631669698545691,10.702492921865884,10.50210016758034,-0.19116293141137264,-2.38125638899791,-6.055600101783688,1.1944589002291364,11.313226855107182,-0.01316955292642108,2
6.167840196623416,-9.523678452035798,-1.9258796987791507,1.5552337336402402,-0.2152810680441266,5.229004806091361,-2.57235694170049,-10.779474739189485,6.817155355501387,-4.354163444596127,3
-1.00983007609891,0.57473624647703,-0.08359642835863292,0.06951562370045135,-1.2834951356741566,1.260472962353059,0.3258834633502335,1.620840176903156,-1.2574172205790268,-0.18123463387869396,0
1.7852568660765002,0.4375122422980228,-0.34484776693099867,-0.6833634608028478,-0.5918753924132033,1.241560030737091,0.7654983086389202,-1.1486766320735913,0.08717855687070324,-0.0668164718060056,0
10.703170377554372,8.520003368791443,-4.896549018027588,5.180423075412447,-10.151336886263804,-2.9622234214421357,-5.213556473855149,7.681914183057064,-8.428114657869623,3.136374072523723,1
0.8362210788750023,-0.7390188969989682,0.1415507790793433,-2.4230464990015337,0.4289203981809886,0.6108976739007975,-0.35162516786092396,0.29542981172178157,-1.5149242753700527,-0.801066990399824,0
-0.7390173487624944,-1.4458727949360952,10.740198207736983,10.002233227786396,-0.39686931242712764,-1.9305277776680607,-10.099864502436128,0.855839716470061,12.652572766792204,0.2146921612679199,2
-1.0547813537900004,-1.0277419966769197,8.956937733472113,9.45171767037843,-1.0457093043197045,-3.054945420624687,-8.532645599752291,-0.5046997374425105,10.525304495574316,1.553308361525169,2
4.079553474739681,-9.545090867646275,-4.3327973683796435,1.6399737745664367,1.4979055378870028,3.920292450427625,-3.129554799003035,-9.014596809230431,6.8911938128740235,-6.499283114563417,3
-0.7627316470757172,1.386308268829499,0.9457598534124404,1.18279654331258,-0.09850827751773117,1.8810546903236243,-1.3106181805513617,-0.5520495215575213,0.3898787557148836,1.1681113442371132,0
-1.0703514513397872,0.9138501434081648,-0.2876047341808028,1.4909368272017296,0.5882064070400744,-0.06786623107310033,-0.23648764890427343,0.525612854448437,0.4771243476860553,-0.39834300450052773,0
10.705815881180301,8.994191104465186,-5.754293300874602,7.608807860057434,-8.793241562380729,-1.238521175326577,-5.0466142028315195,5.498151663866678,-6.707489464870434,-0.26610546450441497,1
-0.4678907490595244,-0.6494463994325517,0.7944029639688708,0.6189592069804789,-0.8369760817321111,-1.3994605969575116,0.21155610229634703,-0.4185970978649264,-1.6840762546284136,-0.6872025238484647,0
10.737610029576963,8.789327143419351,-5.658963733393144,5.769658541268058,-11.063171025591844,-0.11979458879364158,-6.9493792498899865,6.640174950287847,-7.674010770191574,2.582727832945921,1
4.309417452626167,-9.235246261540288,-4.5095669104536835,2.0221276765786866,-2.2362916001889976,4.535125407667244,-4.231029624217315,-11.667656934481172,7.133407317331874,-5.960267019697472,3
0.1284805329184348,-0.5926436938856765,0.254205894424239,-0.5206484156682695,0.6317037077345713,-0.3100987933768239,1.2462066722674323,0.6522946997896532,0.1935853398117053,-0.2076772666399089,0
1.663191401391816,-2.3895510238086874,9.456098618007982,11.694716184178695,0.618818405221543,-2.213382688440774,-9.740558957551047,-0.7046084781581661,10.28539228199492,1.2293378521357725,2
0.3492168078985434,0.2289463802042389,-0.7288230990929465,0.30427839163253123,1.1242853683305207,1.4280607771232459,0.490662156609859,0.46126794340935595,-0.24013891402431137,1.029712895535159,0
3.884092609795726,-6.978888591513697,-2.478511050442352,3.119165806928333,-0.1976034894810338,3.2966625110413714,-4.962372109147678,-9.903616804713621,5.942250584503955,-4.888018025915985,3
0.5351683092747441,0.2753774878054306,1.2627424831476395,0.876789554553953,-0.6836977852540534,0.7642980809385072,-0.1680674772143007,-1.93430675744427,0.15883193972889184,-0.6242534205706949,0
8.973698955069988,10.204424636061592,-5.131281716428276,4.387255227000917,-11.54484180452672,-2.374235660773263,-5.589132779451857,6.737878176266939,-8.877260981951865,2.90089699903943,1
-0.7625440635395795,0.05291759948613458,-0.5595082189549743,-0.35670923817641353,-0.06025136786417357,0.6859649334136272,-0.10057365354972804,-1.969684456351816,-0.6027970090177134,0.49578427530007935,0
-0.9949644994104828,-1.3045731142426287,10.763741287752469,9.699649458263686,-0.8255957489829084,-2.0600184430255823,-8.111109996873898,-0.012172013648422542,10.23197015624448,1.3524652083126438,2
11.644303417337476,10.81228882436767,-5.658124857467046,6.460724408288561,-11.814476248690212,-1.0833591091389767,-5.723097822010477,7.866459523637868,-6.724108246271198,4.090171924589766,1
12.144545946463538,10.835824915745405,-6.7622992528411565,4.2651979566112335,-10.104523366319071,-3.159979577879636,-7.494263099970761,5.8739802716782,-7.464103480489844,3.643629727175314,1
2.898718707011737,-8.862322168717599,-2.4754523225740535,3.2199723777140474,2.2184760426501278,6.165878810025822,-4.311082090769549,-11.207179073205271,5.301901718408083,-6.626634748858663,3
4.8176832563659495,-8.881886705437408,-1.6246785306515492,1.862047996668559,0.10396308960698009,6.067461761178625,-3.179237991274344,-11.501253143344059,6.766548551397567,-3.7131655079788564,3
0.5784649104670694,-1.4479940835069596,9.730809804241279,10.37835563289228,-0.32625378054657495,-1.438329808182342,-9.568139017572088,-0.2895207459189819,12.362302284485576,-1.4682370900938546,2
9.935663070485367,10.023713827422743,-6.751762967401506,4.994384656840537,-11.090098246772763,-3.589633883824177,-5.580919965210171,4.793583767264179,-7.826842344340588,3.2333551905478215,1
8.630278854631895,9.696255960056739,-4.61201055359572,4.930160607135498,-9.022522425721043,-3.134628227929504,-5.732546624224685,7.648933677154634,-6.849751378205442,4.975354720691584,1
5.742192671158149,-9.362126198971774,-2.8551400875877864,2.829936098403085,0.5329756316646236,3.536077033449275,-2.75397907235155,-13.318187805104612,7.712331573173123,-4.460526824296263,3
-1.447828751717958,-2.0331502362003095,9.773236397475351,8.779522033645375,-0.7291075078350945,-1.2427795586569137,-7.649097086565177,0.07086570690898847,13.606204543125909,-0.8074557715873057,2
3.254747873334277,-9.731368190398342,-3.082883611076323,2.965083692829533,-0.9780707678694494,5.567257926695249,-1.1557377895011118,-11.892942311625223,6.928958226683694,-4.658943179225258,3
-0.7318678409813576,-1.2681907558381624,10.361837107300746,11.5451748364724,-1.7778739396740404,-2.252699043525976,-10.046321683005086,-0.46999671444791724,12.720323711607122,-1.3089386383415338,2
1.1090486359367069,0.8543769651072106,0.4104032649251625,-0.17088041146611152,-0.5167467620606174,-0.15232840445435986,0.7817716643021211,1.0101906122357613,-0.2617867649222678,2.5362313095275932,0
-0.8059538374153126,0.1491438276841519,10.608417011052817,10.490685171756045,-0.07065599829426639,-1.5353380947298243,-8.097937045800146,-1.1683884663156736,11.655640494106947,0.357390962824059,2
1.2164428850360527,-0.5311356555793006,10.176893012154707,11.180632893384375,-0.15971545362110628,-2.5812690253325705,-8.884483167361273,0.8231126235327477,11.852744236184844,-1.4899050284724442,2
5.98448720461535,-8.050500600690606,-2.0158732148804384,4.383007881224859,0.9735035984700999,5.931082817276571,-3.9956231919112293,-9.778680204170032,6.942538867610971,-5.858739727310785,3
0.5150546263523341,-1.7442421269392874,0.2519253633090828,-0.8927695258571692,1.392164005221382,0.3262697829283802,0.8962839601306067,0.02116814441485975,-0.06605499889747726,1.495844917653247,0
6.493220380693797,-8.477838213675515,-1.7138950018768027,3.50773107194467,1.6805725985358964,5.539137352809339,-3.018647884122371,-12.839937669444133,5.768921724527725,-8.244742729893842,3
-0.1974191775176412,-0.31052575564227347,-0.26479360175461414,0.9534424262529655,1.1305913976640294,-0.10563524269739709,-1.3918743485189218,0.0990955751831076,-0.5433887420956671,0.21040471397131932,0
0.530846092285185,0.05032249629251151,9.73794822245994,11.482429158037265,0.14521171312209058,-1.8300491827453822,-9.115990849906826,-1.5206411754021938,11.687435060711177,-0.20718856424385412,2
13.431803370229527,9.33542548946404,-3.4967460765378195,4.799843642739098,-10.808341854984933,-3.3957213059536007,-4.90553214015447,5.002622792648023,-8.294060848647197,2.523519730369452,1
-1.0551934733961519,0.30903992767389743,0.41282207902281864,0.34564013990411424,1.5021708275409826,-0.09497371410501602,-0.026122672127904794,-1.1702694011216996,1.572469491542905,-1.4981433951345067,0
1.6248328156274665,-1.2489278869898035,10.15776514468573,10.782609681826667,-0.27623654149680554,-3.894464481308101,-9.147376437521531,0.8326821250527197,11.347903773652916,1.1871644553937917,2
4.563395581386094,-7.197981275140727,-0.7445026794623666,0.32853365490032216,1.7683791060498706,3.658403231856016,-3.430232681545361,-10.238576059445723,7.340977507401981,-5.667831170941467,3
-0.24642058683446932,-0.23522999393128835,-2.2168215039038417,-0.8482327701681013,-0.3539037550130431,0.17610497603090786,1.259581244452227,2.0375456248289514,0.27226709880257305,0.20560931214296568,0
12.469874743703523,8.701836455834162,-4.787361333435872,5.387382998167535,-10.294291005824826,-4.576699618778822,-4.079726995327314,5.480837076862235,-6.791151496851296,1.885160610990938,1
-0.7829891742962404,2.0974100684494847,-1.0960454962534516,-1.5885423617255503,0.1412910274071029,-0.08577651517231642,-0.3233297907956478,0.014447943352256147,0.6442026106961568,-0.5871635997853141,0
4.072926825687681,-8.675539350638092,-2.719757863558282,2.206176640494027,0.5915946045213907,6.334897034451479,-4.443411750776161,-10.782973661141291,6.604896979010341,-6.184399158690649,3
3.4326816751217235,-7.859269946037498,-1.5459020066491476,1.8807593436056271,0.17485595149664113,3.954500186839951,-3.1371920893437935,-10.317784950410324,6.7639522799846805,-6.422424613398025,3
4.2952733211358405,-9.205156237216336,-1.427612851205762,2.3969626559324526,-0.8421727320484,4.003712035675841,-5.623136861378572,-11.15427710367712,5.823487543599801,-4.922317471253869,3
5.265211856389002,-9.646200345268308,-3.1613267634340065,0.4448471266873013,1.2388792825637247,3.782445475061091,-3.6966089425320767,-12.046366826338987,6.932957294138439,-5.6910524269075715,3
0.09881803892882439,-0.5633896649610052,-0.15288411926093826,-0.7497768442841058,-1.11183822373686,0.755668520646805,0.09779831340271064,-0.1506835586223298,-0.5071477427721613,-0.18017355653507985,0
11.06277801201815,9.898134838526154,-5.934107180318156,5.766539320951272,-9.44959772903067,-2.5661301987699128,-6.469859160777774,5.846887904485834,-9.320224815534782,2.241672110775304,1
-0.5466907496512738,-1.529866947023414,10.733686448478359,10.323686994726486,-0.039754636526333154,-2.1222864363301954,-10.185073051597922,-0.7184557190506475,14.138209467706748,-0.8728736540169647,2
0.29046022263644056,-0.08675062874256956,1.1342475708738782,-0.15214043339677125,-0.5002788910049958,-2.5915412573751544,-0.7983038823737114,-1.3154179088034321,-0.04039615126643553,-1.2536892504627546,0
0.10001873751356005,0.5174406577262857,-0.1332247525482743,-0.41148304524296236,1.7643613162299692,-1.1858624587153284,-2.76371382510995,1.6190540309298447,-1.2260473960896476,-0.2866180384982139,0
0.43749201587109754,1.2962557092217295,-1.0114798010165704,1.087455738680692,1.6765979316516664,0.06432200670802558,2.322053393697689,-0.8574312117286053,-0.6388338697594519,0.6499355504284685,0
-1.7607322367508078,-1.8987669481958678,11.253329259134288,10.931338754570932,0.8429337599666197,-2.252807358471599,-9.567271373607854,1.3358088952693556,10.884205783746587,-1.0164756885453552,2
3.104083549408278,-8.635656289600405,-2.358481174767948,2.9307653292704474,0.7849869291553352,5.621805576337616,-4.7667173614118425,-10.565344538564474,7.03038160756217,-5.156194385235852,3
-2.059199509768644,-1.7258596782748088,-0.1401876313396419,0.09807792046639253,1.2536655871529783,0.07779514799503169,-0.975949330859647,0.6621648077773684,-0.017251692864242715,-0.402054785534035,0
-0.6291471583271128,-0.8302337872725509,10.521969951080674,10.384873306106314,-1.3603085967565187,-1.3191360525794387,-9.464927815743955,0.2637599507202708,12.252837829133979,-2.0365044283969063,2
0.3734973617270054,-0.9562457828666749,-0.12529251563845517,-0.6024191006608333,0.7461736380790437,0.11677309999459812,-0.11016792583177916,-0.6252497601148851,-0.3288413083765391,1.8290608123260512,0
3.8928881257577372,-8.768401813848588,-3.539624013844901,2.288953599514475,0.513519265520184,4.7001380280373715,-3.182844611971644,-10.985560969848207,8.277386612462942,-6.649636731361211,3
4.451823976105967,-9.845067440307563,-2.3286950799675648,2.753703060929809,-1.0906403337965127,5.842829632923586,-3.9143249955368127,-9.864300894610826,6.688251946306458,-7.397099156899998,3
4.720453245834152,-8.253487403839998,-1.6475019206287813,2.560981734030105,1.7196079638913742,4.794973244540913,-3.2759527149950993,-11.417066230313132,7.868621626428594,-4.316898128147182,3
-0.6108511017144597,-0.7769399097566934,10.001062549513938,11.451597589853122,-0.364634978054005,-2.1934260944019366,-7.342313758192244,-0.5000925425810794,10.719794894119769,-0.3091129112352514,2
4.10668574597596,-7.40542632771248,-2.5631362155537083,2.8892755450793217,0.6385479361189785,6.227820975271123,-3.1081680001400382,-10.514643252839189,6.133875201255792,-6.877389318296736,3
0.017017958451165802,-0.11039225567465316,10.697011939863568,10.249778004667121,0.4305914620931407,-1.6391927328031732,-9.28492913576078,0.12021225685847944,11.810737785332266,-0.5708197107543358,2
11.528633254936421,8.479468993368133,-7.625434111912927,5.975997758016638,-9.039690047717919,-3.8640743205573718,-6.997372878255023,5.762487043798074,-6.491496766610905,2.1653629599566875,1
0.6281698590689561,1.6199152873265559,0.38815309646417656,0.16729890054553304,0.2300027863055901,-1.6372481859646646,1.1080382094830468,1.172086162249162,0.5305700249625241,-1.5154046349308314,0
5.138237613050704,-6.226578123237583,-3.0780253659082093,4.760776544580032,0.574911107704456,4.4377843325916,-1.7368960759205803,-10.867647822323203,7.803696554045291,-6.109567319194547,3
0.10019280009276271,2.268061331792991,0.8021645824944096,0.5233674076776007,0.669424263341311,0.46884554166662357,0.44180112774607294,-0.2662933693969185,0.5354728870200005,0.9484666802726955,0
1.460317402605039,-8.039356769327156,-3.340574833447098,0.7990804169294745,1.2291842985956403,4.791141381540977,-3.923008057488842,-9.372492910545818,5.951312004581549,-4.972943137854279,3
-1.065989113538929,0.800157962585735,0.15154320843246893,-1.741390606326526,-0.29385356071136937,0.039857541584972525,-0.6058244788175937,1.228228425498525,1.2644684906781054,-0.38249015891284494,0
-0.3496489948492539,0.5674905145543268,10.895617219985718,10.9972598899194,-2.9076851422580146,-1.6305118001993146,-9.802213917566835,0.8479745486344563,11.559902176901511,-1.2914979771877417,2
-1.3337987710487043,-2.1740943989350034,9.49646704432741,9.075945931963474,-2.0212862257545967,-1.4105604856292975,-9.901102381969597,-0.06656654142714835,12.311959848727897,0.17420791194970486,2
12.914117482623597,9.567570554625336,-6.538977248859723,6.733054107092869,-9.12204622877313,-3.4114830924591186,-4.4982452974833365,5.759832608053706,-6.976728607037535,4.353425839887512,1
-1.286106948013911,0.6369342294142225,-2.805741419290195,0.38180814039544986,1.4685092757274931,-0.87248490939501,-1.0442397471178835,0.59002329759953,-1.1707437774262215,0.8108187237344604,0
3.9110291984421783,-7.475425109033431,-2.9434111140244483,3.682641173273959,-0.7790738131418553,3.936343832911431,-4.685732386992831,-10.364555624955175,8.524554746837458,-3.37259544442445,3
4.215785443303185,-9.735522212439433,-4.8309654916499065,2.849974165801157,-0.29109128297496345,5.520809133490539,-3.567671727886754,-6.561428315859407,5.471678454250524,-4.5592089987738955,3
12.427175179513025,10.186363943036373,-6.794331889683982,4.291643727154998,-9.871771538660104,-3.9450771121323136,-5.0546529962561575,6.071878659183497,-7.381496842177785,2.69596589028991,1
6.326037434571826,-8.254152090595687,-1.5148945163145777,1.4287235726847949,2.9761799651963443,3.6089246599083777,-2.4041844731776267,-10.161309877479876,5.474436805046855,-4.782443531956899,3
5.5873949118004775,-7.9502784442015555,-2.065145297643966,2.863583872241128,-0.624183103580636,4.681496797575406,-6.2106256909469995,-11.594309807526793,8.120529550299679,-5.539473373683735,3
-1.3991775812272325,-0.6583732136264119,0.9420191570415324,0.2584257707883491,-0.9651109322826832,-1.6308214072069103,1.3373151813650062,-2.0533843835409216,0.6323951789703047,-0.533044435386697,0
-1.0642101538400734,-1.7657101869500214,0.4637561277310638,1.2236329375630657,-0.3301149233027367,1.5870941590325973,-0.1765124330814703,-1.953771981113009,0.9182492537296029,-0.4792882372381452,0
-1.1367653889069318,-1.261130168105217,9.753501347149161,9.879904758199935,1.512610311136533,-2.1481431116450573,-7.231178202279669,0.3180365570777356,10.898897723749213,-1.1819998010711437,2
3.8850821761276197,-9.823964853506146,-1.1999272351173818,2.3020155122005455,-1.1840133347544333,5.035350233105244,-2.5833532283949334,-9.779799439723774,6.8137384678333,-6.058691347380167,3
-0.24834499976157276,-1.615271381026845,8.822269798487056,12.00751176195755,0.7697553310974473,-1.7461621407278736,-9.273357061765395,-0.20272568246306075,12.552012442612146,0.25936998847639936,2
0.0667621253543897,-0.7954472358669886,-0.06161804479227241,1.2290503063476157,0.1429093876381736,2.1317700820621637,1.2594797123056911,-0.08631634544493307,-0.10578787559211524,1.6309231376236313,0
4.357055425507811,-8.648665905713875,-3.028128736708152,1.649124238269933,1.6005562693372313,4.221114458831549,-2.453655089548242,-11.892969490105147,6.240569727360485,-3.652062479692816,3
3.6557501769895335,-7.691651057775754,-1.3857605092913163,3.242117236450276,0.9188040539912199,3.908769416925322,-2.5226388055767703,-9.660034407265158,7.010633542497185,-5.918268490365841,3
0.21629645840187064,0.5756795225354583,-0.9788478383233464,-0.29539461869916234,0.5371605014609561,-1.5709280571217674,-0.6488521834098897,0.3769089416264014,1.10501843885161,2.1857798122711674,0
3.5732057527258356,-8.185153847634739,-2.2714588734104373,1.6725995209584796,2.4443345503545855,2.858866584637731,-3.4864604280231526,-10.34477956695989,6.996023892560582,-4.737566709077179,3
11.32295854457784,9.971467856292351,-6.615510754270778,4.706969878702588,-11.244309208137281,-2.2832161288410937,-7.043049807178379,6.580917392553367,-7.5032245225551195,4.9120805823877,1
0.09991984772490084,0.498467322614065,0.4331844114066636,0.4254826830634316,-1.112074818376736,-1.1714840885478104,1.170194743361313,1.5090251988918544,-1.4815211390434568,-0.027760136644663376,0
3.6046674986547456,-9.515729741717458,-3.3796990099135256,1.8811175940380696,0.4794642273828445,4.08749617630307,-3.9168562726603118,-12.042210828893841,6.480896493817664,-4.19430839492266,3
0.5150374194312445,-0.6487341639982753,0.44034835038391934,0.3210266422475432,0.055792301255511566,-0.42612714878966856,-0.633928222515819,-1.138417405036224,-0.6147479543890888,0.5688150115501875,0
3.4947401618409413,-6.312433163505809,-2.9293400094367907,1.577132464079035,1.327015919919331,3.7401200328699797,-2.7390512996646903,-11.057836528096388,6.69482191904514,-5.806636044269402,3
5.629413568568568,-9.775419238292285,-1.8934505530950898,1.1555295606758045,0.6427928916748905,5.83298478936576,-6.441389718383418,-11.028310403393354,6.885853332611685,-5.961076182134441,3
4.546135399847708,-8.757978143919898,-4.592138295358339,3.2186820148661015,2.9699960796351643,5.947359418255592,-1.6578445494274918,-9.603134932036694,6.580573887894021,-5.015313400004673,3
2.9235991775450287,-7.617688944716006,-2.9743866966430272,3.130885127737094,1.1178656063029562,4.833587066735853,-3.8721155577960342,-10.630198254058921,7.324031624342657,-5.136897785291977,3
-0.0014631015072299157,-2.8437084997359308,10.546178223639034,10.327743142799012,1.0179599332586822,-1.7241624525341583,-9.908231486858632,-1.119239785646449,12.381519465713207,1.0240192966228812,2
10.842476692191513,10.085401810444417,-4.218862328485339,3.7529590917699838,-9.969107343445781,-1.1874733652787346,-6.38015889376535,7.3376880706819785,-6.821134284153289,1.281820750570713,1
3.8119236568205777,-7.109007984681283,-4.561455398145623,1.825613634802045,0.5393441962088218,2.953685207262411,-3.8339832430816876,-11.726894071910667,7.207333906163864,-6.190089648293701,3
11.010768741379898,9.610039281802282,-4.735585739697619,5.458957596645934,-9.297744243464155,-3.0259458392596645,-5.081986837716796,7.604350727589992,-8.670450922024035,1.5870585517282627,1
-0.9041487840791762,-0.8164758734208264,11.867415319104438,11.00571992473564,0.16379055108021479,-3.6853256503594913,-8.319364087913357,-1.0798870074656197,11.498917525619648,0.6496195848609061,2
0.6716269382610948,-0.9278561706697268,9.689055926357241,8.775205296238816,0.09828170981712259,-1.641398615039947,-9.897701719734686,-0.9870942670623808,12.74670242061773,-0.472007778784811,2
-0.5773597310954539,-3.0581129264116838,11.85277864775431,11.21633971495984,-0.9159220580859568,-2.7935679000852423,-9.809249147862468,-0.294635231772764,12.215969590116798,-1.8359950038981894,2
-1.1441491444170604,-0.6377949051165285,-0.5499502194404766,0.6098515437996151,0.4947251804539964,0.04440721278635651,0.27385728039912516,-1.2876321964455335,0.3813612813584527,-0.10088537554607048,0
-0.543193066348116,-0.412292748968888,9.45553309543765,10.805751845614427,-2.4459957213556653,-1.4917438916788304,-9.242094246346173,0.38126351194604374,12.839209777541306,-1.1061116728110298,2
3.5982047118033704,-8.771146678423369,-3.0880839543763674,1.9831788068241645,0.5531884594334947,4.812324571054958,-3.6985242052993033,-10.299472790947215,7.230332051608694,-6.39285321984943,3
4.900437572353922,-9.365370403048484,-1.5057938971762497,2.277129442019228,-1.4061202261557273,5.060612400700647,-4.793437888062316,-11.698131624043395,7.4163384696199035,-4.68219631410987,3
0.9201292882414097,-1.4555771832429973,11.042330512245885,11.325520567305102,-1.934109012880766,-2.802829660577027,-9.385759496315226,-0.09308534855787698,11.523365752069811,-0.044301206820027805,2
12.388559503982648,10.851909189485745,-4.590884957286555,3.993280332503285,-9.67253423849142,-1.4483874803348602,-3.994528967417552,4.891933910468283,-7.96193922564003,1.7320922280226938,1
10.844735144095663,10.684875480124452,-5.374711181062514,6.388247871596408,-11.406785994060524,-3.393246239107281,-5.38169878779579,8.234474255351097,-8.53917050477642,2.6145120587396713,1
11.119217558776826,9.347756833950895,-4.821161090366029,5.461574466406539,-9.781767648682914,-3.4961109582215277,-4.884154841240387,7.344114136382207,-7.092608083949778,1.287039280906792,1
11.527088645353377,10.8049296402973,-5.519398369116468,5.17603681194078,-9.383666854333832,-1.0867969558678798,-4.079874230309279,4.374315149366669,-7.646247206262594,3.488617276952919,1
3.9239699462933286,-7.760837175348213,-3.864940550414202,3.3544879008576816,1.7727586176826875,6.37321598967765,-3.415283606719547,-9.828488521839116,5.452022535531906,-6.000305598300715,3
-0.69431881043883,-1.5298329082032702,-0.20059781493093154,0.5350451917039986,1.0389367614364335,0.5305025741679322,0.8358210687248578,1.0453114301039597,-0.3393770062981106,-0.14793930190758986,0
1.4925611583320504,0.037243962475022596,-1.5177990932003989,0.49658419083560834,1.2649846649925427,0.9716667674833938,-0.029131048484993927,-0.23448223662688258,-0.03716632120973069,1.225249004976716,0
12.304392815372404,9.566352274409661,-6.97317229193795,4.857039585078654,-11.077524112551172,-0.45336825361561583,-5.72356294278213,7.053135738539623,-6.04191308358253,1.4793522298682875,1
0.531819259942635,-2.825266149009364,10.619255337000501,12.055406845177243,-0.7487461226795521,-1.5533566948240636,-9.279324476896694,0.34973369918962977,13.321002047099661,1.473845809737375,2
-2.0227080361938516,-0.6333548651483785,10.586669287982904,10.481770303052832,-1.7067532497281115,-2.3194145193316973,-6.924612079646344,-0.5459287036043905,10.931955755488119,-3.084545832105956,2
-0.7187992353166566,0.3464067664305128,9.749349472842683,11.079965192660165,0.07268745855162606,-2.9549906130299117,-8.61929362783522,0.5316308924325319,10.172341708271755,-0.44935274048729074,2
0.9806325151099338,0.4672046572459251,0.19202873344921131,1.8035613396506396,1.0236368684889219,0.8555399492531273,0.6580277789165053,0.7826968722466642,1.6571020105521643,-0.4176686877209948,0
4.079875415063335,-7.710990385855254,-4.442440319942476,2.552787975824545,2.2136059281297222,4.664123472038063,-4.939160420839421,-10.8464815147626,8.04145118838061,-6.382006510391346,3
10.58290786525749,10.57967218017194,-4.701706613936805,5.228552111526396,-10.572715581888131,-0.8224950586713957,-5.387574367250977,6.446462735610943,-6.412519805687515,3.0516525472585134,1
5.772735746430868,-8.682382118029238,-2.259616462686348,2.160586863068436,1.649722926285947,4.309388119870055,-4.508644806392839,-10.453180304635149,7.54930780072394,-5.453242623717095,3
4.1378473819189185,-7.439856500355496,-3.4421134651475156,2.1369628822569737,2.7156930626680413,5.001379737489429,-3.3307137700844938,-9.754624701387634,6.208702373643011,-5.6352403997330125,3
10.993593644105674,9.320801688137724,-6.320371131673527,3.694755637241496,-11.158766610724092,-3.4811215248836445,-7.107563201617579,7.408621415192736,-7.384737380442317,2.7183285291940265,1
5.934653323754502,-9.262930220496367,-3.6377616049782033,2.3424090569376914,2.4195805814094626,5.095706020196462,-4.378293488922871,-10.861063293238647,6.204355919232977,-4.912762443495547,3
-0.16454510557886134,0.806933550030064,-2.0867517889867413,-0.5629197280280642,1.2546363477709561,0.5624799233165947,1.2712862621270136,0.7587893547726849,-1.0835151070098108,0.6608971711195765,0
-2.441678494655331,-0.5889944503595363,11.02619554801108,9.81025348302903,-0.6338732882044888,-1.7218861998749,-8.230942707042358,-0.013210519314278066,12.259456440958273,-1.934007467359129,2
11.15104313258062,9.533973916028847,-3.421162295665063,6.244965835135985,-11.839366987352765,-3.4121069458934663,-6.458380132355348,6.787353122285571,-6.172096237966069,2.6852754450851513,1
-1.5190097253286228,1.4135494046739219,-0.6807770784172995,0.0907321344022193,0.3438043235358821,-0.18351155957805923,1.3546010543580276,-1.2213709174087466,1.7339348069873373,0.6715575575083162,0
10.884865555203238,10.753408608300738,-6.223197825987587,4.866006100147213,-9.491057293701711,-3.6947235175974136,-6.684572449336121,7.7736169010855,-8.33701712241688,3.268533844220932,1
0.9387576425024841,1.417094825602515,-1.8370886371478625,-1.7171824858070754,1.7859000465664794,-0.9043720486029329,3.0948291204884497,-1.8058400355201663,0.17004740498712057,-0.023393737252717515,0
11.73635481424613,10.961223347543077,-5.49954017554608,3.859701673210493,-8.473368937713646,-2.86036324896753,-5.515388484247225,5.76201870710835,-8.818718667393753,1.583107058963102,1
3.9286215971670972,-8.220580399400744,-3.0556795067075218,2.92838482532723,0.38028187940105257,4.410178416924262,-3.693107908329355,-10.01867007999619,5.1750773862430055,-4.92299396139912,3
3.5556693054129593,-7.863922187197983,-3.138411491652414,3.850576702169257,3.110259293916717,5.022737187003367,-0.8783308391114448,-10.952867627142828,6.564910617032077,-6.576746212414493,3
11.486462838471446,8.472403670708797,-4.9797105217475695,5.014026044149874,-9.150580605714723,-3.091005182171455,-5.115823456090209,7.199073661789145,-7.314410084025564,4.273890603270521,1
-0.8010931755623457,0.6334657903986202,-0.4082070281520185,0.47318049502396325,0.8517721635929733,1.1147146018127168,0.20202156983791672,1.6001236864802184,0.441314356061272,0.1350521594576307,0
12.094313039936553,11.033889857274922,-4.445956268294305,5.2777850948654805,-11.53142568148083,-4.213438600558788,-5.792479723614791,7.335147719961659,-6.889270050532902,2.8501006747980107,1
4.938568005785907,-9.175087664266089,-2.3524378682739284,2.9593405389481613,0.7009444419178823,5.340679642287079,-4.818518212218232,-11.665820153218197,8.166017101199355,-7.156768328340355,3
3.37868462965258,-9.913207187901026,-4.134176439585037,1.4992854342290811,0.585088050855128,4.319569479303742,-3.9932775468280037,-10.103123205632754,6.640027684497983,-6.781470450727359,3
4.41877965360541,-8.410631491364885,-2.628824989858492,2.6844955819977625,0.017109733334878863,5.507551561273093,-3.3011209165134514,-10.223659194500316,5.790759603682446,-4.943562341378689,3
0.4357126404496749,0.4488200910708117,1.2221981575557725,1.6065738580746889,2.243591723768047,-0.5790136948152732,2.469407414008624,-1.0967729434551832,1.9352474030431261,-0.6339598586913759,0
3.8227036707565993,-7.773903512621629,-2.63998686832875,2.5955292991454293,0.47769534940997205,4.620984361105303,-4.977579649102005,-9.546582731607264,6.098637435159751,-6.084647979135291,3
1.0500580311206225,0.5756170642012262,-0.20897155124932942,-1.2207850836743253,-1.977080699684078,-0.0648648503730946,-1.9931914128915524,-0.1993053333355725,1.402623198806571,-1.1534700506312088,0
-2.6104812634042105,-1.081760838025878,9.787341759763846,11.437213053132762,0.35827837821443487,0.49593294121046716,-8.461699799577103,0.1264728568317429,11.153671989855127,-1.8213530986099198,2
0.5521217169629271,-0.5864790476665463,9.761879982565592,8.796134378465599,-0.7107260242179989,-2.0883184151763605,-8.917307994115394,0.5396780254412902,11.306201953578189,-1.392702922374901,2
-0.7835244172955683,-3.296424738276366,9.56592325769978,9.687451511275409,-0.9050450394067988,0.3839648444836734,-8.258962433623537,1.5040255275991135,12.541234605022572,-0.8724870647084929,2
-0.9242207172751843,1.0054027748299843,-0.23696827557125388,0.13067393907739766,-0.0013369952020600845,1.124218803189845,2.0486315307977825,-1.134665329881441,-0.952556117994652,0.32149790255470695,0
4.073593432645488,-8.676106480222948,-3.0039140448502435,1.086785130221856,1.135530707157227,5.232050517681773,-3.4530809129474203,-8.945410885975813,8.397162512043124,-4.3089476741776025,3
-1.0566417373687413,-2.1475367236037677,10.86964836257003,10.520404605800273,-2.290457760445594,-2.491993514659458,-9.198688842034985,-1.2594758118960299,11.08289729625639,0.14544251607757896,2
5.205442273963591,-7.8914359748304435,-2.809579039613329,0.927207670316256,0.7175271933574554,2.779508310802637,-3.0484519771671885,-11.478591472217083,6.573012535427376,-6.128428390673935,3
0.07701075749294407,-0.9673351969247053,1.5971205342902508,-1.4710808356931313,-0.6140086070714053,0.9366603098467922,0.04235213076743197,0.5492151825000465,1.5331641166854302,1.0038015483324798,0
13.119350000818715,9.27557538806085,-6.0947613825653395,6.004840453436433,-11.34541545536851,-1.3686805236101527,-5.802283607879556,5.582374992892482,-6.839088789662866,2.3249751070955083,1
-0.5920682863266491,-0.1272203449554652,8.819828519051974,11.40413107877524,-0.7408909322592896,-3.509595129596435,-9.193010425764248,-0.6813079200966263,11.8815997791636,-0.7149057450485262,2
1.124930952986104,-0.3173091818087179,11.041043065320963,11.454570562160201,-0.5525588139809687,-2.716846983997674,-8.602808386851635,0.26398291320858874,12.596381649274388,-0.15076217529946934,2
-0.4930366726270651,0.09028133775267654,1.8478310288676252,-0.10373423620135826,-0.8394323980262596,-0.397761891346851,0.7534699617688799,-0.717736704047605,-0.03370609466252391,0.4728831351627392,0
0.5535682717636239,0.4507570117123593,1.8573162007451602,1.245649564236973,0.5651243673526035,-0.31072684994446903,-0.022688874789793468,-0.07130386766620643,-0.40142554757210847,0.21203651188292444,0
4.943033738277781,-7.8022820991760256,-1.357659750944316,1.7274512276559881,0.25719788836717195,4.7631671286814035,-6.498512542613649,-10.27568931611285,6.702874808297336,-6.753250784516104,3
8.5265292588797,7.1714136223516185,-6.603823075975739,3.0384172756181584,-9.35142123612109,-2.4159106595343234,-7.699223405173123,4.820325853176001,-6.504164625643632,2.7692604682336626,1
0.03850364563480881,1.440585080601879,-0.8232050973014229,1.0886965586176958,1.1592341502842047,0.047071686807887377,-2.170861570833669,-0.5125676574442902,1.7858711243041168,0.29705577149190954,0
-0.5820370326129038,-1.9553913807246277,9.98453455264152,9.432510300305758,-0.9738147829880082,-1.0942612847859152,-10.308291141833141,0.6166247928766256,12.715729289780489,-1.0326459067950895,2
12.597649993005895,9.818670195663872,-6.394968506689307,6.265620483563119,-10.293869319269955,-2.831252772851779,-5.302172886812821,7.57040346516985,-7.7831038331720865,3.5621006794711056,1
-0.2203515030737182,-2.6502005531298662,10.682622319514417,11.396980775006961,-1.396211621311569,-2.730552513873627,-10.750585631660895,0.602514073496709,11.257490517397502,-3.451192171167147,2
9.478107728365764,7.2113592935398145,-5.445379053866644,4.673831376218614,-10.014957131719546,-0.8093459637343527,-6.802727937087137,6.453864639681076,-6.2668390331478845,1.4831112990381723,1
-0.6556875257662731,-1.7093993241953382,-1.0489537353559772,-0.8926474234322223,-0.4269271760328953,-1.0465037291271424,0.8221220058189397,-1.1160327630094797,0.02001796829923024,2.0001921835221745,0
-0.4857971213907969,-1.1530698418496397,11.029423120267799,10.170154614093338,-1.623875306908027,-1.3671054576233348,-10.345275933508276,-0.3992180657242195,11.834095874882262,-0.2433928986210625,2
4.262783883239515,-8.447738737764178,-0.3490659484920946,2.3333673399409127,-0.23419641355466558,6.514998206125965,-2.152089596522498,-11.582151332474904,7.945969074242653,-7.463567856282948,3
-0.6171791460107319,-0.45504662066741985,-0.10287464612607856,1.138503639593696,-1.1540398793210471,-2.18804300441,-1.0380535711116134,1.0224359319281595,-1.6449913354915748,-0.5719476405848767,0
11.721128133128657,9.045643956818575,-4.768202816692779,2.972755711664148,-10.68634250821682,-3.299981075620633,-7.143350791378125,6.4207637776161235,-9.234969665028403,2.798817252157117,1
-1.2776910197522622,0.9880289179396009,-0.5288390846208721,-0.4402758995557659,-0.6666125829808521,-0.3168562899276236,0.37107417432343415,-0.4868808211696219,0.18073988743057082,1.4182084894976401,0
11.143654121105861,9.976511723166265,-5.2463404596669765,4.901495136573176,-9.056144745305293,-1.5257924707641575,-5.596007248571575,5.085345892487943,-8.231381333589326,0.3469755164771451,1
3.9129784670299497,-8.22311751819354,-2.7510359067509755,2.4185368586091798,0.1099714536277383,5.32049955529456,-4.946922005905379,-10.692279479407878,5.9648239285685545,-5.739805469143885,3
1.4944244865555223,-2.2653842259083388,10.232791207455888,11.685203413026915,-2.207516622925304,-1.0381305638358442,-9.744027858701925,-0.24102685919794745,11.996451938842387,0.29590349951832184,2
-1.337097455128435,-3.1446346509540444,10.324570876646966,11.536219959091811,-0.850254664735876,-2.4798124471263816,-10.431248776975256,-2.230432990671448,11.686846080823807,-0.15674359302198626,2
1.9332814197926849,-0.31780224944215096,11.071173894436056,9.451381828021274,-0.1975553990413238,-3.186686903291765,-8.310304347382859,-1.596394944247149,11.380698821623485,-2.8255300092016276,2
11.252776218109018,9.067882666829293,-5.463058085119589,4.592492978455463,-8.724273951959283,-3.9460054585717184,-8.665904432550121,6.6833397833590755,-8.3875517084235,2.7371620189477333,1
4.262351948449637,-7.518131214383619,-1.9496344590071693,3.066587670106352,0.8079055327070319,4.7571415875487775,-3.825378047995769,-12.247795445161008,7.466290681108681,-5.350369595615423,3
0.816482040483678,-3.091434217095916,9.79843297763612,11.599933294851553,0.5709163860349252,-3.9078192988684908,-7.889269395749145,-1.035059076894705,12.425757670919243,-1.3213208139027561,2
3.196784993337272,-8.481597217395976,-1.5079894443165005,1.570892771838939,1.6754382540240715,4.9678000130148865,-3.505912864990923,-10.839484429232684,5.5235781399481905,-5.695704961791442,3
0.38493525189229266,0.7639486156949223,-1.3336607226782398,-0.3150229482850129,1.4926598165071472,0.6598282977311478,0.4469722729708663,0.9909593151244864,1.8045451176125027,0.018534069818371825,0
1.90780878898128,-0.07254232323523949,-0.25148925749149037,1.0943397864026543,0.40219263744772177,-0.17551742778704885,-0.6407317477644433,3.6577018039990747,0.3617857622617386,1.0844295773843962,0
11.545384032878898,9.519816692488847,-6.059662968258979,4.392641500268291,-9.132880747798762,-1.5056278078565348,-4.429884220316049,5.363818153189773,-8.10359595829549,2.318710137737079,1
3.5284133436294756,-8.993957213535314,-1.0624465265537493,3.8955817494154816,1.0869739659770454,4.2893857707237,-4.458110261960776,-11.469545584959757,6.428707644499124,-5.336766521057965,3
11.958207726967288,9.300286771867873,-7.335149356480446,7.272599072919321,-10.351891915152354,-2.3719139369367888,-6.826715915587334,7.630910294419079,-6.3764098555718665,0.8680665548945175,1
5.563293796359327,-8.733872521494407,-3.363856349359861,2.135246877475715,0.6517508264766279,5.0676270272584905,-3.7621353638678166,-10.650480904389546,7.282300733601637,-6.715571488747961,3
1.074005057593524,-2.076831722161257,9.904840564728188,9.625620817057507,-1.0081426477313142,-1.4675907233608618,-7.422902285811226,-0.47258594859168335,12.419732219452744,-0.048083123136809736,2
1.6760521191103992,0.1989685670962733,9.436181469889442,11.007885436901631,-0.9339791187883691,-1.839507038984888,-9.58986055288833,2.2162059070282853,13.584319257863367,-1.0650295525473141,2
0.0983077083882902,-1.8445762311105884,1.2495307236517275,0.4211732265819475,0.7998062928201565,-1.6994189450976827,-0.22041692749820854,-1.079196944894296,2.163100942680612,1.1445503457443813,0
0.4353298362643412,-0.7937924840588386,0.5018591903955252,-0.6635690580127322,0.06412809383997362,-0.30659436148979985,0.8999118663887735,0.5403222707374178,-0.030721548604742365,-0.685711777155661,0
4.2140479706817535,-8.179895512606022,-1.2320871646843556,4.701512726326651,0.3637869304161253,3.5834262209638537,-4.804293124838782,-9.35052474345553,6.998145845261893,-6.506931006845431,3
10.885747636746759,8.849358456564397,-6.47213548376963,5.091075476544141,-10.666158480387285,-2.1383731281538556,-6.350365749618619,7.12317136180547,-6.429860544274312,2.56931777253551,1
0.8464144966218115,-0.9288658986141337,8.637238417070252,10.890563525388576,-0.4667635810299533,-4.174912300272743,-8.690390936511951,-1.1016201421882297,10.240244307456777,-1.8943934594039624,2
5.430094239078613,-10.34289444991429,-3.3607306113561224,-0.2640589988715303,0.8003771454239904,6.5728850845113795,-2.8005239702490936,-12.265398800142988,8.121263827719744,-4.412616168607051,3
-0.15756655755032156,0.5893280470744221,-1.628524966635811,-0.35380666651458875,-1.2003587463033485,1.4235782029990198,-0.3655826245023269,0.2763737230933523,-0.21841193597251027,-0.2834840854582331,0
3.368982483538788,-6.79152722395564,-2.9426117036554817,3.0558516756770433,0.4851994920401562,4.502526401587621,-2.676463019657321,-9.864820519640837,4.546369017777103,-5.197738278729531,3
-1.290486032779948,-1.508452321977557,1.278687707605658,-2.245229791402062,-0.20074065570916874,2.981793493755024,0.45923344431049884,-0.20854282047886644,-1.6844615666531795,1.6173705681332158,0
-0.359237491640021,0.27673041496775985,11.394895502789748,9.875291731896368,-0.7754689638644324,-3.65446322305525,-8.20589787550972,1.3019462059129843,12.10936396680557,-1.807800004563048,2
11.479176667817363,7.63092370136638,-5.392024030108472,3.360250326675618,-11.753470148149344,-2.3175910207817148,-5.028796349858471,7.620726202273554,-8.833672706294728,1.8348224082590971,1
0.0014367263064825483,-1.2296208526017245,9.765948500378615,11.168181824043575,0.3655369294944152,-2.353661883291592,-8.775556565143706,-0.27826986808502313,12.226311768282415,-2.242105113172502,2
9.935840139863796,10.385666603689874,-7.397499976905053,4.363700085954718,-11.53367559809213,-1.825464220411991,-7.4551124692343755,6.185592234081851,-8.903075311928848,1.7212930399308197,1
0.23077700602748388,-2.034621457890565,10.588818534933017,10.278875926418188,-2.197619548179737,-2.503330196704141,-7.621549251572721,0.19387656581703225,11.724387732548223,-1.1701183483069824,2
0.2739131289790113,-2.688525299796861,-0.6015017868217727,0.5438830143637791,1.1202629205505616,0.4727521417992283,-1.3903167738309679,1.0328581288655814,-1.1391497315227341,0.6141985514243509,0
5.274014257841727,-9.175486659357503,-2.6604248211697965,2.073468493034376,0.59683487300713,4.24840503177522,-3.5369865344566054,-10.829553816127962,8.059782653740701,-5.23139611987172,3
-0.5407018956804642,-0.05448799699081974,9.224888885225065,10.861914775673194,-1.4981876006137738,-0.41645678049771506,-9.17819952752536,0.6502540522409154,12.329511048619592,0.3732167390039838,2
-0.6513212917658296,-0.9617907279332447,10.69575738856295,12.919142836966532,1.1135442613355178,-1.8522483847919229,-9.093844060495048,-0.6206456323225401,10.076721567893363,-3.058725855761578,2
-0.5460979756170437,0.12599894749496204,2.5323876002383434,-0.02089627660473875,0.1265144545696673,-0.250210272764142,0.7377128800537445,-1.073917208645777,1.896037495153939,-0.12415920746681924,0
3.2358763059467126,-8.180117190075704,-3.4230373001360297,3.20487776776284,-0.9802591669500365,4.090970424978041,-2.586925980479606,-9.807415984531685,7.151582013994742,-6.062377403105713,3
-0.4500781197934158,-1.5621004786906159,9.37312917182041,11.412132110538902,-0.671602503503933,-0.6532539644681932,-8.734354593860836,1.502046456764534,12.36990617158614,-1.032360339238061,2
11.455919011215098,9.529996312952546,-7.455165751710512,4.789359514452251,-9.715900048774932,-2.360082347269284,-7.004060114565764,7.66273189288831,-6.0963849534357255,2.4666041135532875,1
0.6412308076598647,-1.4090012233993883,9.65953900842657,10.165773194721966,-2.7441877867850497,-1.2140732310754088,-7.730716069551984,-0.361025384274098,11.80528074722933,-0.6536911179301399,2
0.16431279780054833,-0.2619303648367475,-0.4173380398793163,-1.9209318358947143,0.637998629068246,-1.3188567758433491,-0.7481958150577084,0.4179846345532963,-1.816635570449106,-1.3207939428146998,0
11.541404302120258,10.85535541900177,-6.5011392284187774,4.590930461899169,-11.498192154159955,-3.166852608908378,-5.97058951804192,7.993839230128243,-8.061494987879279,2.0457801605278387,1
5.083585419753344,-9.274013654438125,-2.7045486555600124,1.9545593608217033,-0.5338413602695853,5.83129547719162,-3.329537360540978,-10.055819902317406,7.365575672239206,-5.419644441545036,3
0.9759514556339255,-0.5695020574287507,9.454000900150927,10.239253181055842,-2.2887447485922903,-2.4092310648217254,-8.86554341319326,-0.05076401388370649,13.472376362102546,-0.10142530165910923,2
9.641512742897337,11.385903604515143,-4.725773222301006,4.777173870586966,-11.230249190354556,-3.17462234098553,-5.336302605364993,6.16404447874869,-7.7588042832455235,4.186238616710702,1
-0.9777288504472104,-1.3382498598833348,9.019617198087639,9.966324548993349,-2.3727373257786524,-0.7933226439829049,-8.028931065428523,-0.8325907812864728,12.1828792906052,-2.2081300712781413,2
10.017650343575541,9.561759885486508,-6.315139610024514,5.753285001766944,-8.636763121397761,-3.4611172995072197,-4.285395887053994,4.957304302293217,-7.543631434087999,2.8360982221074744,1
-0.2972321596010857,0.2744154495419253,9.429926335150016,12.30892639464104,-2.4349740006544267,-0.7465222167922074,-9.935478201199999,1.4193445007241206,11.251748755539321,0.3321790617355387,2
-0.06171544250154825,-0.5305284900098469,9.9047158605292,10.492332126854667,-0.14156893239127943,-0.634783205827175,-10.178702982608131,-0.25834136855210005,11.117882772286904,-1.7804165710774553,2
12.051998494477566,9.412229985947901,-4.273360886652159,4.060656090469457,-10.212939985088617,-2.173253126920767,-4.051387898718242,4.472367369054114,-5.45249954100572,3.74997411236071,1
-0.3824259581329956,0.004580139345484049,1.0302992136185285,0.6804110639374826,-0.3924770376174168,0.31794775732338143,1.2565691017269818,-0.19998848342256015,-0.3088649604353075,-1.8897046427529125,0
9.870196963550924,9.673872249850636,-4.503143415941444,3.8926651373329766,-11.097878143356331,-3.5335715975863224,-6.281293222698963,6.969729446276779,-6.957107938225734,4.045302092661752,1
4.005312419454295,-9.322281135908982,-1.6470174864412317,2.7085984223435675,0.6833243973134062,4.559600712446811,-4.998824859941777,-9.425448274334421,6.647826891299421,-7.479145408871942,3
0.6301545864682502,1.501485815573996,-0.5513803332265366,-0.9058096232571202,0.7827151355055033,-1.8833620946311582,0.6540238605628704,0.476938968542047,-2.345502523612224,-0.6363366596103653,0
-1.2875354949350855,-1.3573516829546897,9.502416659065616,10.573262648998664,1.669801190154827,-1.645343994104654,-7.778998555745595,-0.7096374855953269,11.741706825787318,0.45626377826942854,2
-0.09085864905832726,-1.0497712359094278,10.926980205117259,9.131158692167794,0.5746061606053633,-4.593314626670747,-10.33723791613722,0.15058374321519138,12.030476909450746,0.7395432735468661,2
3.1159065330687366,-10.528304581295547,-2.9846678165310827,1.9910949393649207,0.3955539067836393,4.898758233724551,-5.529778192221648,-11.229804271699459,6.603173581866547,-5.516849056758483,3
-0.5703385730787353,-1.1988382237757333,9.859203764724487,11.311030336537476,0.07347195811804119,-1.8534779090187103,-7.831821611803374,-0.39457620480288064,12.560017837031351,-1.3854248579798627,2
-0.5046946897455464,0.12773455294429992,0.1669672791078544,0.20239045730913388,-1.2300530274124641,1.2601095323954874,0.1345889759377787,-0.7222187689499412,-0.4983930877474412,0.26985003550871284,0
1.0470683163633505,-1.0421482998089031,2.6147989353617693,0.4022988556883816,0.5670692187855894,-0.7730471867768427,-0.1333803341988265,-0.10744907275618028,1.7960683292516828,0.40057677142778625,0
4.182071067101811,-8.165420706348504,-2.178476838422969,0.8924612598666146,1.8301726775258231,5.417553558891168,-2.733318246191144,-12.888824365888299,7.564439130537068,-6.611960613399252,3
11.922836974989854,9.214269233611857,-7.5439525009362915,4.4853527337463595,-10.377541580944703,-3.848803758677912,-6.635225813290235,6.8665998311922305,-7.643683572520288,3.708970836254877,1
11.194900234142596,8.47885331128032,-5.318456291314105,3.4579770155966862,-12.453773445504783,-1.675951696894257,-5.1783998187816405,7.295412440492511,-8.480814772665129,3.0424653787104305,1
-1.1392227742224812,-0.6632900177881351,10.038935996902499,10.723392498644602,-1.0858010148644008,-1.8626748094490624,-8.406627993167858,0.22990443440296854,9.89693494350643,-0.4962465889465065,2
12.201675223843859,10.830017897891874,-6.187049602497683,3.9011907944982873,-10.400464993084842,-2.147443040908361,-5.670741055878112,5.42725316267895,-7.581633146209752,0.5426007425443262,1
2.8549812049947656,-9.618503860468998,-2.648035943322784,4.037783172878601,-1.3758981219755884,5.937544166611987,-3.769135871150535,-11.602819532169235,7.324117418323708,-6.091727087095979,3
3.960271446395605,-9.644342470060671,-4.10609447859968,2.7304764303900826,0.9037458966808496,5.453364187319112,-4.313313236508631,-10.912982821202002,7.579280446973538,-7.077402803375331,3
13.356144450960215,9.80707622529259,-5.115719306281982,5.739866309839565,-10.53334490194278,-3.8450747847855293,-7.164127800590913,6.028224561767818,-6.600368805348523,3.511493562584459,1
5.062565860825886,-6.746383722335157,-3.728240580365008,3.936821437042858,1.2987349843066516,4.340533248261604,-3.752384043213986,-10.706202269561327,6.367574035777961,-6.965544211022525,3
1.5512538039754091,0.17189176321264954,9.851741378106972,11.372578183484721,-2.5826870411866043,-1.7971449473530317,-9.345914249673802,-0.17498902286139764,11.823649562004613,-0.3847801751632993,2
11.07379305871763,9.631734209788608,-5.9595488919793675,3.827733617243443,-11.413748138534157,-3.7740107924815973,-5.473886606717362,6.998442276303188,-8.685608285703125,1.0759815823436931,1
-0.42874275143967244,-0.26586189807601657,10.708362032442478,9.445022751764974,-1.108565518512155,-1.4139457121913548,-9.937513681373373,-0.770203746514785,11.126134779365593,-1.1716679060091744,2
3.8157930222838035,-8.502582552390574,-2.7790561271614656,3.14874460339476,1.1226859904511486,5.9318964041383975,-3.874259425495972,-9.50415931684407,7.320058788006834,-4.743871581449367,3
10.470035138748752,10.4287149273595,-5.855808942963169,4.983481114320314,-10.16975885522382,-2.931623192755787,-5.9547258248464106,5.098842660871483,-8.869324148941008,2.9100651118130485,1
0.26902226926169737,0.3776314694329093,0.8250185797217593,0.6527500822879425,0.5527577449847006,-0.3289683339974436,-0.39310375033787887,-0.8712110023484563,-0.8892436888941013,0.1942614096792605,0
-0.3027015893803687,-0.4930796672396174,10.166606764070673,10.892051653447357,-1.644392386788215,-2.3959657024229464,-9.510779771190306,-0.026489860294245944,11.286692432432142,-1.3412385809628442,2
-0.6989769412493453,1.465578289745381,-1.1163696751059817,-0.2102851851273841,-1.5058764873423012,1.1888671779370352,-0.474885875883006,-0.6996257987156558,0.6616624653847273,-1.4255153713021405,0
12.509707975722218,9.647491776980436,-3.6302637131662405,4.788251623276236,-9.29215544497875,-2.1178934101423907,-6.139884065543984,6.598035763181557,-7.3715810914745745,1.271834038155772,1
9.423386307522357,9.957055226706004,-6.395954156471151,5.6801169896680435,-10.699032553927255,-2.536862391385672,-5.484402289100255,6.52856074033519,-8.286950606543282,1.2114532808979455,1
-0.4054125453238333,-1.8733637643324652,8.547623177644736,9.552146380428407,-0.6307172621332003,-1.0208463110871786,-9.944980246466207,0.7615778610184611,10.857917542751306,-1.512753125283937,2
-0.8384432642649654,0.5847518375056524,11.63259526847355,10.62982644357678,-0.40114075303672825,-2.6802148836623116,-9.071390347108665,-0.8017273276914612,10.941849501386336,-0.15987417854199404,2
4.184700730236321,-8.55852808536849,-1.5285076082939109,2.193527993058619,0.7843367401465974,3.528877383696165,-4.4462559674800515,-9.702951300391918,5.511190854841959,-4.650943229256222,3
0.5508779440386216,-0.6894796975078973,0.13569017540545353,-0.7311954406273489,-2.1944038873761773,-0.021733492928393876,-1.4344157588479596,0.4197153887313245,0.17478482580652052,-0.6038845439405806,0
3.150411905496223,-7.615101207888348,-3.2977154341339303,3.0178876142468893,1.1749108928704444,3.7722610418939726,-4.362591357911091,-9.834073435657263,6.472430806519569,-6.330557324719088,3
0.6573369897329084,0.15217901382132215,9.594665369049093,9.285688932352464,-0.9523442708716858,-2.838422655816415,-8.964477887470819,0.2291841395822415,11.241601532255636,-1.486131002541586,2
-0.2193866363294028,0.019701936633131002,-0.39256169332982677,0.21128072444155221,-0.971837189404688,0.840166985089926,0.17545339862850168,0.21162709603335123,-0.893942382678522,0.5242670967726355,0
0.137325575855229,1.4089215602717229,2.002907340126667,-0.20421936782410927,0.35195536593501564,0.9800041845663794,0.7675000390225197,0.7604907329205013,-1.3334738271777349,-0.8484167281617991,0
10.814360861573158,9.387168233686735,-4.835854988022335,4.651560734806694,-11.084974365476409,-4.049573188455742,-5.2046967413142875,7.47515291286149,-8.527433508780492,3.265080347244072,1
11.410593445146302,10.385547118109267,-6.28714564990385,3.744654189834473,-11.2803644044086,-4.790338583377757,-4.958589959853466,6.998416372094765,-6.160654562638087,2.991030321603541,1
4.6160965240757745,-6.988340555956441,-3.1428209197493784,1.5399143571527056,1.429861435495758,4.835005374071638,-4.453817798130309,-8.791513511860673,7.479424450599861,-4.965747424320132,3
9.356807705463114,10.963867986236348,-6.100705816289932,3.850934249728799,-7.988190295446174,-1.94735803605291,-5.863824800372797,6.096913056568394,-7.468886283360257,2.1141378966164672,1
10.169108104842564,9.042981161583835,-5.596543343510576,4.068698277540665,-10.711611462577327,-1.8535268437945835,-3.516572498076418,7.174877004787834,-6.884909914391593,2.3942503680147986,1
0.04716707326337889,0.2860415925136875,-1.936743490127042,1.0151438399404868,-0.35589974061435725,1.169645022120437,-2.0083240047858415,0.5690260055274303,0.5595792977942611,-1.486132673356657,0
-0.028704916823297802,-1.5584613648951564,9.713381537989159,10.600087988721727,-1.54329360555732,-1.1175903580452653,-7.2898277145954715,-2.3610591200697546,13.112723052678598,1.744379809543472,2
-0.37743215506224964,1.2317484906985203,1.4348563796268679,-1.2923754541051926,1.3569096281854005,1.3384103162161816,0.019354940924970265,0.9325425553198583,1.032829953944756,-0.2524278512258994,0
1.9196196287975227,0.19792754909896695,2.009491591645575,-1.0436593500270501,0.47979471428799825,0.8946086988632601,-0.18934625817325595,-1.4444499755786808,-0.26448113422229463,0.6263969330962396,0
1.2821556285639173,-0.8427949944614581,11.309267858237927,9.888802922201837,-0.5365600373181636,-1.7205325475211308,-7.727896277467405,0.8830018802233912,12.40982097389615,0.07691779571478008,2
0.9184697237947105,-1.0801447753930316,10.454413969956756,10.576752782722224,-0.8216903280534962,-1.8562789160362252,-8.619157009136346,0.9151663000519892,10.48751435086822,-0.18633118664240855,2
11.640629597672444,11.53834835995375,-7.660556268454157,5.030806778811968,-10.7648258494809,-2.6085511731059094,-5.462669865864525,6.224492183184413,-8.877413036863931,1.2573242220286667,1
-1.0893099282488663,1.7684023353344187,0.6623056457282293,0.038043810189799326,1.7107549430923548,1.0315437078517016,0.36861677694331074,-1.8632199337384816,-0.7014940410693866,1.0854095888705064,0
1.1816658739255868,-1.7952376559022307,10.171713639490378,10.997554128885398,-1.547678839429428,-1.7708518912589004,-8.034318406973581,-0.09267254469811143,12.470304599849392,-1.4467124480804812,2
-0.3185105642031415,-0.29435562395984693,11.553292790206111,10.59944367756472,-1.6217283991094267,-3.4610279661347363,-8.540292386031076,0.5886645897096512,12.083765525012625,-1.0080344267600705,2
2.733355033698496,-7.695758639095002,-3.1334634374142727,2.378402855994413,1.2183392592517905,4.7439313350286065,-2.3854550449395737,-12.55028653335914,7.532993651514031,-5.592806794368791,3
12.024158673719812,11.466852936456625,-7.417708471000727,5.528371335362172,-9.500919261948546,-3.4735616176795814,-5.925646018702033,4.785345100878876,-8.245198814381702,2.8081954972572736,1
1.0307366498039758,-1.1517192510651149,10.306379745856805,11.259426696800878,0.7367466924724838,-1.1882383090384692,-8.596222314917583,0.9041957838923594,12.870943234082688,-0.5016925997116015,2
-1.0381581070413235,0.6456296045090557,0.5711580368167886,0.5634519323954991,-1.6299094594989507,-0.6380915466050493,-0.14928525472364426,-1.821920549320722,-0.8718277665578907,1.3564337101657322,0
3.2072530339690504,-7.546734368671423,-2.4863484539671146,3.580946739216734,-0.3928546778616353,4.504783189615662,-1.8732451559727874,-10.700947001800218,8.159045524275681,-4.840100453792841,3
6.960885009195552,-9.38231851975728,-2.797677669513156,2.561148595177806,0.5313602911309163,6.372833793634846,-3.178301133337213,-11.331337223937101,6.841577039555577,-4.953682925565168,3
6.510303041665846,-7.823271876705149,-1.9393418489452752,2.6850028042606846,2.4981554775992456,4.205370130006678,-2.8553670619051483,-11.838130128996845,9.026160567180048,-4.796994574309981,3
13.56450510103118,8.884860691746365,-7.081708094981677,3.786530225701208,-10.143449801738992,-4.462403077521174,-5.876298970383887,9.350227078959835,-9.248129527730212,2.0289919029515273,1
3.577522220906824,-7.9821748375452035,-3.067416594231467,2.1289742336743513,1.2637434268815049,4.803592165737637,-4.780292730859917,-9.672999267211694,6.884543044730445,-5.983249631859514,3
0.13636530807313918,0.005800119116093905,2.6371981991325426,1.4895774588475794,-1.5809355206372318,-0.9001347629725085,-0.777857258208614,-1.2342754841278012,-1.3683629807891347,-0.17836642469478214,0
-0.4722933543002033,0.057657515584768504,9.516784534511174,9.39652195673614,-0.7647834051455706,-3.5663513959480877,-7.973244846265621,0.5744387585304704,11.119929932641966,-1.2631331626431952,2
-1.0427806538333146,-0.6057510370112883,1.0048722690599978,1.9469123360789875,-1.5443981788774233,-1.0411071232672129,0.21355944438023328,-1.5803056396160509,0.23943202139122532,0.540102787129729,0
-0.31073977327645225,-0.8088629744642147,0.08410468978281645,-0.6005458654598331,-1.1660658759377955,0.5934288888485373,0.6272912012854633,1.1116985356441071,-1.0243973746041786,-0.4809273067109868,0
10.045788456801295,10.403410076011054,-4.685015817488745,4.6009768442437755,-10.258095553668225,-3.995242599861044,-6.435973444011669,6.082637139187519,-7.667374513525087,1.9563536832739066,1
-0.44015881999967005,-0.7977859488599979,10.09143490170915,11.201661299217076,0.23107369812321032,-3.1740654689813583,-9.062144283281647,-0.635511548928426,10.470889450014486,-0.8242512329297484,2
10.16393156805125,10.245785316720392,-5.9277477171136095,4.118814031867267,-11.770066237164617,-4.149561895368121,-6.176297416623952,6.028688627725767,-8.954847651569274,2.614581560181793,1
-0.38556911793518506,-0.7746828260962214,7.94378513576929,11.89892780297124,-2.573113729448306,-2.9139859511771458,-9.378561556037445,-1.0242324974687507,10.591570523264163,0.6370642641788105,2
9.49898566694867,12.37017133556115,-5.052924501623247,6.628666734148758,-9.483323434131337,-3.6275949753725203,-4.907546110685741,5.750024005979658,-7.832449794422415,1.4014163185802655,1
11.793931280777137,11.160718491442688,-6.745730710149728,3.946270062541999,-10.664923978310128,-2.453914115077016,-6.3356327811721105,7.1042401133208015,-8.661582870183034,0.6752468230388688,1
-1.2136335472204804,-0.911273229805368,9.138000345018085,10.551657531585029,-0.7004653799767697,-1.5447081063489458,-8.4736825024076,-0.9532457862673184,11.907432905892774,0.18367902601568276,2
0.04235346623348576,-2.4379246391608134,11.786987638084168,10.150617737979484,-0.8697058436215661,-2.731120947519915,-7.903174545787069,-1.4842337866809037,13.022117366452347,-1.0767103613772948,2
-0.3342287786319356,0.712759778953743,0.5126066028613423,-0.6963096443896655,-0.5073348564789819,-2.3019754255476816,0.7499914982618201,0.23977382006463066,1.3985123554517127,-0.3994000361605468,0
0.37688470329893287,-1.041813368004598,-0.8334854242471311,-0.3600572225743383,-0.2393583100627496,-0.04218891616957776,0.04887321519441653,1.2348505377345378,-0.3962110120214403,-0.5435668402465832,0
0.3626100606151799,-0.5311209383289219,-1.1842372720558751,-0.09625046626401842,0.7453722920017978,-0.24292344617648085,0.4134353887180931,-1.8688173128715362,0.01840462341945858,-0.40344659071432515,0
-1.1369794537503213,0.25159246876863,-0.5566942751699251,-0.8386700358846094,1.0391097675164518,0.5300931190876267,-1.704702627153812,0.9817246742096355,0.5060347224620386,0.5282632580303724,0
5.252863725086652,-8.59358205759069,-2.7292207413955016,2.986283869447823,0.5085268730189797,7.789827567380547,-1.6815786919807543,-10.495637919787512,6.601662218319126,-5.1708671259626175,3
3.3542320571568633,-7.450324475288958,-3.832960058413029,2.7808065970956632,1.359683306682421,3.9390531820622785,-4.680164570457462,-11.817801854034506,8.327032288655959,-3.918387661535781,3
10.34116601978137,10.084468975016463,-4.332433378843604,6.749831438105433,-8.992432774896903,-1.8407451380380824,-5.155192747127589,5.367008714554263,-7.84402666656061,2.3602232750637064,1
-1.3001260432076007,-0.7657232733027048,-1.0220977875066108,0.40235682632124237,0.9636118108628806,0.9645989185912373,-0.8528193960722639,0.38865852236868087,-0.8998826170456962,-0.21054849973803336,0
-0.885109310911321,-2.465592883459428,11.340906900120382,10.353435126149389,-2.3014493349197642,-2.53862575730745,-6.9086768241921925,0.08680661824430988,11.077974053430768,-0.2710354414303894,2
11.484127192127573,10.344072045524692,-6.02705304759188,3.0197495987847653,-10.830020733611946,-1.7542152423717483,-3.571757334656234,6.6979668353233235,-8.430657696542657,3.1118041908022636,1
-0.09302707779307455,0.2339601529848788,0.684903856499566,-1.0820842583275359,-0.7730492250120511,0.7261611599035471,0.03696752054910817,0.12175861030942946,0.033285827857349376,0.9782939689619577,0
0.3461154531549492,1.191246297390677,-0.03912463355335285,-0.11388919276702249,-0.30492951907956495,-0.5030693995550923,2.684656339055985,0.8071695157932223,-1.0661885459367826,2.639308869162179,0
4.799754316520359,-6.115952729848597,-1.5826634845204173,4.030091904269732,0.7300042610280459,5.861140655389862,-2.308102774993848,-10.834181607894905,6.231758432267146,-5.162192673599444,3
10.957002888180375,8.800955066469133,-6.625670098382911,5.58614268231151,-11.936676598744343,-3.0172851635027254,-6.441455616685355,5.614741021738355,-7.302704258897237,2.180808635674381,1
9.769514316359093,8.885984105056702,-6.735329957681215,3.489952798498062,-13.054806483707326,-2.8913042145754675,-5.652159951981986,6.321051272829236,-6.97859901426662,0.6382700929752638,1
2.038328984630831,-0.5333009996658639,0.5766901467841238,1.3352863306993883,-1.592945048209974,0.7573697585337529,1.0237662325977808,0.6386202199367669,0.08662269220512162,-1.0004127818061264,0
12.557976745019939,10.432258269287228,-6.599224768799313,5.974743089324794,-9.416327055903706,-3.8019764299210994,-4.662605048573599,5.948427173335423,-6.7471568797869965,2.2381546454658747,1
0.22533188874780258,1.670991715288611,0.4236835996271551,0.783964247889247,-0.4146157497769728,0.9440061426614912,-0.4623525237933219,0.41144832758859035,-1.3713668681823825,0.1662341319881217,0
4.902391649129404,-6.675643805090995,-3.2265694771334035,3.50309324529586,-0.16786176159702249,5.5344068167351885,-2.0023382502372646,-9.161168634171588,6.347439758252959,-4.043162667292419,3
12.975791946257864,10.430462021911547,-5.561379177134469,4.707189434407906,-7.629811325572552,-2.9557043187510166,-6.236717220639401,5.834367718317299,-7.7432459507686495,2.575415165760349,1
0.7509496893310936,-1.414456410646792,8.591011332884127,9.976750287463538,-0.32617243869397883,-2.497902265496912,-10.114450958968815,-1.2969379247699238,10.91045494898252,-1.5904282515227461,2
-1.2353630266724525,-0.5392140158062453,0.31455217053676987,0.13864589471180266,-0.012643812341779493,0.1260005190440673,-0.37050009750765445,-1.6037520556663305,-0.39683822074464503,0.4687497843152855,0
-0.34275849308682865,0.9014341651353672,-0.9397971111931315,0.24667789653275737,-0.12310986353093074,-0.6207181230425978,-1.8530403297532667,1.3628546991207866,0.5171905303833785,2.66528782770926,0
0.330198674165594,-0.005367472393481668,-0.7202677184105369,-1.5270989149828693,0.9591329303254789,0.5703421268063606,-1.720610992496342,-0.7467873495368568,0.1790654292733845,0.44257235356056795,0
11.077066067143585,8.187521664424768,-6.07266884834657,4.645056160666723,-12.086889859163477,-3.9892064033791668,-6.492381510624759,5.3673951801861755,-7.418034747674369,3.4876119393997405,1
0.4064625435450901,-0.9426236072444577,12.159311198577011,8.853357983127536,-2.347157502811662,-1.5934044794033633,-8.14314752270436,0.9132948728412469,11.1470435221123,-1.616534300854251,2
-1.5622677667266227,0.5573941243044835,9.819109940755531,9.205247082085151,-0.9886667929039389,-1.8356111174408212,-9.859312801302973,-0.39022732677844335,13.023805526586854,-1.9402242172696522,2
8.995591971663991,9.616975010647261,-4.089112588321624,5.233307058497745,-11.046634227880926,-3.161930071771015,-5.228240702702222,5.904929610515781,-7.2757453196485296,2.037126204018054,1
10.959004675375493,9.660404283900954,-5.305031056024246,5.621830647591187,-10.802447416492948,-2.7671261133850584,-6.324108438160782,6.502915166240804,-6.775796437092194,2.6772442539806467,1
5.578020920853204,-5.749181291524849,-2.2083889553185587,3.7674700245938033,0.6476066358988783,4.1451691634693155,-2.9077578657160514,-9.506137292032193,7.0743263538563586,-7.277140968346184,3
-0.03822420115706395,-1.0623789670794828,1.1133323363471697,0.4258244691791599,-0.459603688838314,0.1888406078260851,-1.10508976235815,-1.0036927631192636,-0.6338546382772227,-0.19192807040910095,0
3.983197126211317,-8.380595681763113,-2.407955713142137,1.8244061829389215,1.2856148915405297,5.6739930108215075,-2.7657195240211983,-9.747467133873984,6.813774022482949,-4.626339873045309,3
-0.5704240778098466,0.7421225483147187,10.834685333355317,9.414307938507244,-1.5939088218701227,-3.385115395454006,-8.073513226984183,-0.09244540149287739,10.74318251167998,0.7994092686097138,2
-0.3628982294241439,0.49888019417969204,-1.4913202113412167,1.6501702598320112,0.5748584956824029,-0.5358801042907151,0.8134071178865006,1.2223490670731079,-0.3303380496024384,-0.21658478976506132,0
11.104394529658512,9.535743120993667,-6.0881021804709645,4.954053727426804,-10.52225302902347,-1.7449675108281957,-5.254541145403228,6.523678683663956,-7.786037574029318,1.6342768688314298,1
9.487003559762119,9.93325808636089,-5.513610883554068,5.80660398966002,-11.608674366631424,-3.8362500674287334,-4.040684748651827,5.046946282482814,-5.693088899711464,1.6522042960141565,1
4.050098932618733,-8.468023036668738,-1.7654069001990607,3.449457818217305,-1.6471063584660073,5.945882312596784,-3.961757040790252,-10.105127588055955,6.324976126543888,-5.668700704110607,3
0.6611590205248297,-0.08286573584679105,-0.4751478672394793,1.1735108583593548,0.7643960132770304,-0.8745237926910643,-0.9042693980630271,-0.5454881544395153,-0.6737618656193748,1.0298409125464678,0
-0.13693498860940434,0.39148837313050083,-0.5867830295094854,0.9943360798779287,-2.556317867471334,0.14144051292335458,1.3488803471212785,1.4976985160414629,-0.23182616924247532,-1.3261981556428841,0
-0.6495556998528855,0.5287625271833402,0.008576002002431258,0.33087932142350857,0.03905630269221133,0.7461709845642717,-1.0215171358638782,-0.9133232441222866,1.4645135502668567,2.1003632799853182,0
-0.6328352960018593,-0.6846574038268489,9.5512729579457,12.404887719333786,-0.7198140462835261,-0.7162450338859845,-10.286334302598245,-1.2400414842742808,11.60875077662208,0.1643547446617325,2
3.375513599757763,-7.617744521193864,-2.175299766677129,2.420710592708231,0.18861717984588744,4.7141291876071705,-2.7140985182657893,-8.92922380761583,8.555262740726103,-6.351339467177838,3
1.6248390446548415,1.3029464890669604,2.514438636617342,0.8240984566626314,1.10835508351264,0.8047705218937661,0.6409053137937868,0.39439652418284166,-0.39685704491532053,-1.2467782478378646,0
11.740316204317066,9.677991263239534,-5.7810357672534245,4.494713089742315,-9.551997310264047,-5.249986333690912,-7.698234150372576,7.4429011811891606,-7.940832252785175,3.4933352577325136,1
11.025316721661138,10.14120501727199,-6.406049713744096,4.021522748476096,-11.081525571975575,-1.3435732551712465,-6.405638187970031,6.016899657603527,-7.273293886904913,1.6959165600156103,1
4.95083350270017,-9.184024724260995,-3.0957720225641947,2.9415884558902277,0.6240397459311261,4.911945633145805,-4.697830303430462,-9.274037484464479,7.950872795993864,-4.381811468597071,3
4.5714785757675305,-8.691821702877913,-2.132233392086942,2.357715821155304,0.6038125165400918,4.126536075023297,-2.9653904649547806,-9.79902303898838,7.641397017926813,-5.059110126884883,3
0.6353813812188407,-0.3605427920675063,-1.2052992147801944,-0.9902629702618188,-0.6842000995617376,-0.4440436754637384,-1.1985260738412136,0.2945159895680461,-1.2247219839556684,-2.3651224531382886,0
11.279907338741681,11.145641891591598,-4.3218333167947005,3.8736919674786137,-10.683633626467126,-2.0264512097486493,-7.10307213258909,6.192627286150071,-7.198118757013018,1.9538503613371065,1
-0.30160213364304606,0.08114251895541082,-1.3385296707761687,0.8632189790174234,-2.015183664357737,-0.6553775160676849,0.4184638591137938,-1.1226314450393453,0.6141292794504429,-0.8691939785516023,0
0.6809406841777833,-0.9711859372966346,8.650537977247273,11.737253507382093,-0.142208291810189,-2.087083388230304,-6.854433419160955,0.9976160457291531,10.729175584129658,0.40022002334863327,2
4.625795263267104,-8.131695436007476,-2.069739132198183,2.7413682459200714,-0.7852667718635071,5.102219189536386,-3.2542703285890293,-10.541797989458328,7.168025001718907,-5.740376198726808,3
10.125449944694303,8.796611700148478,-7.042314632740438,5.470236454678646,-10.563700202792772,-1.9080500223014836,-4.395912497257874,7.326458662380776,-7.110281712687806,2.8636305326880542,1
0.29385109568525414,0.21694096899023485,8.912690268026871,12.248095148937864,-2.356367203982777,-1.702557315092741,-10.287593807979754,0.6985832088413492,10.235984880598604,-3.5048863787156224,2
0.8179036445979173,-1.5133640650417612,-1.3557059602369106,-1.1912146166826818,-0.7159499673934974,0.9420759410995008,1.5039565336216543,-0.6125935489400272,-0.04656310130606564,0.4899173090725113,0
10.275207906551639,10.343054594413674,-5.860381121485063,4.961545277515062,-11.224360050708404,-2.353390481242049,-5.306310380060416,4.906318154868032,-7.7487490132808405,3.189998569614808,1
3.6355669140142397,-10.662599250226185,-3.6332829837151177,1.9986916938218398,0.7784726945678082,5.191194249140862,-2.3744927575301635,-11.53331120298488,5.91269896348081,-6.261703507869259,3
1.4582044883874032,-1.1634616318999917,0.22308756038049984,1.0561841396260951,1.1044949854426331,-0.6016524021814399,-0.20618480062576267,-0.40019350101437273,-1.535018762665875,0.5375173830201151,0
-0.7776957153578432,-0.01971263562266956,9.452185455093234,11.909030074406564,-1.107275691905196,-2.355012842693169,-8.517182560372873,1.3847119175329985,14.08803790986785,-0.7453974113993392,2
0.49422608229733295,0.02952824100777652,-0.8863194903703285,0.6894336200219225,0.3145789837867244,-0.6593798316399324,0.43319033785633854,-0.5143100941300021,-1.10449536010853,-1.2056672543521232,0
-0.9813180117917695,-2.2790473638239535,8.986125976669792,9.848403796793072,-0.36968811753718867,-1.1664255607144876,-8.146492362854149,-0.06030979748172308,11.659261741932552,-0.9561364928479901,2
-0.06342047123215769,0.7201124875432046,9.70469327641976,11.273663538096685,-0.6995346178504723,-1.807852625346464,-10.711257526705134,-1.008753900336301,13.229774730139118,-2.061231078949379,2
11.227290890928078,9.141202048569877,-6.549763335215456,4.9758525972185,-11.371896211491325,-3.861455257016784,-7.259821948633108,6.896013440270062,-7.4030571405824945,2.2514259092949973,1
13.965687867255127,10.84820821191056,-4.654118067334467,5.305019566790285,-10.112536591186709,-1.4949974442815,-7.946607382110861,5.793465762146582,-9.104799421078996,0.691812226236322,1
1.5554143453885827,-0.17182877244573935,0.24070156169627935,-0.35329513508022375,1.1026967262900866,0.860705172594434,-0.21547918302051558,1.7179930556752252,0.18531814223287382,-1.4601250751388217,0
5.572929891131792,-8.939546853328176,-1.348279877392944,2.5829701739078246,0.06201416825900097,6.493448628821556,-3.252138426938158,-8.828924200580932,6.903029784493961,-4.809473031804856,3
0.511010278770317,-0.08030060220394074,0.8653851340737699,1.3343318268520439,-0.16855634638378766,1.7573096398147392,1.1883472676215194,0.017684339431070815,0.6707432750579384,0.3054968869801836,0
-3.1954998329677573,-1.8919054899014507,9.856768273988584,10.25192259661986,-0.40975273216499425,-2.8795193486610855,-9.801243690033656,-2.13925831337591,12.191249030032788,-1.660247485996059,2
-0.06236933943665402,-0.17766325602506206,1.4420057976535152,0.0674058868378028,1.2637668460554767,-0.9964159831663135,0.5891778342013787,-0.7347030366600157,-0.5561519282933344,-0.4119058399275515,0
0.7446132764564336,-1.790405109429253,9.852190555273063,9.472281674645389,-1.611048558879065,-1.662254261883314,-7.74724443354503,0.397949382799258,12.025656117402882,1.7766581685199674,2
0.9719848260694375,-2.4310469548482176,9.736304949063342,10.21504036717608,-0.57437106784177,-3.2049050579628315,-8.662762380383295,-0.9103201393616769,11.422239535062454,0.5726410068935743,2
4.38626546616397,-8.609744659483473,-0.2748749377739852,3.091227246649716,-0.1314347341816685,4.867090185332754,-5.296566332721113,-12.403709471616839,8.195255384451231,-5.3432072147617955,3
3.922432493025924,-8.623686670017374,-2.1946627514424786,1.5287212707768283,0.11763270816151827,4.455812990843941,-2.722486416379766,-10.38328669063635,6.849365521325412,-5.533639254647031,3
12.17710397350556,8.543632417981847,-5.7326901099365415,4.280988518170974,-10.090645447635374,-2.7473861728530333,-2.5976873384080115,6.84493840297059,-7.878489124897271,4.4191074698683215,1
9.858318416397534,8.800727966879496,-6.94325186519759,5.142656621634474,-9.256846484003066,-2.529900699918911,-3.5718828412698445,6.569625258108686,-7.83845040990824,1.7919293705036186,1
-0.4925317401876491,0.11930374908519226,11.416944427839415,10.875972119368846,-0.7173184883169064,-2.6952048534677986,-9.447916670787826,1.0466213397364896,13.5692062187452,-1.1873893517829215,2
10.217360460132136,9.429593752364518,-6.157766232771375,4.1317907982751425,-10.544893333753073,-2.050849176792674,-4.180040277373487,6.131251259321175,-7.738519957721752,3.0393572409145424,1
0.2731493170042062,-1.3472094800685257,-0.5601235450930988,-0.2499030608777983,1.1436757394048258,1.0184534592639736,-0.6429923901189591,-0.21268317022092195,-1.5953849001757456,-2.03909551324372,0
10.484734024737728,8.566623278879046,-4.615413022468283,4.892984056695014,-12.398552683209518,-2.3700132370357183,-6.577579536139926,6.477971976677373,-7.350583435231644,1.825619023755101,1
3.7946870893428692,-6.505229359664032,-2.236415983920698,3.3594595139661525,1.987676297518201,4.100354314169234,-5.042520013214848,-10.522672072313735,5.308862559720145,-6.028001325224717,3
5.4912342120569875,-7.6012063825737455,-2.3727844173903616,1.5309371317134137,0.2890434335666014,4.435588719003683,-4.504529774725419,-11.074741371433845,5.268093106964401,-4.732952614696723,3
12.323546064567442,10.821140170667887,-2.654071234826272,5.315011996878873,-11.249059162792138,-1.8578617771539117,-3.9594820606364713,6.890574069817038,-9.86859617393944,3.1314616165377744,1
-0.19279580132482024,-0.5371296113038324,9.942316866133854,10.842773663699068,-1.1586802660279927,-3.1117426749048187,-6.719170812134722,-0.12220522502793082,14.918217727767829,-0.3474967911206214,2
-1.6145994079701096,0.0851870081112326,0.2288179109794605,-0.9961463041060498,0.7443577882062753,0.6547967986509832,0.048912582392975794,0.011722857942041049,0.9460377466642484,0.3675303687810317,0
1.6307349546363734,0.26183898640638015,0.7969054413769378,1.396341493160928,-1.161811076361437,-1.7295023996326477,-0.0575539204059049,-1.7534913574193798,-0.3139950963079523,0.31437353419913744,0
5.309995414537271,-8.168471960333575,-0.8248785651083883,1.9144106998403296,-0.8803862800211628,6.377004713654907,-5.023971015009147,-10.182810035128158,8.134362367672349,-5.400604829735798,3
1.6814878054327653,-1.588631225190381,10.18866308927745,10.577518972590495,-2.1105381264280236,-2.363057610023978,-10.619932591545474,-0.19287553275641067,10.681800657691317,-0.6024972556853759,2
5.408154765784284,-6.820519040652816,-1.7147571437170628,3.691762047597716,-0.08224496131311076,5.685032978519054,-1.4692035725124981,-11.052923451673093,5.514558870834673,-5.4763332632148245,3
0.8962911977189078,1.5472862308670905,10.582508417617058,12.684931016117124,-0.17424419119448087,-1.8126405016006106,-8.666594745904957,-0.20293168326466707,11.51171080042729,-1.2975728556344022,2
-0.8627910357403081,0.5592636894286356,-0.14523934072779623,0.9713931021430959,0.40887900063186366,-0.5526279100762321,0.5750963631286746,1.197190957958936,0.44697955612125384,0.6655849430667965,0
5.809038523158706,-9.237598441454699,-1.793417335715112,4.558233737325062,0.5882122411824814,3.0290777373705193,-3.049018678787577,-10.716839416045026,7.576800123591763,-6.083306763409539,3
0.1457775091673821,-0.6485278132383967,-0.65029699278869,0.1520493310229803,0.04239498673879082,0.45497616911902095,0.9174898957848946,2.727359702409499,-1.4620335167676004,0.6868621272864411,0
0.1206040073075034,-0.09365776143285096,1.9592103601118034,-0.45776378543130586,-0.9125785262522282,-0.006201691433075678,-0.07669819742867275,0.19684352016862983,-0.45744660220133165,0.11037347993287665,0
1.3914233535362432,0.03450356523165767,-0.9038804126235955,-0.31802583041456883,0.3683854913346769,-1.5611849568842104,0.017930352584117588,-0.41687721705798936,1.3360264813659888,-1.874890597287729,0
4.024519839139403,-7.584195486433862,-2.873177901538034,2.9064588514262226,0.27014304045478327,5.125149488806186,-1.8893833526436006,-8.956773549364913,6.245372656609282,-5.845901066622963,3
11.470788597344454,10.116484313395832,-5.973880107968837,4.081727433476702,-10.385446155383796,-2.8235408340392953,-5.2488653391414895,6.151903720533679,-8.936324901907444,2.4070923824737207,1
2.593012579688067,-9.311421615792035,-3.205661406021128,3.1659283295923357,3.5270696223425233,5.534385083769898,-3.881908489544448,-11.71321318901309,5.394119221170871,-4.7137504640826595,3
-1.966918844962409,-1.1173021234570164,8.577291119545789,9.494944685393794,-2.725246049192547,-2.9432305357203723,-10.2344512677505,0.99998665390837,10.877889290601292,-2.718237571013705,2
0.12960703897121137,0.9059896893600049,0.09300638370915183,0.10247503063158882,0.516346379708517,0.8676550631815173,-0.9836757876265789,-1.2523205598668214,1.6954796293838112,0.7040754379281581,0
11.583267594269172,10.000479449216835,-5.281770423001807,5.083432426933238,-10.478261232380603,-3.9530020009824582,-4.20819931637435,8.110302353944936,-8.103712264724074,3.032509263889076,1
-1.5690420113095427,0.510210148246411,1.3030882730279463,-0.9043781801527275,-0.45684229668348014,1.453770954958518,0.03491246882623035,-0.1428782227912899,-1.336058029878479,1.0705663084808672,0
-0.07938863977790714,0.5091387931318747,0.5015610923592241,-1.197987606077978,-0.760875876171995,0.37534736354002013,-2.0673148867236435,-0.21129761703842476,-0.8652838723927825,1.1105061419766535,0
10.868145509909645,7.26668033554407,-5.924425837109841,6.26781996115341,-10.733058062844455,-1.2554036834869824,-6.377743673485788,5.254706099707664,-7.749407756553061,1.7535230447994294,1
0.6240021169023233,-1.3011716022420314,9.327741397031168,11.657339636862119,-0.6529129118508774,-2.831784453075293,-8.826702889982492,-1.7002568108833933,11.82760620726351,-0.1166378618786621,2
5.503304674406436,-8.900599255111057,-2.7139941242911467,1.7422252791759458,0.4773410001677474,3.9229709323146116,-3.591652209935003,-11.126410181309323,7.358178740595555,-4.567488265010057,3
-0.7194160407800809,1.4683241333559591,-0.037500823074493095,1.5013901071595404,0.5717670545711673,-0.7772364344717115,-0.06204618858181776,-1.6734523411177162,0.19042535506528505,-0.6857684078453173,0
-0.7929763467106745,1.912554689431941,-0.27402623074477794,0.2494343042140543,0.6483649563956297,-1.786886035147921,-0.018526961698505685,-1.6457162846736633,-0.13077744876740208,1.3731239018364885,0
-0.5719802401545564,0.3073506368480001,8.766780334863448,10.44445305603813,0.9145270722210909,-0.7995160683711258,-9.884457734534266,-0.8179168936835407,12.233894233088439,-0.12247830447715713,2
4.134059940669786,-7.341076535651294,-2.2455251242965955,3.684352768053688,-0.011690135431258741,3.5869306064872295,-3.1137767114732835,-9.797138184360904,6.807730960114409,-5.03827933788751,3
10.931376829911327,9.711544822208436,-6.421083123861071,3.9148031979184874,-10.4098276309606,-2.6029561624322812,-5.8385006802127535,7.872655031630975,-7.328814468416426,3.3185595603540206,1
-1.3430542121525804,-1.3868364745146082,10.604218020316107,11.305091325958044,-1.2294149586773304,-1.6177271607173611,-8.77485971187439,-0.07819764719128253,12.183698740521335,-1.6976164659632238,2
5.204255485856553,-8.656729852579886,-2.4070122843699737,1.6475498364280896,0.5775036811037624,5.12325631387827,-3.0817176841412457,-10.162150387381923,6.398997521446833,-5.3321720985392,3
-0.1437976643151103,-0.5878178855646732,10.504524319021348,12.042016933979518,-1.285612531050744,-2.424255616195722,-8.21032236611899,-1.8204668099985881,13.210131478831293,0.9657213817814763,2
3.252157352112296,-8.988859784001724,-1.5873671850904236,3.0057934431875113,0.9954248447002176,3.6922940466676386,-3.430316252854486,-10.16286395218941,8.31840544834407,-5.635677979051562,3
11.620644186008173,9.770657426808913,-6.497907240048232,3.5497035860916206,-11.257165473026685,-3.5894016499097248,-3.9438091236386894,5.646018139128019,-7.684169063014214,3.544542820882426,1
11.924420879923778,8.725500528113901,-5.059113111435426,4.418624788677317,-9.262916036699586,-4.217788868014373,-5.114719929208621,6.184444174244039,-8.448948416853803,3.3474459917475707,1
2.1337423575368897,-0.8123661455172745,9.545611679083569,10.57015500176963,-1.0355836711884774,-2.707217097929637,-8.721317531575858,0.16780130021531545,11.63723819886956,-1.066701131463275,2
0.19751600777531228,-1.154231632789458,10.473934456078975,8.216917097783199,-1.8740232349034023,-3.2508329769905426,-8.08930299216956,1.274453394128952,13.584785178041342,-0.20285935030273072,2
-2.214173733173655,-0.4069169840002802,0.4523232329649811,-2.1833489184297776,1.3362653604222314,0.3798920368034835,1.0832128219319013,-0.5639478631114292,-0.44332077027619093,-0.16093635479906948,0
-0.950135752883507,-0.19868511294896252,0.18306022037287076,-1.2691000547030795,-1.0636458767299442,-0.6944828758622179,-0.9549886478866404,0.0367582265494299,0.36122159640088064,0.22387381026659298,0
0.037624073309440786,-1.5321769143977244,9.719455680208434,11.37630340361426,-0.141359793781211,-1.6820630873434184,-8.43331997967236,0.17447419273272066,10.49294941667792,0.29158540941030964,2
1.086889494779359,-9.448396464467303,-0.6554783759881144,3.8176942832616056,1.6848189284873656,4.008509562189271,-2.1645297213818764,-11.316872802241395,6.82408923887543,-4.922203301937036,3
4.07005331016144,-8.322744388620123,-3.0497564660564747,2.6084083331304915,0.1935191436843121,4.768626334332599,-3.9336179644550784,-11.68112518383022,5.226938465575025,-5.537666965581905,3
-0.18012613109782097,0.5324113160430312,1.9293307866889464,-0.6052415099251824,-1.1973977123540451,-0.8093274256820062,-0.2328180822209189,0.06423083370332693,0.11452879578658232,1.8026609511754337,0
2.983008500315683,-7.177747654620739,-2.507710373756748,2.241956236728859,-0.9844488349791187,3.673724541383757,-3.724548928650121,-11.837790164542671,7.365287901130163,-5.995918891375053,3
11.370650850441713,9.548021947182058,-6.318674502169822,1.7549275070756192,-9.84883744918279,-3.7361845293542606,-6.983753716939598,6.663451447320497,-6.714762240772696,0.8792933244421057,1
0.33634033535502905,-1.5100176888547598,9.516909033472384,11.740831682501524,-1.0257231966702678,0.05909774782227961,-8.305975532963544,-0.7913322067452923,10.885390551054442,-2.0131718548044644,2
1.1416288643294894,-0.44215497023652023,-0.017964288457156176,-0.20462128792634549,-0.38712042634755656,-0.14772204508307624,-1.6306817809243175,-0.3308801343832965,1.337806455426785,-0.9636900568518333,0
-0.5014387860530639,-1.162755130121661,10.294909556588987,10.321813830803173,0.17555741470296138,-1.9707518253523144,-8.595725375754819,-0.6177273768705159,12.17989928549347,1.1639775687361245,2
-2.8559892428611966,-0.43292832039842405,-0.4563623801332636,1.491168314225383,0.39293346092141807,0.49425542288060725,0.4423283109989927,0.04544273233222131,1.5323653308491296,-2.305279547965073,0
-0.39967742822270713,-0.8124296911041526,-0.1750325382934764,0.7972091195972723,-0.489845285454491,0.3145775474126117,0.7393460382270881,-0.6072550507937872,-0.5927535287191026,1.3693289022002106,0
-0.20819576756495706,0.46296236070578256,0.5206464247290674,-0.16765898262910403,-1.0141739438272706,1.0477603642413795,0.6280526630828362,0.11458369061607426,0.5963674824173593,0.7689414500911304,0
3.642206884614841,-8.859119505218741,-1.9415070084735704,4.095432239303917,1.9323551128115575,5.601951275518348,-5.207117793990188,-12.095111734904409,7.466721613913645,-7.20388273589019,3
6.470180315239164,-8.199248364870387,-3.119474959427957,2.3913358129948143,0.07324929703566041,3.7989801633900564,-3.8007099547785526,-10.689151285965803,7.332704366558763,-6.139384788798294,3
-0.6418628560530267,-1.7644057207650516,-1.0713854638531022,-0.8587665088729738,-0.22882730585664127,0.04429966139527734,0.8237012973771113,-1.227256008664707,0.6782868707071752,-0.37092351114980154,0
11.448000741122348,9.557297591729583,-5.097998888557316,5.203083433424729,-11.925634657773639,-3.64405382363952,-5.738493403298764,6.372741551431572,-8.616085888476295,3.880075783049379,1
3.0482425984844133,-8.97527535189587,-1.8659558343522167,3.415939869219195,0.15153221985449655,6.180373844203269,-3.2873001003082694,-10.819063815755914,7.905642836479826,-6.42430242212807,3
0.5438297064032385,0.5326488764818643,0.6286108990845968,-1.3894535097427898,2.0492681080367143,-0.8774885721949597,-0.03840433566908717,1.5314828975216277,1.9346252967373612,0.8059540797314746,0
1.5361675589115382,-1.3756262529417074,9.549857958667124,10.011954785288353,-0.0867726645547916,-1.0799420069647543,-8.146826076884334,0.24423539645862286,12.088266563372189,-1.002780854447325,2
1.1567098527264343,-0.6557429547644712,0.2654193318466565,0.04113531721212799,-0.23935262226965515,-0.1437752111690407,0.1959872420566366,-0.6019816024672664,0.8830367785308805,1.2693082882918496,0
3.7904769557285993,-7.605524942808537,-2.0788234347844874,3.6426392392172815,2.27577328459497,5.165522391474672,-1.6836555355346539,-9.07235168728735,7.5159828025622195,-7.308126313110549,3
-0.14275925481759363,-0.9701812297964804,0.3644543457877177,-0.21974821236115494,1.2470734662138936,0.8680652424114664,1.9061307363739857,-0.48331793051399247,1.3965544897475155,-1.1658547680154212,0
0.8675443550614074,-2.382280394942515,10.296179382262554,10.335058716186863,0.5299055824203066,-1.2960278190201415,-10.281206031424839,-0.5860767299743953,11.705906461446391,-1.3331381568214873,2
2.6453324790906385,-0.9904555859867523,11.444928559520536,11.412029443832925,0.08060470410116971,-1.651065934819066,-8.090135352984682,-1.3996381870314163,11.69097761912325,-1.4258936033933416,2
0.07812750349478562,-0.48377275857399915,1.1296545487203085,0.156881147760773,-0.16571942867342454,-0.00865465392050398,-0.02996506648874011,-0.1757656039253121,0.44610636250790753,-0.9358602221223686,0
10.552717596018464,11.033515424147115,-6.144838562243435,6.528677724022992,-8.45200224653706,-0.5703708977206383,-5.624153038126896,6.626033884806008,-7.366349475867697,2.2086135839740675,1
3.9455583701083867,-6.351091026737318,-3.3030975902674435,2.3967200063098013,2.44812868275337,4.895595077944143,-1.8779215963437805,-10.121336079960107,6.217763396317835,-5.81270486362735,3
-0.4782650356575161,0.8774485220756677,-0.2502823331191997,1.186691382603047,0.078873023238061,1.7764511308092663,-1.3874889643917714,1.6171268412679776,-0.41112715622938945,1.4739497012264093,0
12.6866417351839,9.783172434385868,-6.1808994136422735,3.712316252473692,-11.092020161336242,-3.698078146648186,-6.093491598597258,6.692152371567825,-6.830280219519064,3.462454920323685,1
11.176384468125269,6.869951809154937,-5.720899148785034,4.915571969597012,-9.543438905292852,-2.3842431903507704,-4.588051355303253,6.962707854487038,-6.707780848324348,5.1975264765273845,1
0.40263463153351325,-0.4749975972181825,-2.082053001762128,0.672173958918819,-1.9324977250436923,-1.3659797069500954,-0.4024771947016792,-1.2140785996690397,0.31752842780349144,-0.2961881996172628,0
0.0762582850859077,-3.2835383497409643,10.21180315360687,10.589951485414943,-2.2756144183279488,-1.6273359329691977,-7.804626043010637,0.31500827103790396,12.057109669587101,-0.3709181054311105,2
10.248299358641507,10.398350407309378,-4.9592399193667935,6.454648376803267,-11.3190765079214,-4.6876346412159595,-5.842771883396045,9.224364195873065,-8.839567902383314,3.063026359746711,1
-1.1018716996897273,-2.0454864535727153,11.091088041379777,9.323825702776546,-0.9887331437264602,-1.749647165747326,-7.628213897696596,-0.5068315355276201,12.478718989351467,-0.8929367852384548,2
0.4764574533215925,-0.03528222051476279,-2.576629766860556,-0.5716703272767002,-0.6002257301105709,0.6782737003897429,0.6960592371780476,-1.67210277092788,0.43847175699656754,-0.07396384540069194,0
-0.8151095256834411,-1.7878934355305556,10.101044411499387,12.710507067949326,-0.6539088532166801,0.06766371442188834,-8.163152527740301,-1.2878523956569818,13.12732994869819,-1.716563439187492,2
0.25299580346798617,-2.155739425853408,9.241601998788541,10.332770057137175,-2.185139548388365,-2.5298364033156107,-10.114298831932278,1.4006452368840743,11.31638382844011,-1.7192360911821647,2
4.245576205454544,-9.728668788046397,-1.9268653438517638,4.624873317392265,0.449151365871814,4.855518259549085,-3.8923181434574796,-10.72432781333849,5.956616060726699,-4.234852875626214,3
4.026384078964584,-7.0543447424538765,-4.0489106184240455,4.455305600281314,-0.07137330572113776,5.0310940867820255,-2.613429098235568,-10.855595295562038,6.488924107986723,-4.1703756202027975,3
9.986512022642183,10.20672801225264,-5.857971748796412,4.590432988200967,-9.278786637731244,-1.5952466826938314,-3.7842681264354487,5.764264955428234,-7.314571537840384,2.595109883092183,1
4.8401869741453645,-8.401914760254785,-1.9206965399786335,2.390730920334727,0.8519843188128686,4.097785144629956,-2.4018312099899117,-9.838371547060525,5.316176161890458,-5.602757925374056,3
-1.1675368063135811,-3.079617324119603,9.754784164143837,10.659945901921855,0.7319207570312848,-3.2811023611556713,-8.364186908234531,-1.6244712840472342,12.989931208462073,-1.4730578673454873,2
3.903528963897209,-9.284662065132173,-4.2955413005597975,2.3185387475293027,0.4822605524893774,5.501964565028438,-4.783138684736149,-9.83174369320509,6.138382953525236,-6.130666330507284,3
3.106152540690345,-8.311078763835482,-3.929393861022514,2.4268903918891085,0.9153336763975093,3.9337004966448683,-5.963811015022456,-10.6276849894038,6.9470975247828735,-5.993871218801469,3
0.48819777689128646,-0.0871761614259313,0.7434729894280655,0.31612581635972364,0.18104150114604156,-0.10244597613406584,1.2958159129500124,0.4051852292950227,-1.3214624729985989,-0.47195076926388085,0
12.978924122383745,9.886124161155255,-7.391182477457946,5.132482306152765,-9.076774390189467,-4.068111277584027,-6.610879334492174,6.674025223038611,-7.831420571382806,3.7872707829015395,1
0.150130683375038,-1.1776731879301394,11.135568145397466,10.636048939831642,-1.6112113934140009,-2.6153078597957746,-5.825219744797833,-0.9001286495431631,12.244368718541377,-0.37021223477908777,2
10.173525817314301,9.882253192230795,-5.871557237703522,2.953170768548837,-11.517375669978172,-2.2091074804588384,-6.918042931159402,6.342256264746542,-9.866747615555765,2.473149044607522,1
-0.40059441072005236,0.15599292478321214,10.154068185490656,11.012831035571596,-1.4581737731466442,-2.807954986630262,-10.24831138237805,0.14683651126236397,10.741226995943585,-1.873784534872136,2
2.13820904755154,1.3181053604970665,0.13234769950874692,0.2544017716507839,0.634903811584933,2.391554820991459,0.3827197930570508,0.04595939611876998,-0.3385983966149878,0.23491524751944107,0
9.777107105428575,10.646774219121532,-5.794945145432238,2.9072894169447143,-10.078973769418955,-2.298930792435905,-5.9238657581050775,6.21783988859753,-8.339570230127176,2.9922280920504587,1
-0.8525422430590254,0.07288153297087471,1.0619247854880811,-0.8555192045763543,1.0101624535271547,-1.210682985806877,-0.9195224661394502,1.4491566033964518,0.04762101996249564,-0.17362194528464336,0
-1.182482084257709,-2.8059754550324074,10.902973360546858,9.499099733663991,-0.18579406778033347,-1.53169458033504,-7.849651516503882,-0.7402110397550736,12.124545549409655,-0.6507286100343348,2
0.6470103643824976,-0.003981149493700086,-0.47585533659342516,-0.06930202937111309,0.6559714649596418,0.6902663991729188,0.5508265821761223,-1.2825775415570444,-0.023022458435410016,-0.6334289641971518,0
10.875773610111269,9.810876529457857,-4.3541877241466365,3.018982594365384,-11.260732620283452,-1.5554513742220155,-4.205219039380756,6.345963008156846,-6.205904377507228,1.8427302581134017,1
3.801531479409782,-8.934385628670485,-2.653797753562183,2.650677574701777,0.6341341758875013,4.503383378689634,-4.286843717197184,-10.49150682224719,7.382338374801795,-6.1254878839334275,3
5.79309325488378,-10.387347802290444,-1.3219722506172613,2.1824679801720417,-0.7912256372782169,6.007230715699631,-4.121475132794184,-7.88439613020285,6.059298758342095,-5.893250703084754,3
0.8269087510934436,-0.07404002296247025,9.727023846073918,11.515696415927664,-0.3602076545405708,-1.3542904923124959,-9.675022008608595,0.6395541318224409,11.567069339801522,-0.7245437100023506,2
4.567583700561427,-8.321601034631573,-2.834703133855032,1.5018953809356455,1.5735565484908816,6.370962689653195,-5.477499146314346,-9.79048409600959,7.594992134071352,-4.3326905498262835,3
-1.4465499431473179,-1.472303604643374,8.997954843119846,11.40473482940442,-0.805489497190253,-1.197710428636216,-9.436354315434246,0.6739740809950281,11.540879302726312,-0.6301815529606715,2
3.2994024185646795,-8.148497884555571,-0.8674337712034956,2.4640378866969366,0.49613307371952187,5.409264059919962,-2.9399340175892483,-9.450161343163238,6.841819217145196,-6.411751823519513,3
5.512400216766981,-8.189941608836492,-2.1062993544910453,2.8091199427923543,1.228769134945542,5.311891137599086,-4.139492349856451,-9.796053646035267,7.232641962713447,-5.988095362888327,3
1.7139258004269935,0.2002618715365074,-0.0495963611820413,1.0976721056802679,-0.9352627952980184,-0.4440169771109373,-1.6800047455298481,-1.2543245590479954,1.9233718797298098,0.6923145736406997,0
-0.8205765555858956,1.318329887939122,-0.8186934242261409,0.8977869116897852,1.316478810590568,-0.09451069607983914,-0.8104977419837787,-0.5886829977116296,0.3618568656488565,1.9646544124099643,0
10.367581516851347,9.690251777068191,-6.609540983804113,4.57932609706823,-10.924761792284258,-3.691832556613833,-4.739500735498784,6.490958790077654,-5.913936389354859,2.9351080534892238,1
0.6661224477868378,-0.1003728366119978,10.665098112736118,11.215739937971632,-1.1706277560557536,-2.6196794827738508,-8.892658581336597,-0.1075785740395089,10.719026473277898,-0.8046619298330845,2
11.02414393411795,9.372857554632187,-5.1467934958118695,4.894609194396128,-11.398035563638073,-2.6520383487089534,-4.170854615211976,7.180982891346271,-6.226325447306843,1.844801483392287,1
-0.5706256682812815,0.20359509693530592,0.46293740469440936,0.13383858180726743,1.7844502096091759,0.3397542054579532,1.1355162909630376,0.18159876909561548,-2.0323888127264653,-1.1924127533564834,0
10.411594191211973,9.330671694283014,-5.243328915439708,5.815618357765825,-10.16298265346576,-4.281998418229379,-4.929854467512927,6.273544910818716,-8.84678788555926,2.922495032884299,1
-0.4040719949733176,-0.26371545892828663,9.49392901054356,10.340440166850346,0.577680753518056,-0.7710587649178466,-8.883605477280346,-0.6624421353565008,10.085546492716368,-0.903762608333399,2
12.070972302458195,10.374616943628055,-7.5209353306210875,3.3111502432265576,-9.655739443711587,-3.3801748798822193,-6.61399871561593,6.787780975180697,-8.823249025871416,2.0969601997057388,1
-0.3250287546084961,-1.0687467079201152,10.444225655388877,11.06299377768759,-1.1610894800125382,-4.010971049770031,-9.584943480978737,-1.5805572071043779,12.485630156131938,-0.40351853558717726,2
-0.08081536990156361,-0.5493258940465477,9.593497868419279,10.859407964066632,-0.581366648566405,-1.2413243400653515,-10.026170267981698,0.32987405011398896,10.55323078794479,1.1031074076484826,2
9.19991984898664,9.109832343942212,-6.24734783399438,4.9243775905362455,-10.641139693293441,-3.919955312303135,-6.7826011083102316,4.801568143168635,-7.537819614307022,2.738454610797069,1
-1.2290524475926197,1.1230973613258104,0.78008072222146,0.383436262596614,-1.457624486620577,-0.7116595773911455,-0.8578210281786216,-0.16599837062056236,-0.22905355663211582,-1.0019568566958286,0
3.5849941025283956,-8.452719577228653,-1.8942168039488163,2.3169581846601393,1.0523190478854496,6.55114193829015,-5.315300388302608,-10.635970605558072,9.152007618906538,-6.3276150061132626,3
10.039153655548702,9.583609666858612,-4.2902255644083676,5.366033096140869,-8.574542244324679,-2.6010675726899484,-5.596236881000024,7.840801932021686,-7.90351942356982,1.5896315060536481,1
-0.13505579145065838,-1.6768957892066538,10.052488551867114,10.671321361303667,-2.1879909193145397,-2.019865678113851,-10.828764784686221,1.8947974786818358,11.617238174235068,-1.843907422499322,2
1.6377745852134087,-0.11213309436180807,10.32182066488712,10.978540464783517,0.3745323168184721,-1.7873554392202111,-8.691574641922845,-0.6020327916968734,11.032502391436015,-0.8796437084803865,2
3.5886808775991574,-8.441660722273376,-3.6806255037315014,2.779332539727223,1.1199698703839616,5.580582672507371,-4.754308558514687,-11.85405265971497,7.1300238240867655,-5.996468932377901,3
0.4484127502168463,0.06690057751857537,9.87839989945711,11.090818897308214,-2.1067873685500658,-1.222822959984883,-8.82517182056545,-1.0581363614291204,12.789104084643297,-2.013630061190576,2
0.06958027875424982,-2.5512611088330006,9.356251526951732,11.582914565804122,-1.3609774029475605,-1.9801362647005851,-8.794476238963085,1.7826297669607796,12.599271490203,-0.08911196061260951,2
3.098504070574007,-9.656235012785373,-1.9030387253299321,1.7108654301553958,0.425087180713822,4.298446426190807,-4.494831510540798,-11.256796570444314,6.939808391477523,-8.59481730576776,3
12.113179521216946,10.358219918601876,-4.9223357058144455,5.884964358311415,-11.116242397166594,-2.98385753330401,-3.774922603067562,8.14671712691312,-7.820893679047822,3.179212837203325,1
0.23821272804460694,-1.6653429998541647,9.11704491666931,9.742289062249332,-0.5363638828991732,-2.268570235833306,-6.960925654709868,-0.025797269057781156,11.908549933914175,-2.573448219522139,2
4.83170737885937,-7.748804217881904,-2.4901971797929496,3.453147057667562,1.708271467958784,5.194408657522318,-4.05040707082617,-10.645313981246025,5.896292476668029,-4.7655017328084535,3
-0.6010328417548854,-0.5605271489927491,9.88230624908659,11.976055373478946,-0.3140156108074883,-1.8311715020065606,-10.47156357854955,-0.5160633936643314,11.669535208993763,-0.7178508454413819,2
-1.611068548860932,-2.191001897878886,9.316641592222467,9.664897792642874,-1.9655640320297865,-0.6131319181626746,-8.376577344609869,-0.22537557447103565,11.132550291705,-0.9341066442189252,2
-1.0229455202334954,-0.5779853864236748,2.1123458882902884,1.396930939355635,0.4576221037332832,-0.3815708917970235,-0.23403577195657593,-0.6761107352561291,-1.1568493301386413,0.9238441842610142,0
10.569089302666216,8.610229743909718,-6.320113434042303,3.4768676868054333,-8.537971988862996,-2.087502056272814,-3.944542273760184,6.901112782175136,-6.219712088687907,2.943566076590747,1
2.864113901184221,-8.82119682333093,-2.70318253047875,3.2772467703306587,-0.17730414426206909,5.532534592110792,-4.129075405863774,-9.916997120345405,6.808335080183435,-3.571462497272261,3
1.0314304379955999,-1.0429970241565425,-0.8960292143059998,1.0735573580329114,-0.20844156256926627,-0.8701133374055816,0.27255441351927295,-0.6385243879544185,0.1610421314059812,-0.41320667084634805,0
9.888716820838729,7.760305783462701,-5.878906765728126,4.121183451700542,-10.868903491789249,-1.4171416168533026,-5.686002442002224,6.386681324639949,-8.181102662973245,2.5373002439090464,1
3.9594935128628768,-8.356865987917098,-1.9600401116126804,2.955368249393584,0.6404141728955768,5.9717452965164295,-2.7261481319335994,-8.592090046497598,6.919165226021117,-8.027873934173133,3
4.559803080481456,-7.565483126079053,-1.892090765020496,2.705436635711749,0.7396408981186267,4.802736408981745,-2.1981891132197813,-11.481983603282352,6.76418718378719,-4.847371115226782,3
3.41606285709486,-8.920687878191089,-1.3974199069217712,3.3565031065989,1.4636677973952201,5.907290413498457,-1.4162011736499012,-10.472211110758714,6.304553450487583,-5.179718460844998,3
10.79949954473501,9.09140572965006,-4.999621366114552,3.252160594411321,-10.281829769108256,-5.023748149421454,-5.185876334399371,6.540805709635131,-8.255265726723607,4.00439863802581,1
3.992062546590758,-7.301004429556643,-3.676281284186218,3.808293815417936,-0.7985207343022964,6.0693170268058765,-2.9726849802507633,-12.071974180659627,8.007955151881026,-6.592874444680993,3
11.401658647395072,10.268060550670569,-4.916410265032083,5.970986921653493,-9.06927005474196,-2.5800083410726216,-7.254028851743403,5.80613627659981,-6.33617903237915,2.724860970482975,1
3.9431184394965277,-8.831265302273032,-2.5657456516734123,2.403409477192835,0.8189420676156228,5.318095166891465,-6.798312555887161,-12.42632386279987,5.884835526936701,-5.337226933929973,3
-0.7205039513239871,-1.8451853007025285,9.389621618466858,10.768990542702491,0.4026390644248804,-1.7872294498576715,-9.614507027655153,0.4124533016003891,11.830054304862038,-0.6031433008379323,2
-0.4625475254423696,-1.0632772807680213,-0.4470964512891947,-0.5646921157579213,1.6346665525198718,0.9970197115817702,-0.6907079259289202,0.1651953409524569,0.9442086465859958,-0.6910141872962882,0
-0.7850445810000103,0.24313957431187702,1.0038754422824911,-2.014893404941069,0.8285552286978893,-1.0884320234103977,0.19233136495566816,1.1443448508918184,-2.389180695939929,0.785858887743896,0
1.5695593629655231,-1.9702334281135356,9.434741120738305,10.018315723713682,-0.8977959365157481,-2.157480441319021,-7.324157256675835,-0.21108598421995703,10.689554069462469,-1.3604277242366267,2
4.240263714316515,-8.005157615476342,-2.223675336775225,2.89185016297359,1.2668452579231717,5.947600679383396,-4.0958549605837735,-9.095193483680472,7.062154246377563,-7.842242411638557,3
5.0493181948603425,-6.955802475437746,-2.830627600844865,4.030433462238862,0.7072775247718415,5.571807541423878,-4.2229730983833695,-10.753756409832544,7.817217868018961,-7.581255596854288,3
12.836632938489368,10.278978081325684,-4.516861480567575,3.576526937937097,-10.10016949847456,-2.1757557001943844,-6.397564740039379,7.903515211459848,-7.98982523628504,3.0297367046523234,1
-0.28937636349749246,-2.0140325621843256,10.261711718346739,9.860824482013909,-0.17760934923429428,-2.484826107205659,-9.125782487268989,-2.2659532768656208,11.59509828694121,-1.014997221169306,2
-0.7551485377265288,0.48637325430138273,0.4635544299986427,0.7171645276938028,-0.48810447055334544,0.8301343993786057,1.1333347881479368,-1.2139581182762604,-0.2968725793574062,1.1750235819608383,0
-0.05292982544504244,-0.7589320608236909,8.62884309582348,10.637777406769388,0.34852100778070694,-1.6416796702298417,-7.673949763049701,0.3821733998705783,10.822188636908578,0.018347723670057436,2
0.18153144410207736,-0.5763942660169818,8.361740600760525,10.599285289724795,-2.1114945884710936,-2.163127165571554,-9.335803668872153,-0.531922802639736,12.346492218044654,-0.6750152150927344,2
11.542979455234244,8.909326042202673,-4.8654757822686445,4.856188969262096,-10.312211556773525,-0.9075360752530508,-7.173385908691717,4.794472835863695,-9.140310184570911,2.939734645696364,1
1.2206406986921627,0.022882877345902938,-0.4792859894643896,-1.4741384354318272,-0.3892509235669636,2.3814453876761115,-2.1444875037611175,-0.63165840103255,1.7927839700422104,1.2489730470695228,0
11.170513707209327,11.026710182930692,-7.808129788478446,4.596714046335337,-9.694255399699538,-1.636841941388434,-7.774737602430733,5.077409173996054,-10.236995340064475,3.449040423060355,1
-0.597110835106194,-2.5923788118815043,9.56935453376955,10.65001497301748,0.27798620774148886,-2.1301024512784394,-6.074874117642985,-0.4582499140051137,12.310877136924137,-1.3710029289632468,2
3.758124568361974,-7.440749363029972,-2.3950932558002966,2.819459768440989,-0.2764325621368252,4.447221657776273,-4.513086402626232,-9.540801123981804,8.26691065318381,-4.693210303137953,3
1.1377336325673981,0.06450355691779773,0.10706028695855091,0.16013303654518396,1.5952829945070293,-0.3100735232740708,0.4694549688057314,0.6167454520156119,0.34977651923075964,-0.34790460605957063,0
-0.011877299139850365,-1.3697836241947443,9.888266413135032,9.735330053732033,0.0019509066598043523,-2.027024386513207,-8.998807967848602,-0.17278564629418747,11.090519519720567,-2.5544531924377,2
-0.04246765371716845,-1.1201838519944436,9.316712825737715,11.467320190220285,-1.2854216555313511,-2.9590711474895204,-7.366978860792082,0.6660201121067456,11.679661222080457,-3.213654093273359,2
10.817730880256718,8.631229052494689,-7.4334494502968225,5.445888034242619,-9.337157817221106,-2.7686760882033963,-6.02636062355569,6.485589582932528,-8.384693348447719,2.59771110840807,1
0.481046000106614,-0.9319616221975062,0.2756939972529835,-0.33038379620993097,-0.5959406973175736,-0.07258521040228567,-0.15475007872875218,-1.059924905792861,2.7084615847197924,0.8078709144721968,0
-0.3147117559074242,-1.5435877144432109,9.883238686358188,11.893226368003392,-0.08806528545935144,-2.555260619404643,-10.655286037874616,1.0814149442396552,12.939069670251127,-1.883329027464279,2
10.558009105872209,8.044772893630268,-6.441551110521989,5.7781877749442625,-10.778278642223318,-2.7083753563829203,-6.122546861575932,7.996879510354331,-8.75876588354968,2.642866952266145,1
12.136491721409818,11.44128428998803,-6.5078313346856556,4.923982594989405,-9.944750648588393,-4.234309763496801,-6.314492813964996,5.604666926797161,-5.337241468295174,3.6219037768951923,1
-0.501084120722546,0.47940691759648335,-0.11264631688768885,0.4508253145740378,0.8369758726932388,-0.35397849332107656,0.709773426445123,2.756639477005839,0.5675399941917048,1.6135814645997961,0
1.4586394485031053,-0.18163646429707533,1.6571424649276996,1.1056131129487234,-0.4629561026084717,-1.3922761808559043,0.27256911720360677,-0.6149035287716018,0.0393458424563057,1.0490496068543376,0
1.0447199852097075,-1.2484265794134122,9.84209211970272,9.944050298182196,-1.1378776674418447,-1.2280895681782904,-8.955982356817527,-0.2274168708682046,12.37050925196175,-0.7008184893319045,2
3.7226881740277085,-7.668029116926148,-3.988032849522895,1.2606281082365887,0.5296932283858911,5.478200067568151,-3.0178961201874044,-11.756952961681941,5.180969317220693,-6.06844283724715,3
-0.12114882513701364,1.4385257753928538,-0.565753662973468,1.1842530519136603,0.055096492656853846,0.7125038395159604,-0.412141412824783,0.08438088164566644,0.436715248168878,-1.0832339738941843,0
-1.238923653562756,-1.2059913435250629,-0.7067647896524065,0.3632872763439885,-0.6752370088846306,-1.2181086079503818,0.47724920267694665,1.492747044441036,0.6388504342020124,1.8017987245936462,0
0.27272408051174196,-0.05460478687927306,10.794076744165327,10.734592569678004,0.7730219207344796,-1.4164896464660397,-8.236739545141688,-0.1886028351820067,11.33320456586465,-0.39638137357184366,2
0.4291169291610002,-1.2395550988122745,0.29104403286164604,2.004228774270408,0.6117575759613151,1.6380469445366,1.0430613772948123,1.3624019354384092,0.3099686609847051,0.5218451096121169,0
-1.649149831663405,-0.5494415038495528,8.728022960980585,11.092432498141154,-1.5892217153681596,-1.3533334449428083,-10.336295038224177,-1.5863221501319507,11.178431319768904,-0.5060923353720094,2
4.78219938735122,-9.365671882068378,-1.7076990412234987,1.4243128790303055,0.05548970510400508,5.912694427269554,-4.916792836110642,-9.682951374369942,7.848324667794747,-4.543771956518578,3
11.754594996643865,9.05010218230534,-5.313801414052433,4.329434193993585,-12.029348104714234,-2.253184057209075,-5.5752385387863646,5.318479202249891,-6.0989197936264725,1.8096474230731165,1
9.625903519952335,10.338476861459771,-5.3726254678848,5.602596482669139,-9.780672055008672,-2.1989899448779453,-5.45352906583007,6.284796440089265,-6.7247073866856955,2.58837930155887,1
11.159472200110963,8.006724845511638,-8.168322960567682,3.4192367900649776,-10.06448562179044,-2.6867316721542,-4.696280995780168,4.895305713080266,-7.948368314809732,0.9842793603040974,1
0.8042932192224096,-0.7984438192261589,10.124647309458528,9.918195131468897,-1.0886015769869888,-1.636924568172677,-9.465416265564004,-1.0048390945498749,10.699689645214276,-0.4914917759909552,2
10.382109664035552,11.116814429014083,-6.1227179782272145,4.58726708138246,-11.18630155249023,-2.1123489597582736,-5.688721835548621,5.689037867232722,-8.775215745914952,2.953949002150935,1
1.4091783936025881,-0.4874282125099355,0.6321598193641104,-0.09163079355515695,1.062099781198059,-0.09181155726357078,-0.7886965092092666,1.373405942350254,0.31779555072336946,-0.6635296713092314,0
-0.14686971912680843,0.10740681419651232,9.701783439715507,10.993584695490128,-1.4399794440328388,-1.5439834522346045,-8.610029272902358,1.161807295903331,13.555393506858774,0.1434137283620771,2
0.06270837390252233,-0.6529262439013277,0.5625959484284024,-1.539371986161439,-1.0730781284301927,-0.791261151306802,0.5413554309815292,-0.3024898570432435,1.3603903947030727,0.8033097563785089,0
7.242945415509544,-6.602145979039421,-2.0767149086664785,3.633362256077237,1.0788912074523527,4.288973303815271,-2.420368033482373,-9.1437733920992,6.0052851857466525,-5.648901301671278,3
-0.03142723279376544,-2.5079309322662136,9.699641902093068,10.343704904861948,-0.6815802985315588,-0.6769576444453738,-9.14258803575597,-1.2428116753238587,11.851892666996125,-1.4811999697840095,2
4.437611396657254,-6.541652485504727,-3.3525356253446814,3.097915862465782,-1.7932933634072492,5.3726771118268895,-3.110115451437432,-10.552182756261276,7.127842898911813,-6.181385127370299,3
1.5097706448075194,1.2119499354877503,-0.5804622057825858,0.4555150049898566,0.6135459131505667,1.490338121489666,-1.5505822962005054,-1.0688282306296446,-2.0097553612366537,-0.6784091983448722,0
-0.16180980384996124,0.012311157351358851,-0.19429105061553062,-0.396318297195391,-0.6675150253451224,0.754540780014903,0.99945785509538,-0.08216088585665025,-1.0966375080216397,1.7939493313868278,0
5.129530445515219,-8.04039291523504,-1.851521438993436,3.2748858979512723,0.10887463930203756,4.942177899655705,-4.714888319544529,-9.006537197622745,5.4780738956505814,-7.7010079445826705,3
4.971999362661003,-8.025697080735206,-2.543997524302396,3.679265823344561,1.8057709797684467,5.084571007362269,-3.009882740933374,-9.562673080904563,8.339468408851655,-4.184772281645622,3
13.439126649294218,9.985940979471502,-5.013964653671547,2.3771740241802077,-8.523023672696365,-2.6190553605139355,-6.4333917526854005,6.220448600730754,-7.081783249562439,3.610849938429647,1
2.7408227023037144,-7.8755490536836925,-2.6811471282192456,2.9316106658565686,2.0114099290179803,5.1989880038104905,-3.0468373838262766,-10.482773184676967,7.542519053899101,-7.74919177147341,3
0.47265314963070953,-0.8998530626528077,9.739270506841146,9.849542926399872,1.1894916214834024,-2.2973701318821407,-8.16565533039735,-0.03520225638604889,11.261097872892796,-0.664120459712441,2
11.91592764250375,11.121823804613408,-5.806834062379881,5.879903774327781,-11.332256388362769,-4.5921671579935,-6.317042007285145,6.209733083724381,-7.383849441299667,3.856955015637751,1
10.326918494850213,10.671271668374166,-6.615070631519109,6.291477388611636,-10.915062284256456,-2.284769068095813,-4.9252985917380165,5.399932422335325,-9.135078555500177,2.858984612569011,1
10.947825180007106,8.734876073026161,-3.181701224013395,6.481437716250843,-10.836337495640942,-4.564726110599618,-6.2838575384492845,7.9948123416945505,-7.5675918150251125,1.2266650658988436,1
5.5187619257068254,-9.189553791475687,-2.4309255204476377,3.5744295078266526,-0.03867305894676265,4.268408239558018,-5.125136217148756,-8.818720353349164,7.240466935213417,-6.187276383225355,3
-2.488576522624811,-0.5094486566710162,-0.1939142256582361,-1.162273483411438,-0.7560909288173119,0.8672834100869976,0.07812006959609911,0.3456221186093177,-0.3556822316105475,-0.7541104109583259,0
-0.4192905328023261,-0.81500855033996,10.715415160109108,10.309073099123763,-2.5259393408656576,-1.6744601977489917,-8.774187757697714,0.45361905478782877,12.576317656725708,0.0051464534317527955,2
0.6933997058718859,-0.08916658163496832,-0.22344290986312845,-1.8673445686995063,0.7947392170553069,1.0796812047223765,-0.9508622854666883,-0.17885512150830743,-0.31374127735429075,0.4201532939862862,0
0.6618920883930033,-1.9966709502742228,9.995307920035842,9.803866196753866,-0.534316518068813,-2.9007080316639957,-9.58654529247986,0.09708439645006833,10.779573284955314,-2.3882025944079555,2
-0.4165576298382029,1.1197903507401872,-0.026515248728958125,0.37807079600140286,-0.44200683196040363,1.3208479062207072,-1.9047388794347393,-1.2205241747180458,0.379710524234558,1.7506107512309357,0
-0.39482936914668526,-0.750261431177428,10.468373703029929,10.692911613775905,-0.3673542799553964,-2.7667051626736927,-8.061241449556194,-0.5794090796225854,12.174474692832666,-0.5620216471022867,2
-0.9028214493940062,-2.357098839770469,10.398507340183505,10.654656152940778,-1.202770344425661,-2.1678666733357814,-7.271776084082909,-2.205163736679895,12.359715861329573,0.07010910390294756,2
10.976187129973574,10.212859894532688,-7.155267191516543,4.444594860102306,-10.570426214975496,-5.1215245027847836,-4.569928846217585,5.658234900318555,-6.245143777057882,1.883270694620689,1
2.5648364971500364,-7.096494860442621,-2.3898068845158797,3.729173165234073,0.1809446078145182,5.040142196654488,-3.2961077073496994,-9.468773258956189,8.52553780267141,-5.965647217576657,3
-0.13990266230083556,0.36800600717406606,0.6917186899082688,-0.4571741471430292,0.5171354566044623,-0.7476020941242406,0.387542856478548,0.01970276347787093,-0.42249514350045675,0.04699217031299818,0
-1.1099626298423153,-1.3607890364007496,11.236596750128564,10.705662399628645,-1.406946723916028,-2.0466588941380754,-8.95749312992229,-0.3989048050841643,12.492199369642554,-2.6008139709828333,2
-1.226070592816307,1.2864820646444746,0.15393019309900502,0.5190360780496264,1.0182095845526968,-2.61929894950093,0.6347826399703193,-0.7610251844943472,-0.6292727907739142,0.43744107766558654,0
10.57473109906841,10.611387424954085,-5.371652605362947,5.825582261935308,-11.786400575868226,-4.554495655773548,-4.463670405005639,7.443349615122596,-7.53276767343876,2.995327061285856,1
5.579534836871883,-8.707388847531114,-1.8307873720030856,3.8983558006447687,1.7549719554335481,3.4891943349709864,-6.760993630316359,-9.94485028524135,6.7350568974185805,-5.336479646188369,3
11.034237215487215,11.164452591680138,-6.418437404673894,4.1870054292821655,-10.230941146515104,-3.861157274986306,-4.561897950150426,5.333941291646843,-8.03360233382782,5.115009786161567,1
5.54208082696219,-8.116263152543628,-2.504038642742622,3.4306112709186545,0.3835182666843088,4.6989714739498485,-3.6787165390879193,-11.518392909076773,9.094925381697214,-6.016595341636365,3
9.937266243424197,10.560460601573176,-4.365496909080649,4.086583499198523,-10.340469753251064,-1.9635310063429223,-7.229228319013602,5.36699013379905,-5.750669633485887,1.6183849146454232,1
12.457516159783532,10.926644504074961,-5.634944663336539,6.883000816572396,-9.029258038461979,-3.4910056708097272,-5.172782786117459,4.573058603519032,-9.41850340041282,2.0766070821990708,1
-0.07775693294486666,-0.1865641600149352,0.9108638142692032,-0.48427296219682175,-1.2846937010758543,0.8823003795456941,-0.5915472076721456,-0.9754600276760129,2.1000481585731867,-0.17859680322271204,0
4.199616566657356,-8.29184628077106,-3.385868655469564,2.5845473414175357,1.6120761207127585,3.0220322236040214,-3.9819870925712806,-9.861172327136646,5.644682960401553,-5.216542556379437,3
-1.5792251711482652,-1.5379477356739961,9.432477807358502,11.895222279910886,-1.2152713118268519,-3.0170750541995464,-8.80999639552631,-0.9198401073838869,10.970448778709384,-0.0822938206076893,2
0.3160927695682939,-0.60357111914137,1.0978056116494237,-0.0013392772860250715,0.3734365175854093,-0.7846902241143158,-0.7343131376705622,2.6575111092669004,1.800079952426683,-0.0696811628829118,0
5.473918057890073,-8.852850479347582,-2.73830011345078,2.022290710880121,0.6279850699326591,4.272061204393941,-4.622404931675401,-12.119616111359804,8.390578016112205,-5.951439034860769,3
5.6908518143101965,-7.621340512854068,-3.612923237993983,1.5703796422771978,-0.5970203923769146,4.539335720543104,-4.705630157699612,-9.28011691384504,5.54898436737657,-6.508604751780049,3
4.417418736615041,-8.50766354089262,-3.3775037237539447,1.946428201184574,1.523840369337262,5.616023231040297,-2.381960984870111,-11.045605522505163,7.85513016217114,-5.7934717670650215,3
10.87735995242792,9.635745653785943,-4.859459082001068,5.404743021188077,-11.313816010862647,-2.250003129933094,-5.397938006510444,5.503943317797987,-9.134782112171061,0.6447177475921437,1
-0.22762926148480273,-1.0876818765376732,-1.0515526862252806,-0.525653374083725,-0.014339709973157937,-0.21441186170669335,-1.0640605097982043,0.7216965184455768,-0.9026039868604906,-0.7347062559261178,0
0.5804693539954378,-3.45045699199594,7.898799113884127,11.68212035231787,-2.313286410050035,-2.2546214858511986,-7.636898455143591,0.5582134017168376,12.089819733806356,-0.8268329123956429,2
0.8668253260596029,-0.19892936025511587,9.414164758817238,10.558412095858829,-0.33507932062101764,-1.1115851229229228,-8.539159528065694,0.7500697626279753,10.987672044376053,-3.062508898822683,2
3.4849780386975517,-9.106747700393093,-1.5221165452512302,2.8964116391537567,1.3177735195503186,5.580019844910652,-5.53107692046194,-11.057672856428566,7.48111386366975,-4.960057752502178,3
0.1588205747650297,0.9913271925907758,-0.5588541092509973,-0.6367839149327159,0.5649851582845113,-0.007528374972159449,-0.06802281178627427,1.568969868949063,0.604140927061785,-1.9899229666957277,0
3.769862438331102,-8.461935958227093,-3.6758537582677935,1.9584069630756433,-1.0929819520340054,4.138716190589955,-2.251655213154761,-9.298665249731341,7.002601741824521,-3.510581403635054,3
5.513092561560082,-7.529817369734232,-3.4488750012742404,2.570302601149476,-1.1273361440016885,5.819956983402757,-3.611964182658184,-9.829771006769677,4.800436921539067,-5.897753030726168,3
-1.5463075791888512,-0.7966208798123241,-0.19447959354844913,1.291678361358942,3.555617129553276,0.24708518709962754,-1.6322227407245196,-0.3455213742512229,-0.7748634862379843,0.7215854776857895,0
13.66381291814199,10.205811166193246,-6.854122028609777,5.826013825239645,-11.029623301792506,-3.39229240355327,-6.946318977553461,6.004262303330998,-8.973800099183045,3.133526017569009,1
1.5467398881602148,-1.0584453052389309,11.167961962198792,9.505375040754068,-0.9375731155406443,-1.3255423374456163,-8.797270065682328,-0.17496422836644407,9.261463545239906,-1.5122616167357434,2
-0.6919824910452155,-1.2818436374067037,11.242767685453291,10.433426795616764,0.03349232343933106,-2.856210317122735,-8.492335578839574,-1.0257446513402242,11.470038549293326,-0.18291802779987087,2
-1.041823490795788,-0.5854044002053858,11.287019787854586,12.266747855031833,-0.9732577177804156,-2.2750859346567642,-10.452594201144786,-0.6288980533464025,12.152634161150285,-2.2962736421899583,2
-0.870971643146041,-0.6921508599087859,0.08762192344175125,2.507331899615652,0.17146613335480934,-2.568800879667569,-0.6425013833607505,0.6837291122205738,-1.1284609449841239,0.8311024411456599,0
4.4143561707739,-8.468091468982125,-0.7042644980714587,5.262712242050798,-0.43279289032861024,3.044989602428274,-4.816689135262148,-10.561790933000418,7.8577122318125205,-6.098358027568939,3
6.538903513802293,-8.522746746369842,-3.4591289632246074,3.6359403772807,0.07294100321698505,5.286200827276446,-2.3729498088296075,-9.7866760868356,7.159034827615848,-4.962264300549684,3
1.3650749572019572,-1.0242752483291844,9.597569985306556,11.599023994778028,0.041999144624393914,-2.3083494972411507,-7.935354088941613,0.04897454987583353,12.996142551465207,0.9568031061086759,2
-0.22510019975877035,-0.8423708057273436,1.0006627051583439,0.3236984420148996,1.2902138119942441,-1.2903510847443418,1.211668486010926,-1.5484574567682716,-0.28817214615486725,0.4127827528239263,0
0.9686234597575617,-3.502312852632657,10.045576623312671,10.806247761374658,-0.8698164912780991,-2.052995626039983,-9.362372387808453,2.231814331490967,11.96307742685483,-0.6499384368233189,2
-0.8184323199039338,0.010947816347044441,1.0469227396558851,-1.3037246310250663,-0.7973445556389791,-0.9472750850418087,0.32639655548691016,1.2405160796149601,-2.0097344653060114,0.09439856347858341,0
12.396522309226905,9.482979295401488,-5.082356256032815,5.70324928899768,-9.850630559543399,-0.898774036572531,-5.387113001078331,5.9124814284853535,-9.846494669882011,0.29214018827064114,1
4.826923755834723,-8.694903394578745,-3.248799116093663,3.3450983646904877,0.19536539337522096,6.6383391857835425,-3.2074396616648233,-10.054659610941814,5.673023246427476,-7.935486810199757,3
-0.735753319773514,-2.4492832035049137,9.838127482612212,11.11892496102405,-2.077425447492248,-2.6366573524182613,-9.094138167192833,0.5336897681831736,10.242920624048168,1.4474861305559708,2
0.49552089793694226,-1.7590679021695976,10.45916028196954,12.452171672036215,-1.7997760415128832,-1.919489791482258,-9.875711170823182,-0.15483523685302464,12.34104588626461,-1.0705803276189363,2
11.20250558274234,10.277510814199209,-7.414985221928385,4.943005846259108,-10.170111505470066,-1.221717084180831,-2.850236799952235,4.862706939697093,-6.327151434897938,2.5382211783950694,1
10.448176621207166,11.13777262427898,-5.738032567915175,7.458428114293486,-9.761775946138808,-3.513728641109894,-5.007647097510068,7.545649160825318,-7.222372439960216,2.3607405072434875,1
0.9727743966250163,0.11785865224754775,-0.1996664261373981,-1.7071747255308698,0.3245675348741399,-0.12610396931971468,0.5539560470822761,0.8578188415347864,1.232921095047247,0.33699291089440425,0
11.39072263555536,9.15386980652071,-6.71639686616886,4.684797942472019,-11.889593021282165,-2.2896739057652318,-5.388069971701336,6.5880229725393376,-7.0266783009128195,4.027072371274742,1
-0.07635557586503273,-0.7938522702501472,8.912077627065601,9.10021606181851,-0.6337768394240482,-2.8353826338717787,-8.327133980473185,-0.640925265996462,10.832346756687214,-3.0390642743540326,2
5.515471294099089,-8.2405056520362,-3.8549205711123324,1.7615725153730866,4.5379731059102415,7.255351022370014,-3.826709497314942,-10.075293004794451,7.935575248843381,-6.908772871280769,3
-0.18212353527991604,0.20650546895895627,9.662756431387017,10.905972633614086,-0.9202292899047776,-2.094496670876442,-9.19069979807064,-1.0617303252110555,12.264962701156024,-0.13829023592572465,2
2.8766122610543245,-9.644925302768451,-3.5284659864262404,2.6507352964795725,1.8393217696812325,4.959760777021473,-1.462733458089628,-9.459052042592464,7.028022001927129,-5.6884531320630485,3
0.5091394516632579,-0.8671672047387815,10.167856386824461,9.20019670408826,-0.30700235564946876,-2.4943725114245723,-8.170589454407075,0.6136785423477494,11.658743719954312,-0.9042285582454866,2
-0.8177931660053284,-0.2795284481580733,10.116322070762934,11.60392971711574,-1.6598456545981826,-1.8752190617337867,-9.720840038417801,-1.7925413041214808,13.124207200194391,-1.2068755504528805,2
1.2261040770917828,-2.265666617975471,10.90856001263557,9.62436257621531,-0.07711695705483601,-2.8128491611776947,-8.689216786889393,1.509633088432308,12.65275586344431,-1.6946883945311422,2
0.665307298580556,-1.687431706747416,8.829257763785185,9.254819469661928,0.04536597493363448,-2.1819985870406615,-9.440570279685637,0.14590792525768434,11.796093089783016,-1.301746864093316,2
-0.3307790799861227,-1.5564956228484594,9.665092004740453,10.853883979634457,-0.5915076722195536,-3.3884270481010312,-7.2494765628063425,-0.5687120372891471,12.188699237842826,-1.8440697708033151,2
-0.21410935077393642,-1.3817368302349375,9.06925563606222,9.796338057027725,-1.1529470362880492,-0.8889592471518282,-10.536820489005663,-2.107732986468955,9.958992001517444,-1.6198114963694494,2
2.712115280910716,-8.096425794059243,-1.8686847175181063,1.3492130804424345,0.7962879485688706,5.395165078428032,-4.015336195913309,-8.898382365136184,5.2754031856998305,-5.99445483008196,3
11.976540372054583,9.826198456525761,-4.881644462312629,3.927322845824809,-10.34122563316956,-3.529635964546878,-5.430576857052531,7.4167077034602205,-6.9627446390988625,2.7989911500860667,1
-1.3387740208898824,-0.22385923261752505,0.25619624619304904,-1.724096361593179,-0.34242859339457243,1.1602941299200435,0.6483060427012107,0.3734331727607925,0.6212122989745048,-0.5737042698896249,0
-0.23792032844304545,-0.9249864386579703,-0.5985872041019659,-0.5844851143578045,2.064550551576234,0.07650527183928826,0.00463281470387729,0.8820265407085491,-6.985475412913281e-05,1.12167631931437,0
1.0094039652752418,0.3564878887747759,-0.3831175371339934,-0.09972510304127943,0.21915468154634335,-0.8599400676694224,0.8640127755004468,-0.10285142408903888,0.08492916224267365,1.357202549927807,0
12.387268278853156,9.721129834645678,-4.886276420422643,5.263748062448684,-9.913284278556917,-2.9895417173968277,-4.746689578347411,7.329855590864946,-6.9516372785166975,2.262314675811082,1
-0.42154221565931843,-0.4462624867001313,0.9559374757643647,0.13865262547285237,-0.9763796485200793,-1.2064130339590495,-0.2626113569849563,-0.906412762189642,-0.07239762402761732,1.026142044401966,0
-0.4246215587167818,1.8231215215585033,0.49936224643691113,-0.33971485164290466,0.4406072569699391,0.26766386321120894,-0.8394396538518765,-0.36880824852207394,2.2545361021078656,0.392002583446641,0
5.78626748963765,-8.928542964860485,-2.9293887025879495,3.5349513649905067,1.1465744518752845,4.223960802207534,-3.187625214753767,-11.237309843734042,7.535774438168387,-5.777119206680871,3
0.16940231943915246,1.0604921576237816,9.114642029107138,11.747499557573594,0.5640156233046792,-1.2499088868210642,-9.576690801948699,1.6709516584715745,11.38780564193713,-0.0852933708108422,2
3.7793517639292036,-8.587878553527107,-3.674881318604292,4.0504251520718695,1.4557876842671793,3.859661110073424,-1.0950106093907808,-10.716890501476145,7.0280702189754845,-5.954419406982401,3
12.381370568978916,10.750812477367015,-5.052565121467888,3.010469181870941,-12.060055831317213,-1.8332142835013236,-4.333735378099622,5.710503347866228,-8.858067962496484,2.838751549328346,1
11.117530749840512,7.79313648859187,-6.72798458559474,4.619584041260011,-10.542792083095007,-2.59419649351096,-6.865705677221428,6.284661999915643,-6.797226741752588,-0.3115328881823247,1
11.711617190067482,10.953812020069785,-7.52571632498303,4.390919731725758,-9.207986067382093,-4.2523461223083965,-5.946496272028746,6.82217831799524,-9.63888544848924,1.2547116558707287,1
10.834007991621927,10.450554334681296,-7.325055437777304,4.523611519122363,-10.517425685263833,-2.7214471046440236,-5.668567182339934,6.972335030144379,-8.196294675007042,2.9414683496700964,1
4.2480965287547345,-9.576218668636667,-1.5690665031570077,1.6858854011856579,1.7913954867793613,4.7560475393700266,-3.9652543580651995,-11.801572433479334,5.688950710307787,-5.456430463083831,3
3.7324255184592827,-8.565819769287367,-3.346781268208172,3.2312996791312627,1.271865764797892,4.589002954152119,-5.570508012220719,-10.056905219831998,5.257414864648485,-5.367307103905311,3
-1.7658748102410975,-1.0252919038909831,10.347838917477432,13.01967664473917,-0.42647381532935896,-2.728413884307781,-10.682052652395146,-1.0818573425707887,11.220528625989575,-1.2538712460664838,2
-1.41711074097327,-1.7968585209326238,1.2722669199146075,-0.19106238146991764,0.291325232874699,-0.5742373753190599,-1.2678989184896843,-1.081300824839098,-1.341034792292609,0.8499944144688751,0
3.7340474539765927,-8.880425655069528,-2.7660292265686817,4.21654020090321,1.091817303031158,6.182081836944654,-3.6014555346319477,-9.217196018274334,6.959550323840726,-6.406150984062011,3
-0.5865287821839787,-0.004129241783379574,-0.5733781118589595,0.10703139880324217,1.2725910080582106,0.43940384490384155,1.6267143659960517,-0.28852361045014174,-0.8069610540170469,0.5121284866942792,0
0.10624641835853754,-2.79765219765415,10.659900110322251,12.537360421714936,-0.0040505263033002725,-2.7331924656617694,-9.177592272484974,0.4335261350671097,13.106480737119888,-1.4781631720127217,2
4.927674545593286,-7.727810167711899,-1.9902140722015478,2.6192090475543885,1.5061216923037086,6.789586420294548,-3.7713250440845982,-10.432424429332936,7.657661802300018,-5.88258901145247,3
11.774055370480955,10.27405375855005,-6.311707135820566,5.364716995840137,-12.657023006412249,-5.350621308516185,-5.8948643811623676,7.049142554485041,-7.829358448982021,3.3219750415137654,1
0.7120018990385848,-1.9958462020499415,9.808070201372914,10.952689898826765,-1.225778482157291,-2.3177620749352887,-8.77827674920218,-1.7388084450487094,11.195404078357386,0.01638440458524082,2
12.94263725543225,9.839358720938561,-5.243114625814112,5.762136019321881,-12.439148064000344,-3.7032708578537252,-5.462823913602234,7.971621613654428,-7.11454438685682,2.9058010171238475,1
4.69337185969836,-8.913367481958536,-3.3552743611325964,2.5613606729259786,-0.09156208522001263,5.690205488233533,-3.1691849765169278,-8.871890122536655,6.37703321583644,-5.547073468123467,3
9.810467320059301,8.89130187953297,-5.846415958184932,5.94193235897848,-9.736303577735566,-5.014973067870178,-5.857380294890579,6.88835036243809,-8.544264936183426,1.6986890571363378,1
11.884573469490894,8.948551244039024,-4.954710075473695,4.206370598798919,-10.06493913189497,-3.166363793242084,-5.685349246042045,5.507479837667002,-8.504122747531534,3.1201975934874566,1
1.0794130139575415,1.3405439786485478,-1.7493537310233982,-1.7668353645615593,0.04231206105258708,-1.1481154234813125,-0.6812868468440255,2.526264180124968,1.189876171681861,-0.9356555423317963,0
3.97876693866514,-9.15137872222215,-2.5489051974065284,2.5798919743696036,1.7576279617400814,5.85000123881549,-4.611108405950867,-10.52212332005224,9.180021378643676,-7.082693847498086,3
4.610034061289063,-7.5840278790955304,-0.8193137497683265,3.001421255188313,2.0264666011639596,4.975390394535522,-4.17645812956853,-7.733509653426442,5.514454805821698,-2.6955713627098485,3
1.2138278706944572,0.684796912338397,-0.0005597329768144486,0.5720122469413772,-0.14862105860385233,-0.9732609104843317,0.9563349315048129,-0.05065865658221008,0.5219439646587877,-0.1211232405597662,0
-0.8606555925112334,0.31742919714734863,1.980103054372939,-0.1759486239746632,0.1682084062304987,0.9480218483547855,0.5099038986152723,0.5164794803821972,-0.09519245191800502,-0.07573518277826072,0
3.995929071010863,-8.423418425103618,-1.9118355489625962,3.126576637305259,0.7123769057693,4.709959181430261,-2.8878399555888774,-10.507149680304634,6.876725830984137,-4.5040164011795,3
-1.2525275591173475,-1.1086468394334188,9.823824832491244,11.07434079067962,-0.5957308922927109,-1.876223391082409,-8.074329753413728,-0.45551219512799174,12.258544054862995,-0.4915455179632766,2
10.123685094474752,11.451534743497518,-3.8656632152113963,4.731374857662466,-10.459859805732108,-2.526639959811306,-4.986382083194603,4.973173641111128,-7.513886284366804,1.5453499178278491,1
0.2636894870694937,1.2222277083548394,0.5184928459641237,2.4062239228532394,0.5743579922911557,-0.365271252607501,2.840886393001498,1.6337010173475504,-1.6029075617983968,-0.7841636049283146,0
-0.21051004354164063,-2.5486582236567603,9.807691413726939,10.072871933553749,-1.000400122644217,-4.478843349505269,-8.676914157919128,-1.659494356614275,12.466512858564636,0.2996964369296151,2
10.264739041359114,8.880606274261176,-6.781522791942262,5.374762521903325,-10.082486002925581,-2.656920918162354,-3.623120906314832,5.48998143549022,-6.625528303477175,2.3160712380470603,1
-0.9811960583914991,-0.575523069187234,8.915958143318061,10.365386922832238,0.2620165492213963,-0.4490055106355806,-10.822869849449445,-0.24426228843678147,12.98986883089095,-1.1705303238993632,2
0.12742857271426894,-0.5116510232840712,0.24767206468977693,-0.16796036964655253,-1.5299242320096162,-0.13803562188224064,-0.44268389543081,0.6355863542987947,0.8797684959457444,-0.5090017618305099,0
12.520837710383727,8.383603878803354,-4.943037588429403,4.565093391383076,-10.843911217350941,-2.0729835121773577,-5.977894698045121,6.5975802821222285,-7.844215975701542,2.8825531859640114,1
-0.22106553661032657,-0.6606413828841099,-0.3998229406861777,0.5358503350049342,-0.3394396517978083,-0.7505296181538237,-0.0009533712532066398,1.1074569306689515,0.13510806713406354,-0.2762179960004274,0
1.2173359661157646,-1.4156469995309942,8.598045413237342,10.956173512552967,-0.8023786004377381,-2.626507880937144,-9.414303699782796,-0.8966275943305018,12.643726285738717,-0.7490879401762136,2
12.590862868121455,9.526573687033414,-5.087233807392607,2.5626482157695305,-9.295229540486314,-3.770641275080231,-7.017528052591581,4.630411697593095,-9.606857008509111,3.6564269534352736,1
0.1860663360952508,1.0797023647287574,-0.9184488225807672,-0.6136027640233338,-2.1155114710946537,0.9717814777578513,0.4195693433153503,-1.0073246253294221,-1.7489020483179183,0.28181314862514345,0
2.872751534382577,-8.063432063169131,-2.6489094033557254,2.6076658711561995,-0.6842877537263068,5.146606166303423,-1.820957650724421,-11.831473664750137,6.575439983718485,-5.54140292459991,3
4.607178010709169,-8.87553080062981,-3.2367361661527316,1.9053977817444299,1.0888713614348469,5.8466004555677475,-3.364734065885914,-10.559148780519816,7.33411009169072,-7.021453840421141,3
-0.9729427108560414,-2.9140843015698357,9.32007781499606,12.416898344533028,0.29126177033198475,-2.9106794649357557,-9.6295609477791,-0.6118267490180622,12.475871555227847,-0.3674138379847034,2
0.9036127582943057,-1.3816656268936973,-1.0048971926269248,-1.0380905170672459,1.0722171848488193,-0.3054566117392283,2.0275819733247182,0.0033759748922589858,-1.4713738480815013,-0.672417510705184,0
5.666494901971126,-8.348896258208883,-2.001519573524428,2.2751849903844232,-0.20566760444402665,3.580554553712375,-3.2574501427670914,-12.550475892806656,7.605494594876208,-5.97569858138942,3
-1.0661332714733105,0.061212371394754946,0.11118314335724447,0.3774647190539862,-0.11373857318463888,0.07186416445833355,-0.35088477362899917,-1.2757961552999642,-0.07139186831065085,0.7245969964424639,0
9.442442394456583,9.192082083943697,-8.367896971538332,4.533442779642534,-10.850052449241105,-3.1957481341435408,-5.261052445281001,6.171865022740918,-7.205886319234201,1.3387706663206567,1
0.11342066963971985,-1.016285571736792,9.886318934570234,10.638905639209913,-0.4779512433210095,-2.477213186849648,-7.794540087802902,-1.0257591485202273,13.420964299668611,-0.9879035639157474,2
10.482265547487554,10.383026998561414,-5.271144075434172,3.6562544808143977,-8.9518294528458,-2.8901004317202648,-5.496457450135392,6.1185991214683675,-8.847069029758021,3.3113258739699027,1
4.792647949546458,-8.290929270546334,-4.0062631402305104,3.948301176892385,-0.19296387403741688,5.865114476104045,-3.847892670227086,-10.436606474807402,7.214654293644773,-5.479627601861147,3
-1.7509980702681816,-0.6866333859066525,10.687395098132303,10.503416457356984,-0.9139003489861841,-0.8771836954236496,-10.53576773968063,0.8055560365468513,12.17909569578075,0.529305995805148,2
-1.8836762121956896,-2.065472132297596,8.667245923230453,9.717541603482957,-2.0182287924421747,-3.1596903125454374,-7.951961679123687,-1.9491467806658938,11.521468112953404,0.09174522130026685,2
11.624333476471891,10.367056029439052,-7.569587003951563,4.989112531696784,-10.452612323783049,-1.5154705893033975,-6.266415114561032,6.616782505426695,-5.820464623364831,2.5503863721037168,1
0.5174789300853898,-1.799392364519054,10.00024036832368,11.013684305097721,-1.8830476939204477,-0.12578847816283023,-6.996325444036822,-0.5510072496737382,10.596493353671198,-1.3024201992649798,2
0.6749208606069294,-1.4433746714963123,7.763831490547261,11.856486241965706,0.9898267291011459,-1.7625163949377265,-10.04734780431731,1.3523088239231438,12.824902579204732,-2.8097322644236042,2
4.147800616977837,-6.096508935944248,-2.5762284498050807,3.437621926508538,1.2676111779770343,3.854084213980146,-2.23976509818139,-10.280387283317118,6.1766422839396835,-6.368189356313386,3
0.5438171825125866,0.6284027149516411,11.955233124924986,10.252214656860646,-1.212234510721831,-2.149616724294475,-8.14050058254581,-0.15764987830888194,11.446081188072249,0.3002936364595532,2
0.17465468063896764,-0.8782808123290141,-1.4436867367275648,1.369685162360285,1.462485708479594,0.17958245946317858,0.2521555056676198,1.261013976580008,0.15665355660374003,-0.41907790594364563,0
-0.021563879609294987,-0.054865370784785705,8.272402268496796,10.903831091225948,-2.1268506874371003,-1.9127845488081672,-8.314795979639804,0.5263197817509874,13.060208058189792,-0.5216813740209878,2
-0.4350517323819072,1.4403217728014912,-1.575404685821716,-0.24711779366764014,0.14230184613180563,0.6060218300142409,0.1697671824043187,-0.9219926384615591,1.1676139480208543,0.0019074122769075462,0
6.180313308982677,-7.726759562172582,-2.522777810910781,2.086660891622783,-0.4305523470194983,4.747694700605462,-3.313820343106744,-10.72977447471043,7.263461142976587,-3.7611662549361204,3
9.515622726705898,9.2153950515309,-5.713726413083732,3.6052202722349236,-8.966364990705209,-0.7352532010936048,-5.386189168947411,5.433879421028632,-7.258009770224756,1.5911611231829426,1
-1.0517504300922502,-2.263728609296424,0.8770820712427847,0.5624842336296031,0.7239665195911139,-1.1830112240567805,-1.6042489559198527,-1.3196183084333326,-0.9225722723587043,1.5539589089128543,0
5.676197927339959,-6.572553945520087,-2.546513106973561,1.6580327712108274,-1.1445010531692343,5.743641636909327,-5.149463221239409,-10.179890923964535,7.81021884184814,-5.780074478949494,3
-0.10037177227725663,-0.8047849781966527,0.4369610753903937,0.1101653486945414,0.28982431655047347,0.5934337596241102,-0.2736497876780127,-0.4887583773794366,1.1075653233086231,-0.7573584865301681,0
0.6438192948971256,-0.39768984375761096,10.403707958256412,9.706534679722605,0.056912979827626775,-2.185115463243946,-8.800968590055454,0.0785532234924173,13.294420345003694,-1.9672870730049976,2
10.1542376692032,11.511757911805988,-5.6014924347357615,4.708454739552006,-10.710548488449737,-3.49019893380958,-5.273533515340238,6.937655792630455,-10.169448033039028,5.11913975170248,1
-0.5704740239305688,-0.18730417979489025,-1.9727215281971169,0.8669866725346252,-0.9989270113013153,-0.870629031093944,-0.8841412943597168,1.800401116903819,-0.6687040647622869,0.942260273543723,0
11.158181371418568,10.315852858571954,-6.072826126611502,5.292979392231323,-10.182315581187984,-2.3832287592986,-5.876350374964885,6.8193350554142205,-8.570851718614708,2.770720060404839,1
9.590210459158712,9.889061804546284,-6.215463531888619,4.323662173117997,-8.89505406356058,-3.3042669008375825,-4.712559604656777,5.36159299223864,-6.72479168067759,2.5536496843505883,1
3.1510361552929957,-9.373524314196796,-3.4612155972049843,1.4824402258487872,-0.6966479780898067,4.117939841071961,-3.972134489070794,-10.368054790683027,5.508633727993335,-6.550754382939927,3
10.894385177205761,9.434864434254564,-6.752025523828556,6.466603301829788,-8.387570603310706,-1.7851502035626545,-7.0726717900191804,5.9287798879454225,-6.916843984110755,2.5302720647734507,1
-0.04352680183833171,-0.478384493399451,11.594923368211205,10.971012447585537,-0.24112304225075576,-1.3987805562496392,-9.018154252123463,-0.44168601257225004,11.794496141684773,-1.4267080558396343,2
-0.29055613971950045,-1.199258499926927,-1.6900652611931473,-0.10363872523710055,-1.8399016642437604,0.2509967236754093,-0.3080315381174099,1.9439110364614387,0.3431292724923068,-0.02922517956231853,0
1.0232838468418552,-1.0386630366492922,11.088862011067745,11.58483358193514,0.36989483485900954,-2.00721055487437,-8.658519702354289,-0.2562800725714337,10.822115125720446,1.2308851963143785,2
3.935864695551066,-7.238800880372734,-2.63589310072857,4.145411730597701,0.8340315340709401,7.49386638005794,-4.323184418570456,-9.640229260542979,6.689388485836506,-5.842007560334136,3
-2.1284973596383843,-0.19638832882038215,10.37559884941444,10.073438023325757,-1.7740711859053158,-0.34707813736527715,-6.917345198413885,-0.3183641528168107,11.28158398643987,0.3563341187771347,2
-0.1987097136555822,0.04005718226503185,-0.9402875181706042,-0.3875661325724314,-1.3397552532961494,-0.5492703361202698,-0.46666692701793866,0.8452213627713431,-0.33192519334705567,-0.44808162373737237,0
1.098504023238647,0.14602054108798646,10.0218227649446,10.408080354124134,-1.4768995920950796,-3.1157452272787234,-9.841701417637124,0.5189776349717833,11.720522858078466,-1.0166173686669935,2
-0.36304077340945273,0.5945210754565203,-0.04084296751608182,0.168209014684057,-0.49022159201528936,-1.0649332891581382,-0.740317570747505,-0.10282413047994443,1.8372383927745388,1.4719063991135422,0
-0.8157111106269598,1.1173355400019835,-1.8772239269451998,-0.14884751516211372,0.4398258070310824,-1.7504077354475045,0.2343432388502992,0.9544290765859523,-1.4855760701034757,1.6581702066941584,0
3.3136428808513996,-7.571707003967875,-1.2819078240699349,2.00863867238791,0.0806703224408718,5.446548038123499,-4.052519832666509,-11.299732050377504,7.173499161456595,-6.357519839714259,3
5.088111754528794,-8.969616693922665,-2.2845668319345322,2.4720342910450963,0.9758028091803642,5.839278349892368,-3.018563190692848,-10.491588763834297,6.798370445216284,-5.397294991641546,3
10.13607444559669,9.077791179761412,-4.3622081138620254,7.172673836095936,-12.135830761068979,-1.6409316503440488,-5.269769378389617,8.497960001908954,-8.302816962820145,3.474385213085205,1
-0.5738780590087155,-1.6865959597067834,-0.015412528608262106,-0.9545681147788345,-1.0785013395781125,0.9262687641225866,0.8219197950467836,-0.4885941580995001,-1.569044281307634,-0.8258115802437064,0
10.967030278705082,9.212995839739985,-6.88834201141209,5.644519232009306,-11.51256443328035,-3.206991655731656,-4.686651944171561,5.864176339444986,-8.502815109415897,2.307945968482202,1
5.351377405640343,-7.071096127601093,-3.666309664362031,2.242696175448451,0.9623493726956371,3.7146089753387086,-2.570647655331178,-10.369454610333566,7.832470229676812,-5.1345734859816154,3
-0.4149433316206325,-2.7075870818029397,12.806858561305111,10.03710829821173,-0.7713926194863083,-3.7708429951895246,-9.094247041076311,1.6471599070734761,12.42476060096652,-2.4732476642549353,2
-2.149870864524188,-1.221508815959281,9.592650660609468,10.1922448234576,-0.1347213991598789,-0.11022241118493259,-9.398119301910217,0.36049936573903013,11.973858600938373,0.36223782726306464,2
1.0401540263666742,-0.8992489280999091,11.486757940316123,10.093383496486357,0.3357772763646182,-2.964341192257079,-11.60969340631415,0.6477190587222109,12.293051907603155,-0.09953041586245703,2
3.5320846187447548,-7.146751971982508,-2.812700975893219,1.7842147033042302,0.7692713472013111,5.2912171044104825,-3.220676371669339,-9.52714598901207,6.352733001831655,-5.682052631686223,3
0.0924037757770562,-0.3469554499349018,1.4756694386095508,-2.0382965297622753,0.4800336945653555,-0.07279839263329689,1.4481843198713584,0.6049233586501919,0.13910216984165838,0.6626337975465487,0
-0.8201487850597086,-1.6904757641853185,10.526116775745605,11.413878994108995,-0.8807944992895854,-3.0856078290622633,-10.187482702911831,-0.13167132166448525,11.192225175182799,0.41380127687496926,2
-1.074372808162744,-0.8156092583489498,10.50370781694869,9.621260170518905,-2.584836936888408,-3.0093571711286975,-9.08959159629634,-0.48086746706446726,12.797313484831765,-0.2552989634820577,2
12.072964125018494,8.208522797663562,-4.349192503547347,5.055844802225778,-9.53764408746853,-3.962985395076733,-4.882801128797264,4.771034976730002,-8.692551745395555,2.839468841037543,1
3.255215698520156,-7.262319990546251,-4.259624547361058,3.0468034848838976,-0.28233380747269454,7.066603536541116,-2.9206654853583407,-10.528429437750717,5.70462193028327,-4.726866458120779,3
0.05814595022940962,-2.254635510615332,9.69931214323486,9.445336783952,-1.033594803003239,-1.6070313865887975,-8.773051348854924,-1.155679167488502,10.465326481938698,-0.35302299563853984,2
11.241510370233215,9.509268214080691,-3.8051440482721612,3.996376368757981,-12.07163312994524,-1.5650545338040869,-6.279342683786239,6.324013454584401,-8.390480568856844,3.3132775105860244,1
-1.9271691230787533,2.3570918307703197,-1.0367312975296414,-0.9602982765153527,-1.2448897194926127,0.0008490524646252518,-1.279718284968634,-1.1582600638508858,-0.6885500475836172,0.1384556751943394,0
2.73047693813726,-8.782107553528945,-2.172894578220012,2.807189477803445,0.20239995340231215,5.1694349243594395,-3.8832231880797066,-10.45113202501113,4.743735888240264,-4.849751910988217,3
12.286865651093349,8.277017656537723,-4.726756833696287,6.089932600117705,-11.85816159715154,-0.9267953233680388,-4.546889615449961,4.417684667204462,-8.234265387710341,3.6137032182155835,1
0.4357323222180176,0.557787240403098,0.19166963679677607,0.23877071533735444,-1.5818174153403113,0.7941836576847686,-0.5634814805914428,-0.03315533304999287,-0.47317292213533413,0.14587156515167568,0
11.539680031506814,8.767429942115504,-6.449674895812427,3.991356096954704,-9.297028571498299,-2.3887180350614146,-7.232691819870123,7.86832982381934,-8.07625654984173,3.229479427055053,1
4.860525839452373,-9.428805976196125,-3.69432630900225,3.1058480279001146,1.7360722855207684,4.680772471548939,-3.6104225238968266,-10.483935214164763,4.889253043662108,-5.376471316930641,3
10.765063510568925,9.398271657008827,-6.005784576958364,5.051748294304152,-10.718946539960468,-1.4567241362924226,-7.269786498862654,7.469630370923931,-8.11280878467251,2.387268495932176,1
-1.1849232068976612,1.1784303256422324,0.15289214834573467,-0.7702883559564846,-0.022051801256860123,0.6615979632839485,0.4544888475833129,-0.7697892002158454,-1.5753032789371535,-0.40704654322154593,0
0.14399573869420193,-3.750171881460046,9.927129634856021,11.137682882561073,-0.5294365386480779,-1.2754936658988,-8.69078518430966,-0.5678910753136843,10.180605511870946,-0.6592589673573034,2
-1.6535821156248336,0.26461384406821387,0.7595961908857367,0.8081105617560631,-1.363542171187423,0.4193364697739637,1.2035365819066925,0.3432337984000757,-0.11569420610853674,1.1396129405734439,0
10.264613919809129,9.248935095631838,-4.828212547314781,3.9296043927190385,-12.693148613757906,-3.0985693731922646,-6.739115264417849,5.911265678290764,-5.637435594737845,1.6871319607989537,1
11.560007035354506,11.121506127063261,-5.59059558873674,4.193619944662687,-11.734268584619139,-2.570903812377618,-5.896853243822996,7.223990676431567,-6.166607020037828,1.5463962892236054,1
-0.27528823775366534,-1.8934120543515705,11.197768623917042,10.059834870738651,-0.29065518577299265,-1.491579437700405,-10.894352610606141,0.6878942274794698,10.012939625175834,-1.6062527075509645,2
-0.22769321584874122,-2.461472113575241,-0.19347282286844508,-0.9364970559185406,-0.06682245884041386,-0.026402521331704926,0.3853578879393376,-0.5301793753161691,-0.4050929157369408,0.7006936528099489,0
-0.1751476642690776,-0.3417861685971775,10.842718176634177,10.83349871075264,0.9017130907425636,-0.721542038482083,-8.413907268604786,0.3295738011683567,11.463448930916435,-1.4195747589090995,2
13.003331744410287,10.279704203366695,-4.952046430210087,5.906007098382737,-11.152611196152577,-3.004939337311347,-6.470296645356793,5.733854843099243,-8.172547542858322,1.870446130115209,1
10.09573869715183,10.850906243938798,-6.679502441442776,5.99990273112017,-10.459023402961021,-3.753985331940081,-6.234124635843891,7.7878297733454,-8.04205215377553,3.5484422838744862,1
-1.3707015829729348,1.194828994627055,-0.7036975461953431,0.640950608333397,0.6260136043956713,1.664990700082699,-0.5377297505004549,-0.7402293871800347,-2.6890425147584587,-0.12177312669317193,0
5.70558349755948,-6.6934024712706135,-2.570277610787881,3.3760116883339935,1.0109555171487483,2.7680655593464154,-3.4093044602198743,-9.033958306636672,5.558166362247736,-6.882733325218304,3
0.22856360669987755,-0.6147810737085848,0.062316612674639116,-1.3080592721265918,0.8916634697708784,-0.9551795982995399,1.1662531130994866,-0.9276104518562901,0.9752124191044055,-0.8309648763890146,0
-1.1396371191090116,1.6047319941388665,0.6228788238420383,-0.8212186242087107,0.12718893875712056,-0.12368731340102396,-0.9725814689656829,0.03618394395660312,0.19069528772043906,1.9312530946518993,0
1.7825818713201609,-9.059565116839734,-3.0311089143802614,2.9319797904193985,-0.6045218650292177,6.302938393881728,-5.451931010361745,-12.321203790455318,6.790594491843689,-6.90384881787211,3
5.08050659747907,-9.461210250628815,-4.381036362401691,0.7670692696803618,-0.8107911230322438,6.105320090462458,-3.818592092055498,-10.533731292514052,6.919510481056494,-6.6273819318300795,3
10.555663181642888,10.326450201124542,-4.5657395989937175,5.3098584032486,-10.469054038067755,-1.6949240551922573,-5.546479804181943,7.373025469088875,-8.380449079479606,2.069363988589906,1
0.5388312227920584,0.736078816342273,-0.33689798796226417,0.2556389751331636,-0.43204376497413444,-0.7273080627703064,1.667062436142176,0.12150729684074288,0.5074543382865404,0.8357540138575011,0
11.372176980245762,8.868313685308921,-6.416694047706728,4.387391622488797,-9.996885667762204,-4.09958869563237,-5.672515752015684,5.707467747881128,-8.155717032415405,1.9159322150197347,1
-2.17585917426458,-1.0066171905411796,9.962590210793948,10.98330482642689,-1.509006638688133,-2.611522726498144,-7.840170454713918,-0.36170052193177216,9.806389162213845,-0.2819675888248711,2
11.896929296803227,9.970518131719201,-6.3797954473599985,4.752400211699948,-10.680027914330635,-1.6939716023505023,-4.884043691519996,4.272732183741494,-5.841396152531508,2.2877845427946792,1
10.042663338959347,9.07495344914708,-5.358456292473281,4.943607535566003,-9.720982046829342,-3.607290902013961,-5.578582249556504,8.117468846973209,-6.346790386823012,1.3014645266793499,1
1.9851975705890412,-9.752457527708971,-1.5343984688448755,3.7685298510972634,1.2819321697226524,5.460667884827207,-2.598323042418982,-10.843091359482901,6.871456428711154,-6.388656579235435,3
-0.39518983303106436,0.9700370736637999,-0.8909225920448536,0.7192509830553334,1.4051700555953608,-0.24134277240300922,2.0528416130798712,0.6442915262612541,0.6566942596644293,1.3658653351859897,0
-1.0574929546971739,-0.18867231491411646,1.351813324120028,-0.19434867154767999,-0.32356230923467477,1.2002739770213877,-0.5243965305350834,0.02114939557566584,-0.9215700652129813,1.6851335009525699,0
11.881019492490084,10.740649968546961,-6.06213643902277,4.611130745870808,-9.861986359031825,-1.7965530730380688,-6.865689934313107,6.729797920114325,-8.13954944415865,2.663253982919193,1
-1.3489517343057593,-0.3084693332099046,-2.033940616888496,-1.3813848745522488,1.8859903358828205,-1.5668084244584022,-1.1881483810458113,0.07183290770666434,0.12390388003001514,-0.23462429737885407,0
12.424098699380176,9.36540062068378,-5.4872344156274275,4.456202370720048,-11.895921691321275,-2.4648083655128334,-5.406708210800294,6.38548243749259,-7.370429728487032,3.988003846244692,1
5.329832840245376,-10.406320163082523,-3.38258560581121,4.496963874881787,0.9756751323053956,3.1497736227415505,-5.199347278882097,-10.839860254760614,6.245923420354223,-4.907824537775098,3
4.854502871394481,-8.667566822552372,-1.2916413699971705,2.5391647132858473,0.4285251261949604,4.943927420178505,-4.277171959808124,-11.090843964950938,6.583585682555926,-3.971923304180032,3
0.23527998990782686,-1.2064032507180458,-0.3308481285738224,0.002661158126551583,1.2313809361794323,-1.6704171393014011,1.7629903153757707,-0.12464773832504308,-1.110556248967009,-1.2916347161343913,0
-0.40497993500227303,0.321152000176856,0.9395973718718656,-1.537953927072501,-0.827326801649099,1.64816482457069,-0.22482866333639537,0.998670116760872,-0.45346844064634545,-0.09505960548684177,0
3.4315022369744987,-7.758826871416999,-2.6614130633153428,2.6505303973616154,1.2912537845948697,4.564016418365059,-3.512760918559348,-9.388827393618662,5.955570649970325,-5.345919835817921,3
0.5069883257066595,-2.0652409456660914,7.846522418015376,9.880447571128034,-1.0698388425683318,-2.1860289133677036,-11.00834637028037,0.17766444272608545,12.74869627400296,0.18439459030832195,2
-0.5358921254565667,0.02191519535617381,10.644586688615751,11.615406895774484,-2.468133855792198,-2.4947012737489405,-9.214141329717078,-0.4945076198470754,13.637142528613351,-1.182279674284406,2
0.5124401672154529,-1.7738544397360632,10.035426451944108,10.209744148798693,-2.5885518348217404,-1.9583315845520348,-8.606150106086892,0.13386545801381353,13.332317301414953,-1.0942791061766797,2
-0.8545904346457899,0.09302961959342355,-0.6292675989255446,-0.49420745484327605,-0.32028461276627407,-0.8965651774042779,-0.7166499098199567,-0.688435443944254,0.4228788467533307,-2.7742201759848144,0
-0.5870218183512091,0.4960923380768729,-1.4325966297915411,-0.26050058940633264,0.7346328547273364,0.36912365433735395,-0.46262462005165167,-0.23202451041663838,1.0353346866922113,-1.2104016960234212,0
1.4266714386724717,-1.971468468588365,10.898579477732367,11.62550010918063,-0.43589469516592616,-3.2939414154879736,-8.768810229175411,2.5340083268880136,11.731055235716076,-0.8732287988644826,2
11.717794554050394,10.938688346004216,-5.617434320148726,3.9233530787701185,-8.882171549802443,-2.946421296575274,-5.796586742438658,4.979829356226244,-7.020217443783929,3.428707001915421,1
-0.44094162114149793,-0.17617117311592656,10.415297122243981,8.563870217267525,-1.9943923330264908,-1.493875790520057,-8.792031721438118,0.6404565704696827,12.500386815296576,-0.5307042945688516,2
-0.796796410279238,0.22748088082566342,0.6296701710517916,0.06359628254429475,0.09471425185727866,-0.4984944040360237,-0.43218581704972403,-0.7924703583578975,-0.5186016516950283,0.5946755918349974,0
10.865254786661964,9.668695879968627,-5.278013084976676,7.20208913673255,-9.529344657031503,-3.494068127115553,-6.045629637023869,7.8055404477853045,-8.26852533284834,3.594805910056179,1
3.9028607945431584,-10.388722323297422,-2.216607897719112,3.2606996650613302,-0.5772176083760268,4.099466665879634,-4.02385973036225,-10.047605878317624,9.216117563042335,-4.499183072411913,3
12.850852123032281,8.901187855015182,-4.930957436831716,4.2324055157276605,-9.01807173773894,-0.7717108345472377,-7.313399810803415,6.089343179727278,-10.09454980074802,0.8862653879757263,1
-0.8382224675450686,-1.6295884356550616,11.85393702488392,11.86871089148728,-1.0845547509775648,-1.2141236203364867,-10.116626125776737,0.4979890297626846,11.289255303600992,-0.3363138445695672,2
1.825537038023988,-1.2392874673043803,-0.6243376512561662,-1.120691582383748,2.0413160322592208,1.3522441416460782,-1.422121864330431,-0.8255810416535906,-0.791658658455098,-0.5507270177628557,0
0.9932539613271925,0.46771861697624134,-0.47180479742235776,0.058753176876907134,-2.07482191795682,-2.1505243870347823,1.977126520521058,0.5065262183396557,0.0016620642592542914,-0.39695618400826194,0
10.872378642326938,12.274388792502918,-4.922853199249117,5.693815697235785,-11.405183035266335,-2.87995867066384,-7.865246776772139,7.001159052738829,-6.3440060500407025,1.1263038035927955,1
3.7569887696186717,-6.003492842181949,-2.3848542078518205,3.1586266526499873,0.8731103700103492,6.990805024869873,-4.589807936303837,-11.178390844972542,6.621785982881397,-5.061161750953933,3
-0.7478440647007528,-0.14782546915230943,10.755310038886458,10.739236122549924,-1.021345513005392,-2.220540233729829,-9.698319350509488,0.0688878960819786,10.538433141075398,-0.02515948079187902,2
0.8014913647393166,-1.4922574859335989,9.279296804771418,11.7903321242018,0.9331263315408486,-2.6890980554425203,-8.460802721785207,0.9539429663515209,12.322755688041083,-0.7180988784336118,2
-0.32151280841649044,1.8742760906059859,-1.1297478180046072,0.037437068793705765,-1.0626730249285117,-0.5410247713960286,1.736115949895032,0.28144505572189316,0.2693705951883843,-0.9394812281278543,0
-0.8797974329078807,-1.4594222584831473,-2.01262191651977,0.09945189691266046,-0.2174163855152364,1.0309566491463393,0.6110845634455472,0.29020122458503783,-0.27136719546274957,1.1099772721976666,0
11.233187285517548,8.830580613819619,-6.457892821514959,4.982939438715915,-11.00589224340241,-3.782904327344875,-4.111876815219726,5.3311339684432415,-10.054761857585635,3.1448662087845904,1
1.0663055674688349,-0.5597191599556809,-1.3081889298203062,0.22663641748209828,0.25236883678735456,-1.0170494529513343,-0.5060459071847999,0.15057652064562613,0.7459864966917888,-0.6488724534890523,0
4.438670270791605,-10.060604898866147,-2.0973518400722826,1.5699429894112094,1.4248807159120702,4.517061683926851,-4.126427416579908,-11.478585228746716,7.2735407974255,-5.082419117535584,3
-0.5540677974289097,-0.011433916632377413,1.8468659154624965,0.31791246509917653,-0.7670860872630427,-0.31721010251660037,0.9241967744425039,-0.7535168417399671,1.0969784980014907,-0.5230512780473956,0
3.6496769701134957,-8.504012215345892,-2.244722934313483,3.2805112829221086,1.3097535246436816,5.74897056079006,-2.9231712512729526,-10.932904987620976,6.18618226358714,-5.578665862762041,3
4.466240527536206,-8.38482414647455,-2.0669743242510887,2.7966900882939845,2.10981103340203,5.959804988864757,-4.177361858150903,-10.413030360702166,6.147121721096424,-3.727531618682833,3
0.4246391584823162,-1.622280087169553,10.143742619304412,10.871648155415729,0.8395999795248988,-2.9000837754761193,-8.31739353956374,-0.14110947730203477,12.464510696448219,-0.8927794514932447,2
9.036900163631035,11.529250804567935,-7.687813650015475,2.410222431894999,-10.289719484251759,-2.5656852202124956,-4.146096667042026,7.265138069425218,-9.744881197093338,2.424231873739905,1
0.42745823725429066,1.147692183529601,11.453970333231885,10.763058310464572,-0.2521472165607357,-2.160891464212952,-7.61977953009222,-1.6578518447789279,13.650412612169808,-1.3176602263530703,2
4.947693436092503,-7.896805344685464,-3.2173086435793525,3.4116802799756805,1.0097549222928908,6.8359471001815,-4.231985451781345,-9.213940117483217,5.831912416942564,-5.8556907998252505,3
-0.1670379419807534,-1.6999311750264563,9.598684963917504,9.300179537606043,-0.4371929172690148,-3.3436114415510936,-9.589483474266247,-0.0866825531857486,10.405778702556681,-1.5462763734388973,2
-1.2095834647767567,-2.5062793016472913,11.176878273380352,9.935974384180666,0.027557199080568195,-3.54737278402831,-9.223891062054443,1.2421491572673775,11.985897853981804,-0.479907325642743,2
6.383481358305804,-9.321689510816652,-2.4613886307136363,2.0272190583521654,0.09650731333954976,4.6685441660372895,-3.412218078029101,-9.69702909125897,6.266895040876247,-7.11372113320636,3
0.7064056244338486,-1.2758756158061375,-0.8964366752815985,-0.7103980236691914,-0.06403686176641572,-1.6831528060364036,-0.8789070477383408,-1.3855815130220728,0.40048213421011625,-0.029674942332264656,0
-1.5540759979695884,1.4552604937184808,1.0911490925355023,-0.290737219804481,-0.6488729993676847,0.8318276221453004,-0.7877401608956308,-0.7379979499461239,-0.023868404004728505,-2.130233595786918,0
-0.05259833656866505,-1.9277552593431986,0.5966479047345142,1.0668946186472568,1.4421061167681433,0.18852209286478902,-1.9133093709277296,-0.050148570806248335,0.43678989402435897,-1.005146254684147,0
4.207481358991984,-8.37514097115361,-3.2746072196704117,3.7837885132412428,0.0569413704248144,4.387839896728993,-2.855837752052283,-8.329454965340334,6.2356166417617205,-6.863420815842049,3
0.2843817695252297,-1.4431574717020381,10.611719950246675,11.98508238183118,-0.18920010596506276,-2.8991691567196662,-8.73955288957744,-2.6052951659339336,11.620176287969999,0.167784485212787,2
0.43592691325377275,-0.5620158738323275,9.634285921212832,9.550314152606397,-1.5109865446207253,-3.952329829102857,-10.23054324462157,-1.1281768866779276,12.565124515031076,0.071991592789313,2
1.523277555080837,0.24587607060136718,8.853945808872172,11.021962836468875,-0.230382971018823,-3.1653139070871905,-9.10232536276336,0.13084467590565285,10.639888559524934,-1.111328675709242,2
1.167164017474378,-0.8256954269006574,-1.987975666807605,-1.9033204770303203,-0.8086615039557069,1.8896344255575415,-0.4105620749225392,0.14524395007345442,1.30333686620339,0.11032136311168815,0
4.4164605725315536,-9.294876705554353,-4.082967462684865,2.474944597317393,-0.2248499956334712,4.4403682587360125,-4.103982499493793,-10.57795679221223,6.588846264271448,-8.670049100525112,3
3.189675914731951,-8.711393276482305,-1.2330402094494102,1.4566745052476435,0.04874641667463342,5.874191071358988,-2.692556832130827,-11.220471817241968,7.896161469565013,-6.051592692728305,3
-0.6532959778593946,0.060257677332475244,-0.2877229739460477,0.13026661886902416,0.258912747542776,0.5275150157556011,-2.9011387818174086,0.36649866588694,-0.398921029216647,-0.7049379142316038,0
-0.9089119979681285,-1.3397985105770847,8.493088193226168,13.218179092104705,-2.206704718638726,-0.9229105600128642,-9.161763103425848,-0.5920206704472606,11.470388796057057,-0.7583512999795814,2
10.284773627908935,11.071135755041155,-5.804148734638664,5.784400680914194,-11.562001599628914,-2.0951091088231006,-4.503696594358165,6.173528145080385,-8.241485227908624,1.271829671522016,1
0.053540630615501135,0.971609563251387,0.8664175854545542,-0.7693345840912993,-0.030354121863649188,0.7940963749594439,1.035736507429506,-0.6611566846541527,0.7081644548002397,0.33114650918770105,0
3.659931352562772,-7.921534375211,-1.7718015083717802,0.8392707533225132,0.8094188152065942,5.321312410024941,-4.533241713398647,-11.694862200957937,6.044769922692199,-5.80395352826823,3
6.760137327805176,-8.27855211196824,-1.8175714019535372,1.7751013630188486,-0.5398941629496461,3.6511280988151613,-4.90618088998021,-9.8214674932763,6.12952905885665,-6.8869246474849035,3
-0.5297764708428292,1.0262564262709848,0.5337032009686378,2.6923785876469704,-0.9808584364242914,0.03311461139173281,-1.3834923725342911,-2.2224407745903245,0.7227209794531527,0.49661538296735624,0
0.9408324554013862,-1.6117446908090867,8.741714856773761,11.465362460843425,-1.1998649250715843,-0.7147742278947018,-7.74322907273353,-2.348200112328233,11.79215347051432,0.30419444381291605,2
11.874463953360694,9.541500774158003,-6.048289223798294,4.6284864894444375,-9.149549543494993,-3.473007712456417,-6.778797217994097,8.232485519013771,-7.719250646690811,2.496772653392783,1
-0.04777370122926351,-1.6803601197061317,10.438919916010867,10.181523582196695,-1.3417821404338186,-1.462526681630424,-7.880062211759361,-1.067659499190122,12.545397781069518,0.4754796332537987,2
8.078679822072562,9.397062431203864,-6.323322573924463,5.0622736848147944,-9.142362319042968,-1.132773567442841,-5.318438430922407,4.863993033990569,-8.258491725071668,2.171551287592305,1
1.8825468783742092,0.3738618401411089,7.858332324779376,11.714165195126567,-0.288157177517671,-2.7327790758215826,-11.003422540754523,-0.13919077571735755,12.083501098343572,-1.8792669276407687,2
4.8183672042041445,-8.280341621666926,-2.014524154326768,3.0013330919256846,1.8097127865482003,5.17379155442118,-3.6467788583328886,-11.547293289303202,7.946933225757074,-6.557314762678984,3
1.9119413637097606,-1.4638280797310723,8.079852510204512,9.901176874350181,0.09313509470229442,-2.156867727060412,-10.446012595731455,-1.708976899699443,13.140174546159344,-0.16382948033914735,2
4.435654484676803,-7.156506539852542,-3.269405664816453,3.8575355078379254,0.25140360561790887,6.178169603705338,-4.887222162240432,-10.26919582916894,6.961161268157447,-5.139779830402416,3
10.746348330668205,10.641173246566646,-7.853788015307254,5.442244583162513,-12.279828315860314,-3.437502958333234,-5.0430270618838,4.402007174399355,-7.577824374014751,1.2047555636669898,1
-0.38647913787425997,-2.0758343974058975,-0.43508022533001894,0.773000929379386,0.7025508977181786,1.3426701094126017,-0.3968310338695123,1.5809252429467635,0.18506783045196099,0.6044131625636804,0
5.39884942699371,-9.106634037519933,-3.421982798237086,1.0683442783997938,-0.7004794346973247,4.1336640854515165,-2.8416303671999357,-8.82141639726509,5.9739566687612875,-6.017668198577448,3
3.3219477833807702,-2.26562045405331,10.458139138567862,12.058056312633955,-1.558552033724736,-0.384241949284162,-8.676335984806203,-1.7722503528799027,10.433946915970271,-1.3527665780964369,2
4.9113748710332175,-7.593343078801539,-2.842190824610264,3.339137784456411,0.4720853818675287,4.023163860806409,-3.8681864285098064,-9.04589124803922,7.864862741714226,-6.609097625144143,3
10.430115123752879,9.14355357227617,-5.624485721259361,5.782598558072521,-10.466424523207477,-1.581296695682203,-6.611343601065339,6.568566012035289,-5.637693570554399,0.985536649359875,1
-1.69273284103671,0.10024196481197747,-0.08807214909701203,-0.45652176176810966,-0.08078194172861485,-0.5421968218490776,1.2431554118624077,1.3424938066667251,0.08813527114702263,-0.14114501348629035,0
10.862503662801897,9.902891045140985,-5.520754963277268,6.386548373398404,-9.698742609564412,-3.1048210657569117,-4.95252337692641,7.16592504882055,-5.699339239989064,2.4189681663129505,1
-0.47459896860377837,-0.46960465648185074,1.2172750898905649,0.0454111731176399,0.22505538920960913,-0.4571599635514496,0.8569393037181088,0.3550562782389196,-0.30892864434973827,-1.5842838926266432,0
0.11912109791789109,-0.4405454580801205,-2.0365423725217693,1.3008080298971942,0.7230800334764642,2.0557213296982515,-0.5963798359904068,-1.4544502643780077,0.9947552852644237,-0.18805991740035116,0
5.171008384997231,-8.011356323891134,-4.0635696799749175,3.941119016556524,1.2250376726813634,5.671345816857277,-3.919687084581763,-9.737341966430893,6.001602019863321,-6.962313640072635,3
12.818253342537774,9.072263093767793,-5.560812976732719,3.918308939011207,-11.061708570874574,-2.7703923566921054,-6.39802217791137,6.50509219349417,-7.30405420510807,3.6694758415650264,1
11.072791707430861,10.53985838563772,-4.281505849498913,3.9337626772327394,-9.640916298105742,-3.084916198915279,-7.780621867600248,6.892052583251864,-7.144864083327718,1.026858714105928,1
12.061235218751344,9.675419950262459,-5.806864722519956,5.303271786048589,-9.887325451233387,-3.709113163933231,-5.340424965492015,6.736450672133057,-8.720623276033626,3.4820282454435265,1
2.615879635456807,-7.354956818336662,-1.9925936324829927,1.8119995313542194,1.0438026665426787,4.718892241360521,-3.12406591572469,-12.300167393951428,6.379936519192021,-4.436178833223381,3
-0.2407008554310365,-0.3991294546683991,9.471330107045793,10.855430164936445,-0.6908184477998947,-5.033023072702102,-9.84906658246257,0.9601099553127364,10.82508543772332,-1.8432440409947994,2
1.0936904388493114,3.0934295306709054,-0.028947314811212464,0.6141921562419851,0.4768625848820571,0.2251036591740787,0.7878960241588959,-0.24809503187266307,-0.6625441002745424,-1.526322771430508,0
11.44832704663869,8.62840824570325,-4.824524084412617,5.155539147711462,-12.574076309237885,-1.4383333303499113,-4.6920064140713995,6.754177231864896,-6.109541633034928,3.42656911604739,1
11.841535838536881,9.114238210768765,-6.420861230068241,5.545537946749864,-9.02054364016032,-3.394799385217113,-6.776746468613814,6.378420269689264,-7.277403516253555,1.8553742833849325,1
10.936690597439906,10.375258057447933,-6.865784827449692,4.069149742708263,-11.43550166972738,-3.3526768803196574,-5.852670342464755,7.444767882121971,-7.702872936773479,1.2917936807497468,1
4.728147389489575,-8.781765130254977,-2.0667462248520074,2.406199815827171,0.9119725275934902,4.688082395596275,-3.067026056237517,-9.15310655267649,6.2964224327133875,-4.7146689037752685,3
-1.9813477294169022,0.24232415842531374,9.912626786305255,11.63514427322593,0.06479162065463595,-3.520777807009758,-9.894325710181352,1.5886583320780052,10.479247443326326,-0.41148754077821004,2
-0.13111488213757563,0.7751791387966951,11.33331495597154,12.10494098920516,-1.873807118784672,-3.9506666703277684,-9.88440656863583,0.13992850937261153,11.07425711295882,-0.7450035098642729,2
0.5314047812008672,1.2717061892697048,-1.032397649633179,0.6072716154076987,-1.0650410039926135,-0.2116995898390602,-0.06196300723527569,0.8625709140489516,0.7449533884003442,0.12033058771163876,0
-0.4340118125670084,0.02068850786661747,-1.671856613136305,-0.7184313326196915,-0.7867551271022283,0.6691239910292981,-0.5713697592877345,-0.5424755499398202,-0.37792336028513973,-0.7486447025153175,0
10.707492759852771,10.480073311804743,-5.629976001613935,3.0160935600842,-8.473036200897942,-3.579506755352238,-6.834985428531543,5.776237964763139,-5.213057885467355,1.3223878249546939,1
4.6823904365335345,-7.705864064198993,0.07265507192656129,2.8425259848543294,-0.6575051124216595,5.1927167360476245,-4.2566971175765955,-10.288653315404508,7.883694245201569,-5.112814742701257,3
-1.406706926457167,-3.3470744877807643,12.168395561629783,10.553242615979121,1.0727451431766175,-2.4300513029626254,-9.946328271650101,-1.7556288016629973,11.323066104093538,0.07179661166726303,2
0.3835267766862583,-1.719501311329209,8.799043529871764,9.949197105670706,-1.6320558809461232,-2.0625086096982512,-9.256031807904977,0.41692751733321204,11.713569135639128,0.24255544802250517,2
6.025008845292806,-7.581365897230426,-2.8020477173471896,4.568749015532124,0.627547109370857,4.131257360723384,-2.3943697240731003,-11.78092204802179,6.331644019365554,-6.817552456897799,3
0.7990681225163876,0.6989688004151218,1.1849112872234322,-0.939698419573509,0.32480582521012286,0.11163002124318142,-0.9576318474797533,0.9467665679065806,-0.2415459993093825,1.1527323912523346,0
4.359500369375489,-7.709974749306979,-1.593723973414001,2.925482610078955,0.708708109337278,5.962324472507407,-3.949967749404118,-11.0620557625413,8.350780195227262,-5.894657125445642,3
10.75465591787286,9.176873584801164,-5.511905583397118,3.9774946379784133,-10.48391202147391,-3.2470134977536644,-5.269780873531504,7.524253025752918,-6.594927345611452,3.8653922850725055,1
-1.2352933238856838,0.0419784333766009,-0.07851530083500619,-0.6455805425068946,0.09235683676401318,-0.6002865759627902,1.374307068970737,-0.6266443213274101,0.7919789400131583,-1.6553863876201644,0
10.468243859832596,8.876284570669238,-5.299713552959743,5.558744739907226,-9.317574336942956,-3.1749808470121867,-7.443069720815061,6.797321540875614,-8.459936969976262,2.4727310528135233,1
0.7626736387665549,0.8178578781761044,1.1011776699620626,0.11843727708998884,0.26316498086964685,-1.013908546259582,-2.1745753127845444,-1.4175825835778983,-0.7018375516904384,-1.3597045513308106,0
0.9726888543025767,-1.411219231132742,10.3470372459777,8.6349694561711,-0.6096231856837497,-2.3568361093086714,-8.823183732204827,1.6843344412166827,11.701732477659489,-1.229926939691797,2
-1.4407362512974415,-1.0471510231690915,0.17469430219952756,0.176560999854937,1.0425312731269996,-0.45035445720749606,-0.24403602850164244,1.125321305966439,-2.1250949013876346,0.3174529469170262,0
5.546891864517022,-9.331316468460942,-3.6584022819475166,3.9739561031339363,-0.7675287258725592,4.645368818606207,-4.610297414765699,-8.863201322003976,7.8762962993002645,-6.438573989907914,3
1.7902287159670596,-1.8134046324099207,11.0888380066726,11.254492502692557,-2.173812443977237,-1.864131375513782,-7.512563043272494,-0.43554788145121326,11.029884171016029,-0.4439513969506462,2
5.925833846906837,-7.465260090140853,-3.1648424551847896,3.1677749349757383,1.5925011210531657,5.100836287220969,-4.004578506614124,-10.598018091109797,6.842566306822863,-5.560553251657146,3
-0.760982233240281,-2.3227759123479226,10.131449383365585,10.788849073939422,-2.2137281519575027,-2.0347261120735896,-8.751312354210228,1.2957497757665273,11.243300399237352,1.3140096778953614,2
-0.6146097112651743,-0.0018460883641200111,-0.8479267034837824,-0.8773757845800412,-0.836341302998555,0.31885558460594066,-0.00044939868226160235,0.05263122789364539,-0.3246328543608767,0.5486998998606691,0
10.185292558141517,10.074631606824385,-4.578229790940247,5.090726344204165,-10.482423364364028,-3.2189518041652865,-4.119287498599533,6.222161027908913,-5.254081341950745,1.3930655676227048,1
0.13934905294645542,0.6849794045302651,10.039978864309631,10.256991796527247,-0.5817960593922868,-2.7920385592906922,-9.26017614941728,0.00374810468252057,12.349331892342867,-1.4454122274520733,2
11.570182877823402,10.836924868640878,-6.635556625293113,5.390395567686123,-10.481825082047923,-2.232704981777135,-5.2518522401296535,6.0013723537988195,-7.8504929797790135,2.222873585801027,1
5.70612623878835,-8.523013613761025,-3.293320023549906,1.741496204155879,-1.0383336244398376,4.501197546280749,-3.8704211790065743,-10.519995262993644,7.274180644028618,-6.085663497343517,3
1.8673899017525326,1.0089791991299037,-0.46353163084920995,0.7815655538821751,-0.40208972546721494,-1.1050673158599744,-0.8990390621219452,-0.35817840413774565,0.10395967896354393,2.060581152575459,0
-0.7022554489483605,-0.19764828360014783,0.5568494019360792,-2.03232092433206,-0.9315260487896285,0.6821376663389751,1.2088776042161127,1.0210487402680122,0.8932933122477806,0.12974386267144122,0
-0.16316213583724165,1.091179313594536,0.6949395864306234,0.4047438037454619,0.08883309890077759,-0.5488186913802184,-0.3067536641615389,1.0646711244368772,0.9705024945362163,-0.6485724296954335,0
5.606172710442218,-8.41159533207575,-1.5628538911822027,4.015616903779191,-0.15042499539304632,4.96634169526331,-3.8441034064101527,-10.565376592564714,6.162941724786316,-4.5027300867497075,3
1.060328069032085,0.9391168196035135,1.508063646152072,1.1228921233039248,0.6285179141007702,-1.143660799663702,-1.1432683228290843,-0.24813440326135078,0.04675368604771875,1.3980015312032619,0
0.2555177566413748,0.004340865049522787,0.7421949800691044,-0.5210019390072009,1.8853823160146332,-0.9280129676882737,0.8113881199171586,1.3786714173035888,-0.17662175396040314,-1.1129773111381638,0
10.245024834034535,11.411881275929598,-5.358058685959332,4.610621941604071,-10.69100024293966,-2.456594987738444,-5.325392612048071,5.8825156163694565,-7.907505626478529,2.0078805758217486,1
0.13015262594226493,-1.6778744621807302,9.54991562223558,10.644646624402121,-0.6339516970641449,-2.233339003294579,-11.277570412182676,1.5393204744969136,12.657106089441214,-0.9764615932056742,2
0.08029734004988322,-1.9516998369212972,7.8522666557831515,10.532877638899516,-0.5312382298902288,-2.40396538588329,-8.928153893816758,1.0233259831511154,11.361950753722684,-0.9990425130438586,2
0.910476612614847,-0.8782496422798909,9.396339151253233,9.274584510352216,-2.447883812287483,-2.0329506556525647,-8.225277543357135,-2.3286151086057028,11.112345989836802,-1.5430404021104316,2
13.203331157922703,9.272507223483073,-6.133278553546742,4.907913919402968,-10.618086989126908,-2.1853438564943817,-6.205007056113473,5.020952400492149,-9.533645697722056,3.056614036300204,1
-0.6120562264634115,0.7565180985410257,-0.002479831123160667,1.1161880644338484,-1.042539447482884,-0.9030632390960045,-0.28100531403006856,-0.19806649752477593,-0.35455702869701056,2.6314404054265177,0
-0.36917579500506115,-1.9133464565237528,11.21176990748396,10.605989247389324,-1.9447547592548373,-1.603673430914601,-9.335567076303509,-1.1714178805335556,11.814935307455288,-0.9305085395300511,2
0.6361621970425685,-1.6064346014948447,9.626338977051818,11.033265884973945,0.14512280334367678,-1.155360004801994,-9.30082623165806,-1.289901455396939,11.430328903980001,-0.6989066296988798,2
6.066068705374745,-7.41857667622639,-3.313436048320529,3.2995802319052836,-0.4769505549390223,4.455392788357641,-5.7210686636015655,-11.848508287045616,7.1142396634447564,-5.146673229590667,3
4.633466494693676,-10.370711656463806,-4.277045171117437,2.7282921415004293,1.632738940662561,4.162568523224204,-3.807206658954559,-8.882022791054789,6.336061321409575,-3.8640460065429494,3
10.234382489079948,9.33419973119323,-6.479099357572064,4.334824533271728,-10.058177251020815,-2.132990936775971,-7.042186763990723,6.742184843097622,-4.598543532005951,4.120326505213524,1
0.9217899980868994,-1.7290018328672256,11.064763476998085,9.890185484493887,-1.8746880868425135,-2.2043404833472993,-10.38299792267789,-0.622055487956413,12.098293351132536,-0.4944878421907667,2
11.786381481223872,11.095938697892354,-4.97663693187785,5.332787347945074,-9.634673028676165,-2.4325789473464092,-6.510827060527038,7.866133160560432,-7.641721549887275,1.6301621473144232,1
0.5775801803319217,1.302985498716921,1.071023946360768,0.3272892692834113,1.3857894223598075,0.18791471119191736,-0.7297752831743629,0.014819231562963215,-1.0061669124151313,-2.1017043281098022,0
0.1860133781990939,1.0605923359823668,-1.8266600170092235,0.14100747969903676,1.199642032783947,0.05929422707209649,-1.1423396797667025,1.0075073948266526,-0.6483102701436957,-0.8243230120628784,0
5.508657062309072,-8.23185119223003,-1.7156400926232866,2.8064872018983364,1.3063567033721295,3.5370780010081404,-2.7735712532377,-10.493428547832627,7.830467097168884,-5.869143088933807,3
-0.13749859554862232,-0.6801652620717419,10.819317407978623,10.983747075514517,-0.4748284445237395,-2.1761768629770293,-9.92732220104817,-1.1548983582339958,11.012243197834724,-1.1904160031752757,2
12.174650760604623,8.490398985038508,-5.630629627705862,5.7102683385473,-11.623201881368294,-2.58443860649788,-4.572713062805786,7.472917345221752,-8.14137814301511,4.120470628443652,1
12.63346034405103,9.915107872300846,-4.920323262997741,4.882025223610772,-10.261582488105047,-3.3189838621824186,-3.636526683501625,7.158521239549977,-7.222499844277798,3.346396170614435,1
0.9313063499887717,-0.0556208104417203,-0.03374562179804049,-0.08716662708650699,1.646850086691784,1.5188776888298205,1.3507610933991867,-0.08504164425883806,-1.1156249124899373,-0.015979442883914056,0
4.004754230350265,-7.137662855108035,-3.2128858641651363,4.16225006166622,2.0292064545575466,5.39911609410619,-3.9288679246707954,-11.337704688695002,4.7381690851984555,-5.077017616921079,3
0.8395773748118313,-0.05842854325435377,1.1287067208503205,-2.0348954834495037,-0.32160908753101564,1.3371771663549992,-1.1268816461321651,1.0348098433880861,-0.23569038306016202,0.4341294250559228,0
0.4123411073053145,-1.151892448033606,9.169772614523305,9.332945964329584,-1.1033417492905695,-4.128497608287166,-9.35910234956844,1.089999801640988,11.519469043108849,-0.6130904155584883,2
-0.3148450103880933,-0.83258832022208,9.764016489535178,11.012295027685397,-0.5430989784770821,-3.26846981318434,-8.513367049601039,-0.9801492944670089,10.72409476798624,-0.7976799585421982,2
6.046770670071145,-8.075319330469194,-2.5424132954579854,4.244957086365787,-0.7640351847061588,5.115852126576457,-3.26287128650361,-10.722549973942243,5.987026027295203,-5.688798077927463,3
12.070185234129715,10.77066659471378,-8.085959649264467,4.589729649253868,-10.330396945396988,-5.041890509543965,-5.337635289965276,5.887623837980248,-8.950032434961388,1.9256123284458235,1
-0.23316627201193238,-1.4550005554756993,9.798597629660893,10.135873628458262,-0.8479411724848517,-2.9788975984281527,-10.300010067728085,-0.2636154120679265,12.153781176998587,-1.8914504726311734,2
4.744076664212471,-8.587227660598598,-2.798145903802288,1.2136106562930107,-0.4600005298471421,3.7440636592222147,-2.847280832100408,-10.32823136220016,6.449557308942684,-4.511334830136423,3
-0.7078578060367318,-1.6493373912720526,11.11078449712684,12.082567723542354,-1.7629701797140283,-2.1925224012565256,-8.912826130138834,-0.21456394292564723,12.85008288635369,-0.9246986589553183,2
3.714674234153226,-7.435992816952834,-2.0218258082775,3.0031310921002317,0.3820946674086344,4.242537999822323,-4.694973368422954,-9.133996119928911,7.559277230709847,-5.048242038980077,3
3.0067514590951676,-8.618938317709496,-1.937775467333295,2.4843863951810405,0.6051760733359699,5.672615716558503,-2.5599742839671356,-11.422523924201485,7.402582391063502,-5.051934513189639,3
10.385376081104761,9.261777602012993,-6.785520282368562,4.033405366903056,-10.230491656978884,-2.4062665679514814,-4.474541096642981,5.653903391556195,-7.721119907595956,2.15840463999493,1
-0.09173453679347807,-2.2894865182488835,9.468377084649616,9.009814850571164,-0.5876244835186472,-1.707404297814214,-8.704350801899722,0.3755484453673116,12.058532841978298,-2.2987014682227316,2
-0.10456458181925563,-0.8697562305561061,9.49571436224703,11.483935717709485,-0.3830277296513275,-2.3525715751581404,-8.907590108346536,-0.4020045994381033,11.49551716172829,-0.9599230843828546,2
-1.0463604651282052,-2.149313550918133,-0.8246998603567915,1.3334884995050678,1.8234914692994408,-0.23790075176917547,-1.4609592542823513,-0.6484135750028399,1.137805822697871,-0.5910131735271067,0
4.713584908492579,-8.432221496906125,-2.105705617912148,2.3626498159450375,0.6503745983312286,5.810036226046619,-2.617384271697031,-8.971743560226402,5.622987343121931,-6.57952048032849,3
0.9125340620165922,-0.8827510538251663,9.836151754753667,11.53908052238938,-2.0437152985185207,-2.3410104789294164,-8.793240748262965,-0.16686845379082815,8.615214282749806,-0.43338842680861633,2
12.12807543979519,9.09447971661333,-6.483722723193075,3.8558886818357427,-11.0029431826691,-3.4854846417924965,-5.1306389280800975,7.4627840651195285,-7.356437029046955,2.4986790475675846,1
0.7620686523052759,-2.04240655629648,9.09806241435626,10.298454036614784,-1.5007995001496375,-1.5733375515736392,-8.235723495306795,-0.7290411390989461,10.852015523197998,0.08238587787322116,2
-1.786603072697699,0.546599758589076,1.6287680875747823,-0.8557350802680281,-1.5698709089001601,0.45491475108002216,-0.9231741954719951,0.5366465784709282,1.1514795942038418,0.3306174956029355,0
13.274744902776145,10.454325531383507,-6.740983414021632,4.32499841352933,-11.651231458424146,-2.046598366414045,-4.240871520086241,6.057282905823754,-9.605699872672476,2.9365711824987772,1
3.755076861202462,-8.559719499125,-2.3941858424964244,3.321360487227822,0.7385419948242848,6.721945585020119,-3.3800625668232622,-10.649215232562225,7.68842017957716,-6.503526915536084,3
4.571601466802747,-7.5147468517819975,-2.6310082154080363,3.8179901504450378,1.2792002863984222,4.093104338253135,-1.5665244280649477,-10.178787711044354,7.16034429004426,-6.61036335417728,3
-1.3439689817701164,-0.9873106754887971,-0.1937473008614538,0.02357624443051119,0.05192987730453137,-1.3593238066824391,0.04182777050348789,-0.7173706948704426,-1.1663176265903294,-0.01099604841136882,0
4.334247639126924,-9.358237678103784,-2.147103529645411,3.4768802042667604,-0.20896230226762458,6.33847348318786,-3.918931747026288,-8.668398237878847,6.472917337922937,-6.738531994428864,3
3.7582907330750466,-7.9481051720742535,-3.8037814406970156,2.2575273043684603,1.6075799336968242,4.153381497237726,-4.863310237373943,-10.58715055567847,5.901331462270169,-8.378840405611147,3
5.48252573114703,-9.052716678295972,-3.5791756293123145,1.5333483163528139,0.2922193423634442,5.202184530641646,-4.0882117634358455,-9.800729459393148,6.666984281217672,-5.007392923386485,3
-2.5375978756813287,0.19296770277017825,-0.21444378383240253,1.1184299329314042,1.5479870536747384,-0.9288460170127683,-0.8837104358968152,0.2304966212117137,1.7337626915215416,0.060144677283016076,0
9.92315496291265,11.888350937679615,-6.525156049321381,3.761574040106722,-11.388948835681562,-1.956390272398291,-4.267606143518267,8.17607975938728,-7.72898498966932,1.589227715539613,1
0.03933912677746302,1.3931686371674725,0.05332166842880583,-0.6693825346535526,0.14700204928509752,0.6562231375357641,0.5362534949056986,0.5528239480716095,-0.8266776791334302,0.7701035665584568,0
1.107919870335175,-8.00081383529129,-2.098270031519337,3.2265287647060954,1.4730211438050547,4.383031542092456,-3.0667174667346484,-11.169923843217646,5.902158499264779,-6.649241999496814,3
0.9051038520097082,-1.381539795036363,9.535779212345023,9.977940308161426,-0.27178802380249645,-2.285263648047844,-6.828432123373171,0.03189399166466064,10.513217415495268,-1.2092860623454438,2
2.2588271219081886,-0.6783067325151962,2.102436676981838,-0.25620957213998447,-0.3409167060919351,-0.2473277330778225,-0.4007896449794901,2.524396537823222,-0.0763631993206342,-0.3022964325386896,0
